const int PATPAT_TOTAL_FRAMES = 40;
const int PATPAT_FRAME_DELAY = 200;

const unsigned char patpat_video_frames[][1024] PROGMEM = {
    {0x00, 0x00, 0x00, 0x00, 0x00, 0x00, 0x00, 0x00, 0x00, 0x00, 0x00, 0x00,
     0x00, 0x00, 0x00, 0x00, 0x00, 0x00, 0x00, 0x00, 0x00, 0x00, 0x00, 0x00,
     0x00, 0x00, 0x00, 0x00, 0x00, 0x00, 0x00, 0x00, 0x00, 0x00, 0x00, 0x00,
     0x00, 0x00, 0x00, 0x00, 0x00, 0x00, 0x00, 0x00, 0x00, 0x00, 0x00, 0x00,
     0x00, 0x00, 0x00, 0x00, 0x00, 0x00, 0x00, 0x00, 0x00, 0x00, 0x00, 0x00,
     0x00, 0x00, 0x00, 0x00, 0x01, 0xff, 0xff, 0xff, 0xff, 0xff, 0xff, 0xff,
     0xff, 0xff, 0xff, 0xff, 0xff, 0xff, 0xff, 0x80, 0x01, 0xff, 0xff, 0xff,
     0xff, 0xff, 0xff, 0xff, 0xff, 0xff, 0xff, 0xff, 0xff, 0xff, 0xff, 0x80,
     0x01, 0xff, 0xff, 0xff, 0xff, 0xff, 0xff, 0xff, 0xff, 0xff, 0xff, 0xff,
     0xff, 0xff, 0xff, 0x80, 0x01, 0xff, 0xff, 0xff, 0xff, 0xff, 0xff, 0xff,
     0xff, 0xff, 0xff, 0xff, 0xff, 0xff, 0xff, 0x80, 0x01, 0xff, 0xff, 0xff,
     0xff, 0xff, 0xff, 0xe0, 0x01, 0xff, 0xff, 0xff, 0xff, 0xff, 0xff, 0x80,
     0x01, 0xff, 0xff, 0xff, 0xff, 0xff, 0xff, 0x01, 0xc0, 0x3f, 0xff, 0xff,
     0xff, 0xff, 0xff, 0x80, 0x01, 0xff, 0xff, 0xff, 0xff, 0xff, 0xc0, 0x30,
     0xc7, 0x01, 0xff, 0xff, 0xff, 0xff, 0xff, 0x80, 0x01, 0xff, 0xff, 0xff,
     0xff, 0xff, 0x9f, 0x9d, 0xcc, 0xfc, 0xff, 0xff, 0xff, 0xff, 0xff, 0x80,
     0x01, 0xff, 0xff, 0xff, 0xff, 0xff, 0x3f, 0xff, 0xff, 0xff, 0x7f, 0xff,
     0xff, 0xff, 0xff, 0x80, 0x01, 0xff, 0xff, 0xff, 0xff, 0xff, 0x63, 0xf9,
     0xef, 0xf3, 0x3f, 0xff, 0xff, 0xff, 0xff, 0x80, 0x01, 0xff, 0xff, 0xff,
     0xff, 0xfe, 0x10, 0xf9, 0xcd, 0xc4, 0xbf, 0xff, 0xff, 0xff, 0xff, 0x80,
     0x01, 0xff, 0xff, 0xff, 0xff, 0xfe, 0x20, 0x6f, 0xfb, 0x01, 0x3f, 0xff,
     0xff, 0xff, 0xff, 0x80, 0x01, 0xff, 0xff, 0xff, 0xff, 0xfe, 0x58, 0x3f,
     0xfb, 0x61, 0xbf, 0xff, 0xff, 0xff, 0xff, 0x80, 0x01, 0xff, 0xff, 0xff,
     0xff, 0xfc, 0xfc, 0x3f, 0x3a, 0x70, 0x9f, 0xff, 0xff, 0xff, 0xff, 0x80,
     0x01, 0xff, 0xff, 0xff, 0xff, 0xfc, 0x98, 0x3f, 0xfe, 0x60, 0x8f, 0xff,
     0xff, 0xff, 0xff, 0x80, 0x01, 0xff, 0xff, 0xff, 0xff, 0xfa, 0x80, 0x3f,
     0xfe, 0x00, 0xaf, 0xff, 0xff, 0xff, 0xff, 0x80, 0x01, 0xff, 0xff, 0xff,
     0xff, 0xfa, 0x80, 0x3f, 0xfe, 0x00, 0xa7, 0xff, 0xff, 0xff, 0xff, 0x80,
     0x01, 0xff, 0xff, 0xff, 0xff, 0xf2, 0x41, 0x3f, 0xfe, 0x04, 0xb7, 0xff,
     0xff, 0xff, 0xff, 0x80, 0x01, 0xff, 0xff, 0xff, 0xff, 0xf1, 0x41, 0x3f,
     0xfe, 0x05, 0x67, 0xff, 0xff, 0xff, 0xff, 0x80, 0x01, 0xff, 0xff, 0xff,
     0xff, 0xf1, 0xa0, 0x7f, 0xff, 0x02, 0x47, 0xff, 0xff, 0xff, 0xff, 0x80,
     0x01, 0xff, 0xff, 0xff, 0xff, 0xf3, 0xc0, 0xff, 0xff, 0x81, 0xe7, 0xff,
     0xff, 0xff, 0xff, 0x80, 0x01, 0xff, 0xff, 0xff, 0xff, 0xf7, 0xff, 0xfb,
     0xef, 0xff, 0xf7, 0xff, 0xff, 0xff, 0xff, 0x80, 0x01, 0xff, 0xff, 0xff,
     0xff, 0xf6, 0x1b, 0xff, 0xef, 0xfe, 0x17, 0xff, 0xff, 0xff, 0xff, 0x80,
     0x01, 0xff, 0xff, 0xff, 0xff, 0xf6, 0x13, 0xff, 0xff, 0xe6, 0x17, 0xff,
     0xff, 0xff, 0xff, 0x80, 0x01, 0xff, 0xff, 0xff, 0xff, 0xfb, 0xfc, 0xff,
     0xff, 0xcf, 0xf7, 0xff, 0xff, 0xff, 0xff, 0x80, 0x01, 0xff, 0xff, 0xff,
     0xff, 0xfb, 0xff, 0x0f, 0xfc, 0x3f, 0xef, 0xff, 0xff, 0xff, 0xff, 0x80,
     0x01, 0xff, 0xff, 0xff, 0xff, 0xfd, 0xff, 0xf0, 0x03, 0xff, 0xcf, 0xff,
     0xff, 0xff, 0xff, 0x80, 0x01, 0xff, 0xff, 0xff, 0xff, 0xfc, 0xff, 0xff,
     0xff, 0xff, 0x9f, 0xff, 0xff, 0xff, 0xff, 0x80, 0x01, 0xff, 0xff, 0xff,
     0xff, 0xfe, 0x7f, 0xff, 0xff, 0xff, 0x3f, 0xff, 0xff, 0xff, 0xff, 0x80,
     0x01, 0xff, 0xff, 0xff, 0xff, 0xff, 0x9f, 0xff, 0xff, 0xfe, 0x7f, 0xff,
     0xff, 0xff, 0xff, 0x80, 0x01, 0xff, 0xff, 0xff, 0xff, 0xff, 0xc7, 0xff,
     0xff, 0xf9, 0xff, 0xff, 0xff, 0xff, 0xff, 0x80, 0x01, 0xff, 0xff, 0xff,
     0xff, 0xff, 0xf0, 0xff, 0xff, 0xc7, 0xff, 0xff, 0xff, 0xff, 0xff, 0x80,
     0x01, 0xff, 0xff, 0xff, 0xff, 0xff, 0xfe, 0x07, 0xf8, 0x3f, 0xff, 0xff,
     0xff, 0xff, 0xff, 0x80, 0x01, 0xff, 0xff, 0xff, 0xff, 0xff, 0xf1, 0xeb,
     0xe5, 0xd3, 0xff, 0xff, 0xff, 0xff, 0xff, 0x80, 0x01, 0xff, 0xff, 0xff,
     0xff, 0xff, 0xe2, 0xeb, 0xfb, 0xe9, 0xff, 0xff, 0xff, 0xff, 0xff, 0x80,
     0x01, 0xff, 0xff, 0xff, 0xff, 0xff, 0xee, 0xdb, 0xf8, 0xdd, 0xff, 0xff,
     0xff, 0xff, 0xff, 0x80, 0x01, 0xff, 0xff, 0xff, 0xff, 0xff, 0xef, 0x3b,
     0xfe, 0x3b, 0xf0, 0xff, 0xff, 0xff, 0xff, 0x80, 0x01, 0xff, 0xff, 0xff,
     0xff, 0xff, 0xe3, 0xef, 0xff, 0xe3, 0xcc, 0xff, 0xff, 0xff, 0xff, 0x80,
     0x01, 0xff, 0xff, 0xff, 0xff, 0xff, 0xfd, 0xdf, 0xf4, 0xcf, 0xab, 0xff,
     0xff, 0xff, 0xff, 0x80, 0x01, 0xff, 0xff, 0xff, 0xff, 0xff, 0xff, 0x5f,
     0xf5, 0x3f, 0x77, 0xff, 0xff, 0xff, 0xff, 0x80, 0x01, 0xff, 0xff, 0xff,
     0xff, 0xff, 0xff, 0xc7, 0xf1, 0xfe, 0xef, 0xff, 0xff, 0xff, 0xff, 0x80,
     0x01, 0xff, 0xff, 0xff, 0xff, 0xff, 0xff, 0xd7, 0xff, 0xfe, 0x4f, 0xff,
     0xff, 0xff, 0xff, 0x80, 0x01, 0xff, 0xff, 0xff, 0xff, 0xff, 0xff, 0xd7,
     0xfd, 0xfd, 0x6f, 0xff, 0xff, 0xff, 0xff, 0x80, 0x01, 0xff, 0xff, 0xff,
     0xff, 0xff, 0xff, 0xdf, 0xf4, 0x63, 0x9f, 0xff, 0xff, 0xff, 0xff, 0x80,
     0x01, 0xff, 0xff, 0xff, 0xff, 0xff, 0xff, 0xdf, 0xf5, 0xb7, 0xdf, 0xff,
     0xff, 0xff, 0xff, 0x80, 0x01, 0xff, 0xff, 0xff, 0xff, 0xff, 0xff, 0xcf,
     0xfe, 0xb7, 0x3f, 0xff, 0xff, 0xff, 0xff, 0x80, 0x01, 0xff, 0xff, 0xff,
     0xff, 0xff, 0xff, 0x9f, 0xec, 0xef, 0x3f, 0xff, 0xff, 0xff, 0xff, 0x80,
     0x01, 0xff, 0xff, 0xff, 0xff, 0xff, 0xff, 0xb8, 0x0e, 0xf8, 0x7f, 0xff,
     0xff, 0xff, 0xff, 0x80, 0x01, 0xff, 0xff, 0xff, 0xff, 0xff, 0xff, 0x9b,
     0x6c, 0xbc, 0xff, 0xff, 0xff, 0xff, 0xff, 0x80, 0x01, 0xff, 0xff, 0xff,
     0xff, 0xff, 0xff, 0xbb, 0x8e, 0xe3, 0xff, 0xff, 0xff, 0xff, 0xff, 0x80,
     0x01, 0xff, 0xff, 0xff, 0xff, 0xff, 0xff, 0x9b, 0xec, 0x3f, 0xff, 0xff,
     0xff, 0xff, 0xff, 0x80, 0x01, 0xff, 0xff, 0xff, 0xff, 0xff, 0xff, 0x7b,
     0xef, 0x7f, 0xff, 0xff, 0xff, 0xff, 0xff, 0x80, 0x01, 0xff, 0xff, 0xff,
     0xff, 0xff, 0xff, 0x87, 0xf0, 0x7f, 0xff, 0xff, 0xff, 0xff, 0xff, 0x80,
     0x01, 0xff, 0xff, 0xff, 0xff, 0xff, 0xff, 0xff, 0xff, 0xff, 0xff, 0xff,
     0xff, 0xff, 0xff, 0x80, 0x01, 0xff, 0xff, 0xff, 0xff, 0xff, 0xff, 0xff,
     0xff, 0xff, 0xff, 0xff, 0xff, 0xff, 0xff, 0x80, 0x01, 0xff, 0xff, 0xff,
     0xff, 0xff, 0xff, 0xff, 0xff, 0xff, 0xff, 0xff, 0xff, 0xff, 0xff, 0x80,
     0x00, 0x00, 0x00, 0x00, 0x00, 0x00, 0x00, 0x00, 0x00, 0x00, 0x00, 0x00,
     0x00, 0x00, 0x00, 0x00, 0x00, 0x00, 0x00, 0x00, 0x00, 0x00, 0x00, 0x00,
     0x00, 0x00, 0x00, 0x00, 0x00, 0x00, 0x00, 0x00, 0x00, 0x00, 0x00, 0x00,
     0x00, 0x00, 0x00, 0x00, 0x00, 0x00, 0x00, 0x00, 0x00, 0x00, 0x00, 0x00,
     0x00, 0x00, 0x00, 0x00, 0x00, 0x00, 0x00, 0x00, 0x00, 0x00, 0x00, 0x00,
     0x00, 0x00, 0x00, 0x00},
    {0x00, 0x00, 0x00, 0x00, 0x00, 0x00, 0x00, 0x00, 0x00, 0x00, 0x00, 0x00,
     0x00, 0x00, 0x00, 0x00, 0x00, 0x00, 0x00, 0x00, 0x00, 0x00, 0x00, 0x00,
     0x00, 0x00, 0x00, 0x00, 0x00, 0x00, 0x00, 0x00, 0x00, 0x00, 0x00, 0x00,
     0x00, 0x00, 0x00, 0x00, 0x00, 0x00, 0x00, 0x00, 0x00, 0x00, 0x00, 0x00,
     0x00, 0x00, 0x00, 0x00, 0x00, 0x00, 0x00, 0x00, 0x00, 0x00, 0x00, 0x00,
     0x00, 0x00, 0x00, 0x00, 0x01, 0xff, 0xff, 0xff, 0xff, 0xff, 0xff, 0xff,
     0xff, 0xff, 0xff, 0xff, 0xff, 0xff, 0xff, 0x80, 0x01, 0xff, 0xff, 0xff,
     0xff, 0xff, 0xff, 0xff, 0xff, 0xff, 0xff, 0xff, 0xff, 0xff, 0xff, 0x80,
     0x01, 0xff, 0xff, 0xff, 0xff, 0xff, 0xff, 0xff, 0xff, 0xff, 0xff, 0xff,
     0xff, 0xff, 0xff, 0x80, 0x01, 0xff, 0xff, 0xff, 0xff, 0xff, 0xff, 0xff,
     0xff, 0xff, 0xff, 0xff, 0xff, 0xff, 0xff, 0x80, 0x01, 0xff, 0xff, 0xff,
     0xff, 0xff, 0xff, 0xe0, 0x01, 0xff, 0xff, 0xff, 0xff, 0xff, 0xff, 0x80,
     0x01, 0xff, 0xff, 0xff, 0xff, 0xff, 0xff, 0x01, 0xc0, 0x3f, 0xff, 0xff,
     0xff, 0xff, 0xff, 0x80, 0x01, 0xff, 0xff, 0xff, 0xff, 0xff, 0xc0, 0x30,
     0xc7, 0x01, 0xff, 0xff, 0xff, 0xff, 0xff, 0x80, 0x01, 0xff, 0xff, 0xff,
     0xff, 0xff, 0x9f, 0x9d, 0xcc, 0xfc, 0xff, 0xff, 0xff, 0xff, 0xff, 0x80,
     0x01, 0xff, 0xff, 0xff, 0xff, 0xff, 0x3f, 0xff, 0xff, 0xff, 0x7f, 0xff,
     0xff, 0xff, 0xff, 0x80, 0x01, 0xff, 0xff, 0xff, 0xff, 0xff, 0x63, 0xf9,
     0xef, 0xf3, 0x3f, 0xff, 0xff, 0xff, 0xff, 0x80, 0x01, 0xff, 0xff, 0xff,
     0xff, 0xfe, 0x10, 0xf9, 0xcd, 0xc4, 0xbf, 0xff, 0xff, 0xff, 0xff, 0x80,
     0x01, 0xff, 0xff, 0xff, 0xff, 0xfe, 0x20, 0x6f, 0xfb, 0x01, 0x3f, 0xff,
     0xff, 0xff, 0xff, 0x80, 0x01, 0xff, 0xff, 0xff, 0xff, 0xfe, 0x58, 0x3f,
     0xfb, 0x61, 0xbf, 0xff, 0xff, 0xff, 0xff, 0x80, 0x01, 0xff, 0xff, 0xff,
     0xff, 0xfc, 0xfc, 0x3f, 0x3a, 0x70, 0x9f, 0xff, 0xff, 0xff, 0xff, 0x80,
     0x01, 0xff, 0xff, 0xff, 0xff, 0xfc, 0x98, 0x3f, 0xfe, 0x60, 0x8f, 0xff,
     0xff, 0xff, 0xff, 0x80, 0x01, 0xff, 0xff, 0xff, 0xff, 0xfa, 0x80, 0x3f,
     0xfe, 0x00, 0xaf, 0xff, 0xff, 0xff, 0xff, 0x80, 0x01, 0xff, 0xff, 0xff,
     0xff, 0xfa, 0x80, 0x3f, 0xfe, 0x00, 0xa7, 0xff, 0xff, 0xff, 0xff, 0x80,
     0x01, 0xff, 0xff, 0xff, 0xff, 0xf2, 0x41, 0x3f, 0xfe, 0x04, 0xb7, 0xff,
     0xff, 0xff, 0xff, 0x80, 0x01, 0xff, 0xff, 0xff, 0xff, 0xf1, 0x41, 0x3f,
     0xfe, 0x05, 0x67, 0xff, 0xff, 0xff, 0xff, 0x80, 0x01, 0xff, 0xff, 0xff,
     0xff, 0xf1, 0xa0, 0x7f, 0xff, 0x02, 0x47, 0xff, 0xff, 0xff, 0xff, 0x80,
     0x01, 0xff, 0xff, 0xff, 0xff, 0xf3, 0xc0, 0xff, 0xff, 0x81, 0xe7, 0xff,
     0xff, 0xff, 0xff, 0x80, 0x01, 0xff, 0xff, 0xff, 0xff, 0xf7, 0xff, 0xfb,
     0xef, 0xff, 0xf7, 0xff, 0xff, 0xff, 0xff, 0x80, 0x01, 0xff, 0xff, 0xff,
     0xff, 0xf6, 0x1b, 0xff, 0xef, 0xfe, 0x17, 0xff, 0xff, 0xff, 0xff, 0x80,
     0x01, 0xff, 0xff, 0xff, 0xff, 0xf6, 0x13, 0xff, 0xff, 0xe6, 0x17, 0xff,
     0xff, 0xff, 0xff, 0x80, 0x01, 0xff, 0xff, 0xff, 0xff, 0xfb, 0xfc, 0xff,
     0xff, 0xcf, 0xf7, 0xff, 0xff, 0xff, 0xff, 0x80, 0x01, 0xff, 0xff, 0xff,
     0xff, 0xfb, 0xff, 0x0f, 0xfc, 0x3f, 0xef, 0xff, 0xff, 0xff, 0xff, 0x80,
     0x01, 0xff, 0xff, 0xff, 0xff, 0xfd, 0xff, 0xf0, 0x03, 0xff, 0xcf, 0xff,
     0xff, 0xff, 0xff, 0x80, 0x01, 0xff, 0xff, 0xff, 0xff, 0xfc, 0xff, 0xff,
     0xff, 0xff, 0x9f, 0xff, 0xff, 0xff, 0xff, 0x80, 0x01, 0xff, 0xff, 0xff,
     0xff, 0xfe, 0x7f, 0xff, 0xff, 0xff, 0x3f, 0xff, 0xff, 0xff, 0xff, 0x80,
     0x01, 0xff, 0xff, 0xff, 0xff, 0xff, 0x9f, 0xff, 0xff, 0xfe, 0x7f, 0xff,
     0xff, 0xff, 0xff, 0x80, 0x01, 0xff, 0xff, 0xff, 0xff, 0xff, 0xc7, 0xff,
     0xff, 0xf9, 0xff, 0xff, 0xff, 0xff, 0xff, 0x80, 0x01, 0xff, 0xff, 0xff,
     0xff, 0xff, 0xf0, 0xff, 0xff, 0xc7, 0xff, 0xff, 0xff, 0xff, 0xff, 0x80,
     0x01, 0xff, 0xff, 0xff, 0xff, 0xff, 0xfe, 0x07, 0xf8, 0x3f, 0xff, 0xff,
     0xff, 0xff, 0xff, 0x80, 0x01, 0xff, 0xff, 0xff, 0xff, 0xff, 0xf1, 0xeb,
     0xe5, 0xd3, 0xff, 0xff, 0xff, 0xff, 0xff, 0x80, 0x01, 0xff, 0xff, 0xff,
     0xff, 0xff, 0xe2, 0xeb, 0xfb, 0xe9, 0xff, 0xff, 0xff, 0xff, 0xff, 0x80,
     0x01, 0xff, 0xff, 0xff, 0xff, 0xff, 0xee, 0xdb, 0xf8, 0xdd, 0xff, 0xff,
     0xff, 0xff, 0xff, 0x80, 0x01, 0xff, 0xff, 0xff, 0xff, 0xff, 0xef, 0x3b,
     0xfe, 0x3b, 0xf0, 0xff, 0xff, 0xff, 0xff, 0x80, 0x01, 0xff, 0xff, 0xff,
     0xff, 0xff, 0xe3, 0xef, 0xff, 0xe3, 0xcc, 0xff, 0xff, 0xff, 0xff, 0x80,
     0x01, 0xff, 0xff, 0xff, 0xff, 0xff, 0xfd, 0xdf, 0xf4, 0xcf, 0xab, 0xff,
     0xff, 0xff, 0xff, 0x80, 0x01, 0xff, 0xff, 0xff, 0xff, 0xff, 0xff, 0x5f,
     0xf5, 0x3f, 0x77, 0xff, 0xff, 0xff, 0xff, 0x80, 0x01, 0xff, 0xff, 0xff,
     0xff, 0xff, 0xff, 0xc7, 0xf1, 0xfe, 0xef, 0xff, 0xff, 0xff, 0xff, 0x80,
     0x01, 0xff, 0xff, 0xff, 0xff, 0xff, 0xff, 0xd7, 0xff, 0xfe, 0x4f, 0xff,
     0xff, 0xff, 0xff, 0x80, 0x01, 0xff, 0xff, 0xff, 0xff, 0xff, 0xff, 0xd7,
     0xfd, 0xfd, 0x6f, 0xff, 0xff, 0xff, 0xff, 0x80, 0x01, 0xff, 0xff, 0xff,
     0xff, 0xff, 0xff, 0xdf, 0xf4, 0x63, 0x9f, 0xff, 0xff, 0xff, 0xff, 0x80,
     0x01, 0xff, 0xff, 0xff, 0xff, 0xff, 0xff, 0xdf, 0xf5, 0xb7, 0xdf, 0xff,
     0xff, 0xff, 0xff, 0x80, 0x01, 0xff, 0xff, 0xff, 0xff, 0xff, 0xff, 0xcf,
     0xfe, 0xb7, 0x3f, 0xff, 0xff, 0xff, 0xff, 0x80, 0x01, 0xff, 0xff, 0xff,
     0xff, 0xff, 0xff, 0x9f, 0xec, 0xef, 0x3f, 0xff, 0xff, 0xff, 0xff, 0x80,
     0x01, 0xff, 0xff, 0xff, 0xff, 0xff, 0xff, 0xb8, 0x0e, 0xf8, 0x7f, 0xff,
     0xff, 0xff, 0xff, 0x80, 0x01, 0xff, 0xff, 0xff, 0xff, 0xff, 0xff, 0x9b,
     0x6c, 0xbc, 0xff, 0xff, 0xff, 0xff, 0xff, 0x80, 0x01, 0xff, 0xff, 0xff,
     0xff, 0xff, 0xff, 0xbb, 0x8e, 0xe3, 0xff, 0xff, 0xff, 0xff, 0xff, 0x80,
     0x01, 0xff, 0xff, 0xff, 0xff, 0xff, 0xff, 0x9b, 0xec, 0x3f, 0xff, 0xff,
     0xff, 0xff, 0xff, 0x80, 0x01, 0xff, 0xff, 0xff, 0xff, 0xff, 0xff, 0x7b,
     0xef, 0x7f, 0xff, 0xff, 0xff, 0xff, 0xff, 0x80, 0x01, 0xff, 0xff, 0xff,
     0xff, 0xff, 0xff, 0x87, 0xf0, 0x7f, 0xff, 0xff, 0xff, 0xff, 0xff, 0x80,
     0x01, 0xff, 0xff, 0xff, 0xff, 0xff, 0xff, 0xff, 0xff, 0xff, 0xff, 0xff,
     0xff, 0xff, 0xff, 0x80, 0x01, 0xff, 0xff, 0xff, 0xff, 0xff, 0xff, 0xff,
     0xff, 0xff, 0xff, 0xff, 0xff, 0xff, 0xff, 0x80, 0x01, 0xff, 0xff, 0xff,
     0xff, 0xff, 0xff, 0xff, 0xff, 0xff, 0xff, 0xff, 0xff, 0xff, 0xff, 0x80,
     0x00, 0x00, 0x00, 0x00, 0x00, 0x00, 0x00, 0x00, 0x00, 0x00, 0x00, 0x00,
     0x00, 0x00, 0x00, 0x00, 0x00, 0x00, 0x00, 0x00, 0x00, 0x00, 0x00, 0x00,
     0x00, 0x00, 0x00, 0x00, 0x00, 0x00, 0x00, 0x00, 0x00, 0x00, 0x00, 0x00,
     0x00, 0x00, 0x00, 0x00, 0x00, 0x00, 0x00, 0x00, 0x00, 0x00, 0x00, 0x00,
     0x00, 0x00, 0x00, 0x00, 0x00, 0x00, 0x00, 0x00, 0x00, 0x00, 0x00, 0x00,
     0x00, 0x00, 0x00, 0x00},
    {0x00, 0x00, 0x00, 0x00, 0x00, 0x00, 0x00, 0x00, 0x00, 0x00, 0x00, 0x00,
     0x00, 0x00, 0x00, 0x00, 0x00, 0x00, 0x00, 0x00, 0x00, 0x00, 0x00, 0x00,
     0x00, 0x00, 0x00, 0x00, 0x00, 0x00, 0x00, 0x00, 0x00, 0x00, 0x00, 0x00,
     0x00, 0x00, 0x00, 0x00, 0x00, 0x00, 0x00, 0x00, 0x00, 0x00, 0x00, 0x00,
     0x00, 0x00, 0x00, 0x00, 0x00, 0x00, 0x00, 0x00, 0x00, 0x00, 0x00, 0x00,
     0x00, 0x00, 0x00, 0x00, 0x01, 0xff, 0xff, 0xff, 0xff, 0xff, 0xff, 0xff,
     0xff, 0xff, 0xff, 0xff, 0xff, 0xff, 0xff, 0x80, 0x01, 0xff, 0xff, 0xff,
     0xff, 0xff, 0xff, 0xff, 0xff, 0xff, 0xff, 0xff, 0xff, 0xff, 0xff, 0x80,
     0x01, 0xff, 0xff, 0xff, 0xff, 0xff, 0xff, 0xff, 0xff, 0xff, 0xff, 0xff,
     0xff, 0xff, 0xff, 0x80, 0x01, 0xff, 0xff, 0xff, 0xff, 0xff, 0xff, 0xff,
     0xff, 0xff, 0xff, 0xff, 0xff, 0xff, 0xff, 0x80, 0x01, 0xff, 0xff, 0xff,
     0xff, 0xff, 0xff, 0xe0, 0x01, 0xff, 0xff, 0xff, 0xff, 0xff, 0xff, 0x80,
     0x01, 0xff, 0xff, 0xff, 0xff, 0xff, 0xff, 0x01, 0xc0, 0x3f, 0xff, 0xff,
     0xff, 0xff, 0xff, 0x80, 0x01, 0xff, 0xff, 0xff, 0xff, 0xff, 0xc0, 0x30,
     0xc7, 0x01, 0xff, 0xff, 0xff, 0xff, 0xff, 0x80, 0x01, 0xff, 0xff, 0xff,
     0xff, 0xff, 0x9f, 0x9d, 0xcc, 0xfc, 0xff, 0xff, 0xff, 0xff, 0xff, 0x80,
     0x01, 0xff, 0xff, 0xff, 0xff, 0xff, 0x3f, 0xff, 0xff, 0xff, 0x7f, 0xff,
     0xff, 0xff, 0xff, 0x80, 0x01, 0xff, 0xff, 0xff, 0xff, 0xff, 0x63, 0xf9,
     0xef, 0xf3, 0x3f, 0xff, 0xff, 0xff, 0xff, 0x80, 0x01, 0xff, 0xff, 0xff,
     0xff, 0xfe, 0x10, 0xe9, 0xcd, 0xc4, 0xbf, 0xff, 0xff, 0xff, 0xff, 0x80,
     0x01, 0xff, 0xff, 0xff, 0xff, 0xfe, 0x20, 0x6f, 0xfb, 0x01, 0x3f, 0xff,
     0xff, 0xff, 0xff, 0x80, 0x01, 0xff, 0xff, 0xff, 0xff, 0xfe, 0x58, 0x3f,
     0xfb, 0x61, 0x3f, 0xff, 0xff, 0xff, 0xff, 0x80, 0x01, 0xff, 0xff, 0xff,
     0xff, 0xfc, 0xfc, 0x3f, 0x3a, 0x70, 0x9f, 0xff, 0xff, 0xff, 0xff, 0x80,
     0x01, 0xff, 0xff, 0xff, 0xff, 0xfc, 0x98, 0x3f, 0xfe, 0x60, 0x8f, 0xff,
     0xff, 0xff, 0xff, 0x80, 0x01, 0xff, 0xff, 0xff, 0xff, 0xfa, 0x80, 0x3f,
     0xfe, 0x00, 0xaf, 0xff, 0xff, 0xff, 0xff, 0x80, 0x01, 0xff, 0xff, 0xff,
     0xff, 0xfa, 0x80, 0x3f, 0xfe, 0x00, 0xa7, 0xff, 0xff, 0xff, 0xff, 0x80,
     0x01, 0xff, 0xff, 0xff, 0xff, 0xf2, 0x41, 0x3f, 0xfe, 0x04, 0xb7, 0xff,
     0xff, 0xff, 0xff, 0x80, 0x01, 0xff, 0xff, 0xff, 0xff, 0xf1, 0x41, 0x3f,
     0xfe, 0x05, 0x67, 0xff, 0xff, 0xff, 0xff, 0x80, 0x01, 0xff, 0xff, 0xff,
     0xff, 0xf1, 0xa0, 0x7f, 0xff, 0x02, 0x47, 0xff, 0xff, 0xff, 0xff, 0x80,
     0x01, 0xff, 0xff, 0xff, 0xff, 0xf3, 0xc0, 0xff, 0xff, 0x81, 0xe7, 0xff,
     0xff, 0xff, 0xff, 0x80, 0x01, 0xff, 0xff, 0xff, 0xff, 0xf7, 0xff, 0xfb,
     0xef, 0xff, 0xf7, 0xff, 0xff, 0xff, 0xff, 0x80, 0x01, 0xff, 0xff, 0xff,
     0xff, 0xf6, 0x1b, 0xff, 0xef, 0xfe, 0x17, 0xff, 0xff, 0xff, 0xff, 0x80,
     0x01, 0xff, 0xff, 0xff, 0xff, 0xf6, 0x13, 0xff, 0xff, 0xe6, 0x17, 0xff,
     0xff, 0xff, 0xff, 0x80, 0x01, 0xff, 0xff, 0xff, 0xff, 0xfb, 0xfc, 0xff,
     0xff, 0xcf, 0xf7, 0xff, 0xff, 0xff, 0xff, 0x80, 0x01, 0xff, 0xff, 0xff,
     0xff, 0xfb, 0xff, 0x0f, 0xfc, 0x3f, 0xef, 0xff, 0xff, 0xff, 0xff, 0x80,
     0x01, 0xff, 0xff, 0xff, 0xff, 0xfd, 0xff, 0xf0, 0x03, 0xff, 0xcf, 0xff,
     0xff, 0xff, 0xff, 0x80, 0x01, 0xff, 0xff, 0xff, 0xff, 0xfc, 0xff, 0xff,
     0xff, 0xff, 0x9f, 0xff, 0xff, 0xff, 0xff, 0x80, 0x01, 0xff, 0xff, 0xff,
     0xff, 0xfe, 0x7f, 0xff, 0xff, 0xff, 0x3f, 0xff, 0xff, 0xff, 0xff, 0x80,
     0x01, 0xff, 0xff, 0xff, 0xff, 0xff, 0x9f, 0xff, 0xff, 0xfe, 0x7f, 0xff,
     0xff, 0xff, 0xff, 0x80, 0x01, 0xff, 0xff, 0xff, 0xff, 0xff, 0xc7, 0xff,
     0xff, 0xf9, 0xff, 0xff, 0xff, 0xff, 0xff, 0x80, 0x01, 0xff, 0xff, 0xff,
     0xff, 0xff, 0xf0, 0xff, 0xff, 0xc7, 0xff, 0xff, 0xff, 0xff, 0xff, 0x80,
     0x01, 0xff, 0xff, 0xff, 0xff, 0xff, 0xfe, 0x07, 0xf8, 0x3f, 0xff, 0xff,
     0xff, 0xff, 0xff, 0x80, 0x01, 0xff, 0xff, 0xff, 0xff, 0xff, 0xf1, 0xeb,
     0xf5, 0xd3, 0xff, 0xff, 0xff, 0xff, 0xff, 0x80, 0x01, 0xff, 0xff, 0xff,
     0xff, 0xff, 0xe2, 0xeb, 0xfb, 0xe9, 0xff, 0xff, 0xff, 0xff, 0xff, 0x80,
     0x01, 0xff, 0xff, 0xff, 0xff, 0xff, 0xee, 0xdb, 0xf8, 0xdd, 0xff, 0xff,
     0xff, 0xff, 0xff, 0x80, 0x01, 0xff, 0xff, 0xff, 0xff, 0xff, 0xef, 0x3b,
     0xfe, 0x3b, 0xf0, 0xff, 0xff, 0xff, 0xff, 0x80, 0x01, 0xff, 0xff, 0xff,
     0xff, 0xff, 0xe3, 0xef, 0xff, 0xe3, 0xcc, 0xff, 0xff, 0xff, 0xff, 0x80,
     0x01, 0xff, 0xff, 0xff, 0xff, 0xff, 0xfd, 0xdf, 0xf4, 0xcf, 0xab, 0xff,
     0xff, 0xff, 0xff, 0x80, 0x01, 0xff, 0xff, 0xff, 0xff, 0xff, 0xff, 0x5f,
     0xf5, 0x3f, 0x77, 0xff, 0xff, 0xff, 0xff, 0x80, 0x01, 0xff, 0xff, 0xff,
     0xff, 0xff, 0xff, 0xc7, 0xf1, 0xfe, 0xef, 0xff, 0xff, 0xff, 0xff, 0x80,
     0x01, 0xff, 0xff, 0xff, 0xff, 0xff, 0xff, 0xd7, 0xff, 0xfe, 0x4f, 0xff,
     0xff, 0xff, 0xff, 0x80, 0x01, 0xff, 0xff, 0xff, 0xff, 0xff, 0xff, 0xc7,
     0xfd, 0xfd, 0x6f, 0xff, 0xff, 0xff, 0xff, 0x80, 0x01, 0xff, 0xff, 0xff,
     0xff, 0xff, 0xff, 0xdf, 0xf4, 0x63, 0x9f, 0xff, 0xff, 0xff, 0xff, 0x80,
     0x01, 0xff, 0xff, 0xff, 0xff, 0xff, 0xff, 0xdf, 0xf5, 0xb7, 0xdf, 0xff,
     0xff, 0xff, 0xff, 0x80, 0x01, 0xff, 0xff, 0xff, 0xff, 0xff, 0xff, 0xcf,
     0xfe, 0xb7, 0x3f, 0xff, 0xff, 0xff, 0xff, 0x80, 0x01, 0xff, 0xff, 0xff,
     0xff, 0xff, 0xff, 0x9f, 0xec, 0xef, 0x3f, 0xff, 0xff, 0xff, 0xff, 0x80,
     0x01, 0xff, 0xff, 0xff, 0xff, 0xff, 0xff, 0xb8, 0x0e, 0xf8, 0x7f, 0xff,
     0xff, 0xff, 0xff, 0x80, 0x01, 0xff, 0xff, 0xff, 0xff, 0xff, 0xff, 0x9b,
     0x6c, 0xbc, 0xff, 0xff, 0xff, 0xff, 0xff, 0x80, 0x01, 0xff, 0xff, 0xff,
     0xff, 0xff, 0xff, 0xbb, 0x8e, 0xe3, 0xff, 0xff, 0xff, 0xff, 0xff, 0x80,
     0x01, 0xff, 0xff, 0xff, 0xff, 0xff, 0xff, 0x9b, 0xec, 0x3f, 0xff, 0xff,
     0xff, 0xff, 0xff, 0x80, 0x01, 0xff, 0xff, 0xff, 0xff, 0xff, 0xff, 0x7b,
     0xef, 0x7f, 0xff, 0xff, 0xff, 0xff, 0xff, 0x80, 0x01, 0xff, 0xff, 0xff,
     0xff, 0xff, 0xff, 0x87, 0xf0, 0x7f, 0xff, 0xff, 0xff, 0xff, 0xff, 0x80,
     0x01, 0xff, 0xff, 0xff, 0xff, 0xff, 0xff, 0xff, 0xff, 0xff, 0xff, 0xff,
     0xff, 0xff, 0xff, 0x80, 0x01, 0xff, 0xff, 0xff, 0xff, 0xff, 0xff, 0xff,
     0xff, 0xff, 0xff, 0xff, 0xff, 0xff, 0xff, 0x80, 0x01, 0xff, 0xff, 0xff,
     0xff, 0xff, 0xff, 0xff, 0xff, 0xff, 0xff, 0xff, 0xff, 0xff, 0xff, 0x80,
     0x00, 0x00, 0x00, 0x00, 0x00, 0x00, 0x00, 0x00, 0x00, 0x00, 0x00, 0x00,
     0x00, 0x00, 0x00, 0x00, 0x00, 0x00, 0x00, 0x00, 0x00, 0x00, 0x00, 0x00,
     0x00, 0x00, 0x00, 0x00, 0x00, 0x00, 0x00, 0x00, 0x00, 0x00, 0x00, 0x00,
     0x00, 0x00, 0x00, 0x00, 0x00, 0x00, 0x00, 0x00, 0x00, 0x00, 0x00, 0x00,
     0x00, 0x00, 0x00, 0x00, 0x00, 0x00, 0x00, 0x00, 0x00, 0x00, 0x00, 0x00,
     0x00, 0x00, 0x00, 0x00},
    {0x00, 0x00, 0x00, 0x00, 0x00, 0x00, 0x00, 0x00, 0x00, 0x00, 0x00, 0x00,
     0x00, 0x00, 0x00, 0x00, 0x00, 0x00, 0x00, 0x00, 0x00, 0x00, 0x00, 0x00,
     0x00, 0x00, 0x00, 0x00, 0x00, 0x00, 0x00, 0x00, 0x00, 0x00, 0x00, 0x00,
     0x00, 0x00, 0x00, 0x00, 0x00, 0x00, 0x00, 0x00, 0x00, 0x00, 0x00, 0x00,
     0x00, 0x00, 0x00, 0x00, 0x00, 0x00, 0x00, 0x00, 0x00, 0x00, 0x00, 0x00,
     0x00, 0x00, 0x00, 0x00, 0x01, 0xff, 0xff, 0xff, 0xff, 0xff, 0xff, 0xff,
     0xff, 0xff, 0xff, 0xff, 0xff, 0xff, 0xff, 0x80, 0x01, 0xff, 0xff, 0xff,
     0xff, 0xff, 0xff, 0xff, 0xff, 0xff, 0xff, 0xff, 0xff, 0xff, 0xff, 0x80,
     0x01, 0xff, 0xff, 0xff, 0xff, 0xff, 0xff, 0xff, 0xff, 0xff, 0xff, 0xff,
     0xff, 0xff, 0xff, 0x80, 0x01, 0xff, 0xff, 0xff, 0xff, 0xff, 0xff, 0xff,
     0xff, 0xff, 0xff, 0xff, 0xff, 0xff, 0xff, 0x80, 0x01, 0xff, 0xff, 0xff,
     0xff, 0xff, 0xff, 0xfc, 0x0f, 0xff, 0xff, 0xff, 0xff, 0xff, 0xff, 0x80,
     0x01, 0xff, 0xff, 0xff, 0xff, 0xff, 0xff, 0x80, 0x40, 0xff, 0xff, 0xff,
     0xff, 0xff, 0xff, 0x80, 0x01, 0xff, 0xff, 0xff, 0xff, 0xff, 0xfe, 0x31,
     0xc7, 0x07, 0xff, 0xff, 0xff, 0xff, 0xff, 0x80, 0x01, 0xff, 0xff, 0xff,
     0xff, 0xff, 0xe0, 0x39, 0xce, 0x79, 0xff, 0xff, 0xff, 0xff, 0xff, 0x80,
     0x01, 0xff, 0xff, 0xff, 0xff, 0xff, 0x9f, 0x9f, 0xfd, 0xfc, 0xff, 0xff,
     0xff, 0xff, 0xff, 0x80, 0x01, 0xff, 0xff, 0xff, 0xff, 0xff, 0xbf, 0xff,
     0xef, 0xfe, 0x7f, 0xff, 0xff, 0xff, 0xff, 0x80, 0x01, 0xff, 0xff, 0xff,
     0xff, 0xff, 0x7f, 0xf9, 0xcf, 0xff, 0x7f, 0xff, 0xff, 0xff, 0xff, 0x80,
     0x01, 0xff, 0xff, 0xff, 0xff, 0xff, 0x7f, 0xf9, 0xdf, 0xff, 0x3f, 0xff,
     0xff, 0xff, 0xff, 0x80, 0x01, 0xff, 0xff, 0xff, 0xff, 0xfe, 0xff, 0xff,
     0xff, 0xff, 0xbf, 0xff, 0xff, 0xff, 0xff, 0x80, 0x01, 0xff, 0xff, 0xff,
     0xff, 0xfe, 0xff, 0xff, 0x7f, 0xff, 0xdf, 0xff, 0xff, 0xff, 0xff, 0x80,
     0x01, 0xff, 0xff, 0xff, 0xff, 0xfd, 0xff, 0xff, 0x7f, 0xff, 0xdf, 0xff,
     0xff, 0xff, 0xff, 0x80, 0x01, 0xff, 0xff, 0xff, 0xff, 0xfd, 0xf9, 0xff,
     0xff, 0xe1, 0xef, 0xff, 0xff, 0xff, 0xff, 0x80, 0x01, 0xff, 0xff, 0xff,
     0xff, 0xfb, 0x98, 0x7f, 0xff, 0x20, 0xef, 0xff, 0xff, 0xff, 0xff, 0x80,
     0x01, 0xff, 0xff, 0xff, 0xff, 0xfb, 0x80, 0x3f, 0xfe, 0x00, 0xf7, 0xff,
     0xff, 0xff, 0xff, 0x80, 0x01, 0xff, 0xff, 0xff, 0xff, 0xf3, 0x80, 0x3f,
     0xfe, 0x04, 0x67, 0xff, 0xff, 0xff, 0xff, 0x80, 0x01, 0xff, 0xff, 0xff,
     0xff, 0xf1, 0x41, 0x3f, 0xfe, 0x04, 0x47, 0xff, 0xff, 0xff, 0xff, 0x80,
     0x01, 0xff, 0xff, 0xff, 0xff, 0xf1, 0x80, 0x7f, 0xff, 0x01, 0xe7, 0xff,
     0xff, 0xff, 0xff, 0x80, 0x01, 0xff, 0xff, 0xff, 0xff, 0xf3, 0xe1, 0xff,
     0xff, 0xff, 0xf7, 0xff, 0xff, 0xff, 0xff, 0x80, 0x01, 0xff, 0xff, 0xff,
     0xff, 0xf7, 0x3f, 0xfb, 0xef, 0xfe, 0x17, 0xff, 0xff, 0xff, 0xff, 0x80,
     0x01, 0xff, 0xff, 0xff, 0xff, 0xf6, 0x1f, 0xff, 0xff, 0xfe, 0x17, 0xff,
     0xff, 0xff, 0xff, 0x80, 0x01, 0xff, 0xff, 0xff, 0xff, 0xf2, 0x3f, 0xff,
     0xff, 0xff, 0xf7, 0xff, 0xff, 0xff, 0xff, 0x80, 0x01, 0xff, 0xff, 0xff,
     0xff, 0xfb, 0xff, 0xff, 0xff, 0xff, 0xe7, 0xff, 0xff, 0xff, 0xff, 0x80,
     0x01, 0xff, 0xff, 0xff, 0xff, 0xfb, 0xff, 0xff, 0xff, 0xff, 0xef, 0xff,
     0xff, 0xff, 0xff, 0x80, 0x01, 0xff, 0xff, 0xff, 0xff, 0xfd, 0xff, 0xff,
     0xff, 0xff, 0xdf, 0xff, 0xff, 0xff, 0xff, 0x80, 0x01, 0xff, 0xff, 0xff,
     0xff, 0xfe, 0xff, 0xff, 0xff, 0xff, 0xbf, 0xff, 0xff, 0xff, 0xff, 0x80,
     0x01, 0xff, 0xff, 0xff, 0xff, 0xff, 0x7f, 0xff, 0xff, 0xfe, 0x7f, 0xff,
     0xff, 0xff, 0xff, 0x80, 0x01, 0xff, 0xff, 0xff, 0xff, 0xff, 0x9f, 0xff,
     0xff, 0xf8, 0xff, 0xff, 0xff, 0xff, 0xff, 0x80, 0x01, 0xff, 0xff, 0xff,
     0xff, 0xff, 0xe3, 0xff, 0xff, 0xe3, 0xff, 0xff, 0xff, 0xff, 0xff, 0x80,
     0x01, 0xff, 0xff, 0xff, 0xff, 0xff, 0xf8, 0x7f, 0xfe, 0x1f, 0xff, 0xff,
     0xff, 0xff, 0xff, 0x80, 0x01, 0xff, 0xff, 0xff, 0xff, 0xff, 0xff, 0x83,
     0xe0, 0xff, 0xff, 0xff, 0xff, 0xff, 0xff, 0x80, 0x01, 0xff, 0xff, 0xff,
     0xff, 0xff, 0xff, 0xeb, 0xfd, 0xff, 0xff, 0xff, 0xff, 0xff, 0xff, 0x80,
     0x01, 0xff, 0xff, 0xff, 0xff, 0xff, 0xeb, 0xc3, 0xf8, 0xe7, 0xff, 0xff,
     0xff, 0xff, 0xff, 0x80, 0x01, 0xff, 0xff, 0xff, 0xff, 0xff, 0xec, 0x3b,
     0xfe, 0x15, 0xfe, 0xff, 0xff, 0xff, 0xff, 0x80, 0x01, 0xff, 0xff, 0xff,
     0xff, 0xff, 0xcf, 0xfb, 0xff, 0xfd, 0xf6, 0xff, 0xff, 0xff, 0xff, 0x80,
     0x01, 0xff, 0xff, 0xff, 0xff, 0xff, 0xef, 0xcf, 0xf5, 0xf9, 0xcd, 0xff,
     0xff, 0xff, 0xff, 0x80, 0x01, 0xff, 0xff, 0xff, 0xff, 0xff, 0xe8, 0x1f,
     0xf5, 0x0b, 0xbb, 0xff, 0xff, 0xff, 0xff, 0x80, 0x01, 0xff, 0xff, 0xff,
     0xff, 0xff, 0xff, 0xcf, 0xfd, 0xff, 0x77, 0xff, 0xff, 0xff, 0xff, 0x80,
     0x01, 0xff, 0xff, 0xff, 0xff, 0xff, 0xff, 0xd7, 0xff, 0xff, 0x6f, 0xff,
     0xff, 0xff, 0xff, 0x80, 0x01, 0xff, 0xff, 0xff, 0xff, 0xff, 0xff, 0xd7,
     0xfe, 0xfc, 0x6f, 0xff, 0xff, 0xff, 0xff, 0x80, 0x01, 0xff, 0xff, 0xff,
     0xff, 0xff, 0xff, 0xc7, 0xf8, 0xfb, 0xef, 0xff, 0xff, 0xff, 0xff, 0x80,
     0x01, 0xff, 0xff, 0xff, 0xff, 0xff, 0xff, 0xdf, 0xf5, 0x06, 0x9f, 0xff,
     0xff, 0xff, 0xff, 0x80, 0x01, 0xff, 0xff, 0xff, 0xff, 0xff, 0xff, 0xcf,
     0xf4, 0xb3, 0xdf, 0xff, 0xff, 0xff, 0xff, 0x80, 0x01, 0xff, 0xff, 0xff,
     0xff, 0xff, 0xff, 0x9b, 0xfe, 0xae, 0xbf, 0xff, 0xff, 0xff, 0xff, 0x80,
     0x01, 0xff, 0xff, 0xff, 0xff, 0xff, 0xff, 0xb9, 0xe5, 0xfd, 0x7f, 0xff,
     0xff, 0xff, 0xff, 0x80, 0x01, 0xff, 0xff, 0xff, 0xff, 0xff, 0xff, 0x9a,
     0x0e, 0x9c, 0xff, 0xff, 0xff, 0xff, 0xff, 0x80, 0x01, 0xff, 0xff, 0xff,
     0xff, 0xff, 0xff, 0xbb, 0x96, 0xb1, 0xff, 0xff, 0xff, 0xff, 0xff, 0x80,
     0x01, 0xff, 0xff, 0xff, 0xff, 0xff, 0xff, 0x9b, 0xfc, 0x0f, 0xff, 0xff,
     0xff, 0xff, 0xff, 0x80, 0x01, 0xff, 0xff, 0xff, 0xff, 0xff, 0xff, 0x7b,
     0xef, 0x7f, 0xff, 0xff, 0xff, 0xff, 0xff, 0x80, 0x01, 0xff, 0xff, 0xff,
     0xff, 0xff, 0xff, 0x87, 0xf0, 0x7f, 0xff, 0xff, 0xff, 0xff, 0xff, 0x80,
     0x01, 0xff, 0xff, 0xff, 0xff, 0xff, 0xff, 0xff, 0xff, 0xff, 0xff, 0xff,
     0xff, 0xff, 0xff, 0x80, 0x01, 0xff, 0xff, 0xff, 0xff, 0xff, 0xff, 0xff,
     0xff, 0xff, 0xff, 0xff, 0xff, 0xff, 0xff, 0x80, 0x01, 0xff, 0xff, 0xff,
     0xff, 0xff, 0xff, 0xff, 0xff, 0xff, 0xff, 0xff, 0xff, 0xff, 0xff, 0x80,
     0x00, 0x00, 0x00, 0x00, 0x00, 0x00, 0x00, 0x00, 0x00, 0x00, 0x00, 0x00,
     0x00, 0x00, 0x00, 0x00, 0x00, 0x00, 0x00, 0x00, 0x00, 0x00, 0x00, 0x00,
     0x00, 0x00, 0x00, 0x00, 0x00, 0x00, 0x00, 0x00, 0x00, 0x00, 0x00, 0x00,
     0x00, 0x00, 0x00, 0x00, 0x00, 0x00, 0x00, 0x00, 0x00, 0x00, 0x00, 0x00,
     0x00, 0x00, 0x00, 0x00, 0x00, 0x00, 0x00, 0x00, 0x00, 0x00, 0x00, 0x00,
     0x00, 0x00, 0x00, 0x00},
    {0x00, 0x00, 0x00, 0x00, 0x00, 0x00, 0x00, 0x00, 0x00, 0x00, 0x00, 0x00,
     0x00, 0x00, 0x00, 0x00, 0x00, 0x00, 0x00, 0x00, 0x00, 0x00, 0x00, 0x00,
     0x00, 0x00, 0x00, 0x00, 0x00, 0x00, 0x00, 0x00, 0x00, 0x00, 0x00, 0x00,
     0x00, 0x00, 0x00, 0x00, 0x00, 0x00, 0x00, 0x00, 0x00, 0x00, 0x00, 0x00,
     0x00, 0x00, 0x00, 0x00, 0x00, 0x00, 0x00, 0x00, 0x00, 0x00, 0x00, 0x00,
     0x00, 0x00, 0x00, 0x00, 0x01, 0xff, 0xff, 0xff, 0xff, 0xff, 0xff, 0xff,
     0xff, 0xff, 0xff, 0xff, 0xff, 0xff, 0xff, 0x80, 0x01, 0xff, 0xff, 0xff,
     0xff, 0xff, 0xff, 0xff, 0xff, 0xff, 0xff, 0xff, 0xff, 0xff, 0xff, 0x80,
     0x01, 0xff, 0xff, 0xff, 0xff, 0xff, 0xff, 0xff, 0xff, 0xff, 0xff, 0xff,
     0xff, 0xff, 0xff, 0x80, 0x01, 0xff, 0xff, 0xff, 0xff, 0xff, 0xff, 0xff,
     0xff, 0xff, 0xff, 0xff, 0xff, 0xff, 0xff, 0x80, 0x01, 0xff, 0xff, 0xff,
     0xff, 0xff, 0xff, 0xf0, 0x01, 0xff, 0xff, 0xff, 0xff, 0xff, 0xff, 0x80,
     0x01, 0xff, 0xff, 0xff, 0xff, 0xff, 0xff, 0x81, 0xe0, 0x3f, 0xff, 0xff,
     0xff, 0xff, 0xff, 0x80, 0x01, 0xff, 0xff, 0xff, 0xff, 0xff, 0xf8, 0x78,
     0xc7, 0x83, 0xff, 0xff, 0xff, 0xff, 0xff, 0x80, 0x01, 0xff, 0xff, 0xff,
     0xff, 0xff, 0xe3, 0x9c, 0xce, 0x7c, 0xff, 0xff, 0xff, 0xff, 0xff, 0x80,
     0x01, 0xff, 0xff, 0xff, 0xff, 0xff, 0xcf, 0xff, 0xff, 0xfe, 0x7f, 0xff,
     0xff, 0xff, 0xff, 0x80, 0x01, 0xff, 0xff, 0xff, 0xff, 0xff, 0x9f, 0xfd,
     0xe7, 0xff, 0x7f, 0xff, 0xff, 0xff, 0xff, 0x80, 0x01, 0xff, 0xff, 0xff,
     0xff, 0xff, 0xbf, 0xfc, 0xe7, 0xff, 0x3f, 0xff, 0xff, 0xff, 0xff, 0x80,
     0x01, 0xff, 0xff, 0xff, 0xff, 0xff, 0x7f, 0xff, 0xff, 0xff, 0xbf, 0xff,
     0xff, 0xff, 0xff, 0x80, 0x01, 0xff, 0xff, 0xff, 0xff, 0xff, 0x7f, 0xff,
     0xff, 0xff, 0xdf, 0xff, 0xff, 0xff, 0xff, 0x80, 0x01, 0xff, 0xff, 0xff,
     0xff, 0xfe, 0xff, 0xff, 0x3f, 0xff, 0xcf, 0xff, 0xff, 0xff, 0xff, 0x80,
     0x01, 0xff, 0xff, 0xff, 0xff, 0xfc, 0xff, 0xff, 0xff, 0xff, 0xef, 0xff,
     0xff, 0xff, 0xff, 0x80, 0x01, 0xff, 0xff, 0xff, 0xff, 0xfd, 0xff, 0xff,
     0xff, 0xff, 0xf7, 0xff, 0xff, 0xff, 0xff, 0x80, 0x01, 0xff, 0xff, 0xff,
     0xff, 0xfd, 0xf0, 0xff, 0xff, 0xc3, 0xf7, 0xff, 0xff, 0xff, 0xff, 0x80,
     0x01, 0xff, 0xff, 0xff, 0xff, 0xfb, 0xd0, 0x3f, 0xff, 0x00, 0xf3, 0xff,
     0xff, 0xff, 0xff, 0x80, 0x01, 0xff, 0xff, 0xff, 0xff, 0xfb, 0xc0, 0x3f,
     0xff, 0x18, 0x63, 0xff, 0xff, 0xff, 0xff, 0x80, 0x01, 0xff, 0xff, 0xff,
     0xff, 0xf9, 0xcf, 0xdf, 0xff, 0xfe, 0xe3, 0xff, 0xff, 0xff, 0xff, 0x80,
     0x01, 0xff, 0xff, 0xff, 0xff, 0xf9, 0xff, 0xff, 0xff, 0xff, 0xf3, 0xff,
     0xff, 0xff, 0xff, 0x80, 0x01, 0xff, 0xff, 0xff, 0xff, 0xfb, 0xff, 0xff,
     0xf7, 0xff, 0xfb, 0xff, 0xff, 0xff, 0xff, 0x80, 0x01, 0xff, 0xff, 0xff,
     0xff, 0xfb, 0x1f, 0xfd, 0xf7, 0xfe, 0x1b, 0xff, 0xff, 0xff, 0xff, 0x80,
     0x01, 0xff, 0xff, 0xff, 0xff, 0xfa, 0x1f, 0xff, 0xff, 0xfe, 0x1b, 0xff,
     0xff, 0xff, 0xff, 0x80, 0x01, 0xff, 0xff, 0xff, 0xff, 0xfb, 0xbf, 0xf7,
     0x3b, 0xff, 0xf7, 0xff, 0xff, 0xff, 0xff, 0x80, 0x01, 0xff, 0xff, 0xff,
     0xff, 0xf9, 0xff, 0xf8, 0x07, 0xff, 0xf7, 0xff, 0xff, 0xff, 0xff, 0x80,
     0x01, 0xff, 0xff, 0xff, 0xff, 0xfd, 0xff, 0xf8, 0x07, 0xff, 0xef, 0xff,
     0xff, 0xff, 0xff, 0x80, 0x01, 0xff, 0xff, 0xff, 0xff, 0xfe, 0xff, 0xfd,
     0xef, 0xff, 0xcf, 0xff, 0xff, 0xff, 0xff, 0x80, 0x01, 0xff, 0xff, 0xff,
     0xff, 0xff, 0x7f, 0xfe, 0x1f, 0xff, 0x9f, 0xff, 0xff, 0xff, 0xff, 0x80,
     0x01, 0xff, 0xff, 0xff, 0xff, 0xff, 0x9f, 0xff, 0xff, 0xff, 0x3f, 0xff,
     0xff, 0xff, 0xff, 0x80, 0x01, 0xff, 0xff, 0xff, 0xff, 0xff, 0xc7, 0xff,
     0xff, 0xf8, 0xff, 0xff, 0xff, 0xff, 0xff, 0x80, 0x01, 0xff, 0xff, 0xff,
     0xff, 0xff, 0xf1, 0xff, 0xff, 0xe3, 0xff, 0xff, 0xff, 0xff, 0xff, 0x80,
     0x01, 0xff, 0xff, 0xff, 0xff, 0xff, 0xfe, 0x0f, 0xfc, 0x1f, 0xff, 0xff,
     0xff, 0xff, 0xff, 0x80, 0x01, 0xff, 0xff, 0xff, 0xff, 0xff, 0xff, 0xe1,
     0xf0, 0xff, 0xff, 0xff, 0xff, 0xff, 0xff, 0x80, 0x01, 0xff, 0xff, 0xff,
     0xff, 0xff, 0xff, 0xe7, 0xfd, 0xff, 0xff, 0xff, 0xff, 0xff, 0xff, 0x80,
     0x01, 0xff, 0xff, 0xff, 0xff, 0xff, 0xff, 0x9f, 0xf8, 0x7f, 0xff, 0xff,
     0xff, 0xff, 0xff, 0x80, 0x01, 0xff, 0xff, 0xff, 0xff, 0xff, 0xff, 0x5f,
     0xff, 0x3f, 0xff, 0xff, 0xff, 0xff, 0xff, 0x80, 0x01, 0xff, 0xff, 0xff,
     0xff, 0xff, 0xf8, 0xef, 0xff, 0xdf, 0xff, 0xff, 0xff, 0xff, 0xff, 0x80,
     0x01, 0xff, 0xff, 0xff, 0xff, 0xff, 0xfb, 0xcb, 0xfc, 0xe7, 0xff, 0xff,
     0xff, 0xff, 0xff, 0x80, 0x01, 0xff, 0xff, 0xff, 0xff, 0xff, 0xff, 0xaf,
     0xfe, 0x7b, 0x90, 0xff, 0xff, 0xff, 0xff, 0x80, 0x01, 0xff, 0xff, 0xff,
     0xff, 0xff, 0xf7, 0x4f, 0xfc, 0xbb, 0x7f, 0x7f, 0xff, 0xff, 0xff, 0x80,
     0x01, 0xff, 0xff, 0xff, 0xff, 0xff, 0xf2, 0xdf, 0xfe, 0xf0, 0x70, 0x3f,
     0xff, 0xff, 0xff, 0x80, 0x01, 0xff, 0xff, 0xff, 0xff, 0xff, 0xfd, 0xcf,
     0xfe, 0xc3, 0xe7, 0xff, 0xff, 0xff, 0xff, 0x80, 0x01, 0xff, 0xff, 0xff,
     0xff, 0xff, 0xff, 0xdf, 0xfc, 0x07, 0xff, 0xff, 0xff, 0xff, 0xff, 0x80,
     0x01, 0xff, 0xff, 0xff, 0xff, 0xff, 0xff, 0xcf, 0xfe, 0xb3, 0xdf, 0xff,
     0xff, 0xff, 0xff, 0x80, 0x01, 0xff, 0xff, 0xff, 0xff, 0xff, 0xff, 0xcb,
     0xf4, 0xae, 0xbf, 0xff, 0xff, 0xff, 0xff, 0x80, 0x01, 0xff, 0xff, 0xff,
     0xff, 0xff, 0xff, 0x9f, 0xfe, 0xff, 0x7f, 0xff, 0xff, 0xff, 0xff, 0x80,
     0x01, 0xff, 0xff, 0xff, 0xff, 0xff, 0xff, 0xb8, 0x47, 0x06, 0xff, 0xff,
     0xff, 0xff, 0xff, 0x80, 0x01, 0xff, 0xff, 0xff, 0xff, 0xff, 0xff, 0x9b,
     0x3e, 0xf1, 0xff, 0xff, 0xff, 0xff, 0xff, 0x80, 0x01, 0xff, 0xff, 0xff,
     0xff, 0xff, 0xff, 0xdb, 0xc6, 0x0f, 0xff, 0xff, 0xff, 0xff, 0xff, 0x80,
     0x01, 0xff, 0xff, 0xff, 0xff, 0xff, 0xff, 0x9b, 0xfc, 0xff, 0xff, 0xff,
     0xff, 0xff, 0xff, 0x80, 0x01, 0xff, 0xff, 0xff, 0xff, 0xff, 0xff, 0x7b,
     0xef, 0x7f, 0xff, 0xff, 0xff, 0xff, 0xff, 0x80, 0x01, 0xff, 0xff, 0xff,
     0xff, 0xff, 0xff, 0x8f, 0xf0, 0x7f, 0xff, 0xff, 0xff, 0xff, 0xff, 0x80,
     0x01, 0xff, 0xff, 0xff, 0xff, 0xff, 0xff, 0xff, 0xff, 0xff, 0xff, 0xff,
     0xff, 0xff, 0xff, 0x80, 0x01, 0xff, 0xff, 0xff, 0xff, 0xff, 0xff, 0xff,
     0xff, 0xff, 0xff, 0xff, 0xff, 0xff, 0xff, 0x80, 0x01, 0xff, 0xff, 0xff,
     0xff, 0xff, 0xff, 0xff, 0xff, 0xff, 0xff, 0xff, 0xff, 0xff, 0xff, 0x80,
     0x00, 0x00, 0x00, 0x00, 0x00, 0x00, 0x00, 0x00, 0x00, 0x00, 0x00, 0x00,
     0x00, 0x00, 0x00, 0x00, 0x00, 0x00, 0x00, 0x00, 0x00, 0x00, 0x00, 0x00,
     0x00, 0x00, 0x00, 0x00, 0x00, 0x00, 0x00, 0x00, 0x00, 0x00, 0x00, 0x00,
     0x00, 0x00, 0x00, 0x00, 0x00, 0x00, 0x00, 0x00, 0x00, 0x00, 0x00, 0x00,
     0x00, 0x00, 0x00, 0x00, 0x00, 0x00, 0x00, 0x00, 0x00, 0x00, 0x00, 0x00,
     0x00, 0x00, 0x00, 0x00},
    {0x00, 0x00, 0x00, 0x00, 0x00, 0x00, 0x00, 0x00, 0x00, 0x00, 0x00, 0x00,
     0x00, 0x00, 0x00, 0x00, 0x00, 0x00, 0x00, 0x00, 0x00, 0x00, 0x00, 0x00,
     0x00, 0x00, 0x00, 0x00, 0x00, 0x00, 0x00, 0x00, 0x00, 0x00, 0x00, 0x00,
     0x00, 0x00, 0x00, 0x00, 0x00, 0x00, 0x00, 0x00, 0x00, 0x00, 0x00, 0x00,
     0x00, 0x00, 0x00, 0x00, 0x00, 0x00, 0x00, 0x00, 0x00, 0x00, 0x00, 0x00,
     0x00, 0x00, 0x00, 0x00, 0x01, 0xff, 0xff, 0xff, 0xff, 0xff, 0xff, 0xff,
     0xff, 0xff, 0xff, 0xff, 0xff, 0xff, 0xff, 0x80, 0x01, 0xff, 0xff, 0xff,
     0xff, 0xff, 0xff, 0xff, 0xff, 0xff, 0xff, 0xff, 0xff, 0xff, 0xff, 0x80,
     0x01, 0xff, 0xff, 0xff, 0xff, 0xff, 0xff, 0xff, 0xff, 0xff, 0xff, 0xff,
     0xff, 0xff, 0xff, 0x80, 0x01, 0xff, 0xff, 0xff, 0xff, 0xff, 0xff, 0xff,
     0xff, 0xff, 0xff, 0xff, 0xff, 0xff, 0xff, 0x80, 0x01, 0xff, 0xff, 0xff,
     0xff, 0xff, 0xff, 0xf0, 0x01, 0xff, 0xff, 0xff, 0xff, 0xff, 0xff, 0x80,
     0x01, 0xff, 0xff, 0xff, 0xff, 0xff, 0xff, 0x04, 0x38, 0x1f, 0xff, 0xff,
     0xff, 0xff, 0xff, 0x80, 0x01, 0xff, 0xff, 0xff, 0xff, 0xff, 0xf8, 0x0e,
     0x30, 0xc7, 0xff, 0xff, 0xff, 0xff, 0xff, 0x80, 0x01, 0xff, 0xff, 0xff,
     0xff, 0xff, 0xf7, 0xf7, 0x33, 0xc0, 0xff, 0xff, 0xff, 0xff, 0xff, 0x80,
     0x01, 0xff, 0xff, 0xff, 0xff, 0xff, 0xef, 0xff, 0xff, 0xbf, 0x3f, 0xff,
     0xff, 0xff, 0xff, 0x80, 0x01, 0xff, 0xff, 0xff, 0xff, 0xff, 0xef, 0xfe,
     0x7b, 0xff, 0xbf, 0xff, 0xff, 0xff, 0xff, 0x80, 0x01, 0xff, 0xff, 0xff,
     0xff, 0xff, 0xdf, 0xff, 0x7b, 0xff, 0xdf, 0xff, 0xff, 0xff, 0xff, 0x80,
     0x01, 0xff, 0xff, 0xff, 0xff, 0xff, 0x9f, 0xff, 0xfb, 0xff, 0xdf, 0xff,
     0xff, 0xff, 0xff, 0x80, 0x01, 0xff, 0xff, 0xff, 0xff, 0xff, 0xbf, 0xff,
     0xff, 0xff, 0xef, 0xff, 0xff, 0xff, 0xff, 0x80, 0x01, 0xff, 0xff, 0xff,
     0xff, 0xff, 0x7f, 0xff, 0xcf, 0xff, 0xe7, 0xff, 0xff, 0xff, 0xff, 0x80,
     0x01, 0xff, 0xff, 0xff, 0xff, 0xfe, 0x7f, 0xff, 0xff, 0xff, 0xf7, 0xff,
     0xff, 0xff, 0xff, 0x80, 0x01, 0xff, 0xff, 0xff, 0xff, 0xfe, 0xfc, 0x7f,
     0xff, 0xff, 0xf3, 0xff, 0xff, 0xff, 0xff, 0x80, 0x01, 0xff, 0xff, 0xff,
     0xff, 0xfc, 0xe8, 0x1f, 0xff, 0xf1, 0xfb, 0xff, 0xff, 0xff, 0xff, 0x80,
     0x01, 0xff, 0xff, 0xff, 0xff, 0xfc, 0xd0, 0x1f, 0xff, 0xc3, 0xfb, 0xff,
     0xff, 0xff, 0xff, 0x80, 0x01, 0xff, 0xff, 0xff, 0xff, 0xfc, 0x67, 0xcf,
     0xff, 0x80, 0x7d, 0xff, 0xff, 0xff, 0xff, 0x80, 0x01, 0xff, 0xff, 0xff,
     0xff, 0xfc, 0xff, 0xff, 0xff, 0xbe, 0x39, 0xff, 0xff, 0xff, 0xff, 0x80,
     0x01, 0xff, 0xff, 0xff, 0xff, 0xfd, 0xff, 0xff, 0xff, 0xff, 0xf1, 0xff,
     0xff, 0xff, 0xff, 0x80, 0x01, 0xff, 0xff, 0xff, 0xff, 0xfd, 0x0f, 0xfe,
     0xff, 0xff, 0xf9, 0xff, 0xff, 0xff, 0xff, 0x80, 0x01, 0xff, 0xff, 0xff,
     0xff, 0xfd, 0x0f, 0xfe, 0xfb, 0xff, 0xfd, 0xff, 0xff, 0xff, 0xff, 0x80,
     0x01, 0xff, 0xff, 0xff, 0xff, 0xfd, 0xff, 0xfb, 0xff, 0xff, 0x0d, 0xff,
     0xff, 0xff, 0xff, 0x80, 0x01, 0xff, 0xff, 0xff, 0xff, 0xfe, 0xff, 0xf8,
     0x01, 0xff, 0x0d, 0xff, 0xff, 0xff, 0xff, 0x80, 0x01, 0xff, 0xff, 0xff,
     0xff, 0xfe, 0xff, 0xfc, 0x03, 0xff, 0xfb, 0xff, 0xff, 0xff, 0xff, 0x80,
     0x01, 0xff, 0xff, 0xff, 0xff, 0xff, 0x7f, 0xfc, 0x43, 0xff, 0xfb, 0xff,
     0xff, 0xff, 0xff, 0x80, 0x01, 0xff, 0xff, 0xff, 0xff, 0xff, 0xbf, 0xfd,
     0xf3, 0xff, 0xf7, 0xff, 0xff, 0xff, 0xff, 0x80, 0x01, 0xff, 0xff, 0xff,
     0xff, 0xff, 0xdf, 0xfe, 0xf7, 0xff, 0xef, 0xff, 0xff, 0xff, 0xff, 0x80,
     0x01, 0xff, 0xff, 0xff, 0xff, 0xff, 0xe7, 0xff, 0x0f, 0xff, 0xdf, 0xff,
     0xff, 0xff, 0xff, 0x80, 0x01, 0xff, 0xff, 0xff, 0xff, 0xff, 0xf9, 0xff,
     0xff, 0xff, 0x3f, 0xff, 0xff, 0xff, 0xff, 0x80, 0x01, 0xff, 0xff, 0xff,
     0xff, 0xff, 0xfe, 0x3f, 0xff, 0xf8, 0xff, 0xff, 0xff, 0xff, 0xff, 0x80,
     0x01, 0xff, 0xff, 0xff, 0xff, 0xff, 0xff, 0xc3, 0xff, 0x83, 0xff, 0xff,
     0xff, 0xff, 0xff, 0x80, 0x01, 0xff, 0xff, 0xff, 0xff, 0xff, 0xff, 0xf7,
     0xf0, 0x7f, 0xff, 0xff, 0xff, 0xff, 0xff, 0x80, 0x01, 0xff, 0xff, 0xff,
     0xff, 0xff, 0xff, 0xe1, 0xfe, 0xff, 0xff, 0xff, 0xff, 0xff, 0xff, 0x80,
     0x01, 0xff, 0xff, 0xff, 0xff, 0xff, 0xff, 0xdf, 0xfc, 0x7f, 0xf8, 0xff,
     0xff, 0xff, 0xff, 0x80, 0x01, 0xff, 0xff, 0xff, 0xff, 0xff, 0xff, 0xbf,
     0xff, 0x3f, 0xe6, 0xff, 0xff, 0xff, 0xff, 0x80, 0x01, 0xff, 0xff, 0xff,
     0xff, 0xff, 0xfd, 0x77, 0xff, 0xdf, 0xc9, 0xff, 0xff, 0xff, 0xff, 0x80,
     0x01, 0xff, 0xff, 0xff, 0xff, 0xff, 0xfa, 0xcf, 0xfe, 0xef, 0xbb, 0xff,
     0xff, 0xff, 0xff, 0x80, 0x01, 0xff, 0xff, 0xff, 0xff, 0xff, 0xf7, 0xcb,
     0xfa, 0x7b, 0x77, 0xff, 0xff, 0xff, 0xff, 0x80, 0x01, 0xff, 0xff, 0xff,
     0xff, 0xff, 0xfb, 0xa3, 0xf8, 0xba, 0xef, 0xff, 0xff, 0xff, 0xff, 0x80,
     0x01, 0xff, 0xff, 0xff, 0xff, 0xff, 0xf8, 0x6f, 0xfa, 0xdc, 0x6f, 0xff,
     0xff, 0xff, 0xff, 0x80, 0x01, 0xff, 0xff, 0xff, 0xff, 0xff, 0xfc, 0xe7,
     0xfa, 0xc9, 0xef, 0xff, 0xff, 0xff, 0xff, 0x80, 0x01, 0xff, 0xff, 0xff,
     0xff, 0xff, 0xff, 0xeb, 0xf8, 0x02, 0xdf, 0xff, 0xff, 0xff, 0xff, 0x80,
     0x01, 0xff, 0xff, 0xff, 0xff, 0xff, 0xff, 0xcb, 0xfe, 0xb3, 0xdf, 0xff,
     0xff, 0xff, 0xff, 0x80, 0x01, 0xff, 0xff, 0xff, 0xff, 0xff, 0xff, 0xdf,
     0xfc, 0xbb, 0xbf, 0xff, 0xff, 0xff, 0xff, 0x80, 0x01, 0xff, 0xff, 0xff,
     0xff, 0xff, 0xff, 0xc9, 0xfe, 0xff, 0x7f, 0xff, 0xff, 0xff, 0xff, 0x80,
     0x01, 0xff, 0xff, 0xff, 0xff, 0xff, 0xff, 0xfc, 0x07, 0x76, 0x7f, 0xff,
     0xff, 0xff, 0xff, 0x80, 0x01, 0xff, 0xff, 0xff, 0xff, 0xff, 0xff, 0xcb,
     0xb7, 0x75, 0xff, 0xff, 0xff, 0xff, 0xff, 0x80, 0x01, 0xff, 0xff, 0xff,
     0xff, 0xff, 0xff, 0xdb, 0xc6, 0x87, 0xff, 0xff, 0xff, 0xff, 0xff, 0x80,
     0x01, 0xff, 0xff, 0xff, 0xff, 0xff, 0xff, 0xdf, 0xfe, 0xff, 0xff, 0xff,
     0xff, 0xff, 0xff, 0x80, 0x01, 0xff, 0xff, 0xff, 0xff, 0xff, 0xff, 0xbb,
     0xef, 0x7f, 0xff, 0xff, 0xff, 0xff, 0xff, 0x80, 0x01, 0xff, 0xff, 0xff,
     0xff, 0xff, 0xff, 0x8f, 0xf0, 0x7f, 0xff, 0xff, 0xff, 0xff, 0xff, 0x80,
     0x01, 0xff, 0xff, 0xff, 0xff, 0xff, 0xff, 0xff, 0xff, 0xff, 0xff, 0xff,
     0xff, 0xff, 0xff, 0x80, 0x01, 0xff, 0xff, 0xff, 0xff, 0xff, 0xff, 0xff,
     0xff, 0xff, 0xff, 0xff, 0xff, 0xff, 0xff, 0x80, 0x01, 0xff, 0xff, 0xff,
     0xff, 0xff, 0xff, 0xff, 0xff, 0xff, 0xff, 0xff, 0xff, 0xff, 0xff, 0x80,
     0x00, 0x00, 0x00, 0x00, 0x00, 0x00, 0x00, 0x00, 0x00, 0x00, 0x00, 0x00,
     0x00, 0x00, 0x00, 0x00, 0x00, 0x00, 0x00, 0x00, 0x00, 0x00, 0x00, 0x00,
     0x00, 0x00, 0x00, 0x00, 0x00, 0x00, 0x00, 0x00, 0x00, 0x00, 0x00, 0x00,
     0x00, 0x00, 0x00, 0x00, 0x00, 0x00, 0x00, 0x00, 0x00, 0x00, 0x00, 0x00,
     0x00, 0x00, 0x00, 0x00, 0x00, 0x00, 0x00, 0x00, 0x00, 0x00, 0x00, 0x00,
     0x00, 0x00, 0x00, 0x00},
    {0x00, 0x00, 0x00, 0x00, 0x00, 0x00, 0x00, 0x00, 0x00, 0x00, 0x00, 0x00,
     0x00, 0x00, 0x00, 0x00, 0x00, 0x00, 0x00, 0x00, 0x00, 0x00, 0x00, 0x00,
     0x00, 0x00, 0x00, 0x00, 0x00, 0x00, 0x00, 0x00, 0x00, 0x00, 0x00, 0x00,
     0x00, 0x00, 0x00, 0x00, 0x00, 0x00, 0x00, 0x00, 0x00, 0x00, 0x00, 0x00,
     0x00, 0x00, 0x00, 0x00, 0x00, 0x00, 0x00, 0x00, 0x00, 0x00, 0x00, 0x00,
     0x00, 0x00, 0x00, 0x00, 0x01, 0xff, 0xff, 0xff, 0xff, 0xff, 0xff, 0xff,
     0xff, 0xff, 0xff, 0xff, 0xff, 0xff, 0xff, 0x80, 0x01, 0xff, 0xff, 0xff,
     0xff, 0xff, 0xff, 0xff, 0xff, 0xff, 0xff, 0xff, 0xff, 0xff, 0xff, 0x80,
     0x01, 0xff, 0xff, 0xff, 0xff, 0xff, 0xff, 0xff, 0xff, 0xff, 0xff, 0xff,
     0xff, 0xff, 0xff, 0x80, 0x01, 0xff, 0xff, 0xff, 0xff, 0xff, 0xff, 0xff,
     0xff, 0xff, 0xff, 0xff, 0xff, 0xff, 0xff, 0x80, 0x01, 0xff, 0xff, 0xff,
     0xff, 0xff, 0xff, 0xff, 0x1f, 0xff, 0xff, 0xff, 0xff, 0xff, 0xff, 0x80,
     0x01, 0xff, 0xff, 0xff, 0xff, 0xff, 0xff, 0x00, 0x00, 0x7f, 0xff, 0xff,
     0xff, 0xff, 0xff, 0x80, 0x01, 0xff, 0xff, 0xff, 0xff, 0xff, 0xfc, 0x63,
     0x1c, 0x0f, 0xff, 0xff, 0xff, 0xff, 0xff, 0x80, 0x01, 0xff, 0xff, 0xff,
     0xff, 0xff, 0xf9, 0xf9, 0x9c, 0x73, 0xff, 0xff, 0xff, 0xff, 0xff, 0x80,
     0x01, 0xff, 0xff, 0xff, 0xff, 0xff, 0xf7, 0xff, 0xfc, 0xe0, 0x7f, 0xff,
     0xff, 0xff, 0xff, 0x80, 0x01, 0xff, 0xff, 0xff, 0xff, 0xff, 0xf7, 0xff,
     0xbf, 0xdf, 0x3f, 0xff, 0xff, 0xff, 0xff, 0x80, 0x01, 0xff, 0xff, 0xff,
     0xff, 0xff, 0xef, 0xff, 0x9c, 0xff, 0xdf, 0xff, 0xff, 0xff, 0xff, 0x80,
     0x01, 0xff, 0xff, 0xff, 0xff, 0xff, 0xdf, 0xff, 0x9c, 0xff, 0xef, 0xff,
     0xff, 0xff, 0xff, 0x80, 0x01, 0xff, 0xff, 0xff, 0xff, 0xff, 0x9f, 0xff,
     0xff, 0xff, 0xef, 0xff, 0xff, 0xff, 0xff, 0x80, 0x01, 0xff, 0xff, 0xff,
     0xff, 0xff, 0xbf, 0xff, 0xef, 0xff, 0xe7, 0xff, 0xff, 0xff, 0xff, 0x80,
     0x01, 0xff, 0xff, 0xff, 0xff, 0xff, 0x7f, 0xff, 0xe7, 0xff, 0xf7, 0xff,
     0xff, 0xff, 0xff, 0x80, 0x01, 0xff, 0xff, 0xff, 0xff, 0xfe, 0x76, 0x3f,
     0xff, 0xff, 0xf3, 0xff, 0xff, 0xff, 0xff, 0x80, 0x01, 0xff, 0xff, 0xff,
     0xff, 0xfe, 0x78, 0x0f, 0xff, 0xff, 0xfb, 0xff, 0xff, 0xff, 0xff, 0x80,
     0x01, 0xff, 0xff, 0xff, 0xff, 0xfe, 0x71, 0x8f, 0xff, 0xff, 0xfb, 0xff,
     0xff, 0xff, 0xff, 0x80, 0x01, 0xff, 0xff, 0xff, 0xff, 0xfc, 0x77, 0xe7,
     0xff, 0xe6, 0xfd, 0xff, 0xff, 0xff, 0xff, 0x80, 0x01, 0xff, 0xff, 0xff,
     0xff, 0xfd, 0xff, 0xff, 0xff, 0xc0, 0xfd, 0xff, 0xff, 0xff, 0xff, 0x80,
     0x01, 0xff, 0xff, 0xff, 0xff, 0xfd, 0x8f, 0xff, 0xff, 0xde, 0x3d, 0xff,
     0xff, 0xff, 0xff, 0x80, 0x01, 0xff, 0xff, 0xff, 0xff, 0xfd, 0x87, 0xff,
     0xff, 0xff, 0x39, 0xff, 0xff, 0xff, 0xff, 0x80, 0x01, 0xff, 0xff, 0xff,
     0xff, 0xfe, 0xcf, 0xfe, 0xfb, 0xff, 0xf8, 0xff, 0xff, 0xff, 0xff, 0x80,
     0x01, 0xff, 0xff, 0xff, 0xff, 0xfe, 0xff, 0xff, 0xfb, 0xff, 0xfc, 0xff,
     0xff, 0xff, 0xff, 0x80, 0x01, 0xff, 0xff, 0xff, 0xff, 0xfe, 0xff, 0xfc,
     0x1f, 0xff, 0x8d, 0xff, 0xff, 0xff, 0xff, 0x80, 0x01, 0xff, 0xff, 0xff,
     0xff, 0xff, 0x7f, 0xfc, 0x01, 0xff, 0x05, 0xff, 0xff, 0xff, 0xff, 0x80,
     0x01, 0xff, 0xff, 0xff, 0xff, 0xff, 0xbf, 0xfc, 0x03, 0xff, 0x8d, 0xff,
     0xff, 0xff, 0xff, 0x80, 0x01, 0xff, 0xff, 0xff, 0xff, 0xff, 0x9f, 0xfc,
     0xf3, 0xff, 0xf9, 0xff, 0xff, 0xff, 0xff, 0x80, 0x01, 0xff, 0xff, 0xff,
     0xff, 0xff, 0xcf, 0xfe, 0xf3, 0xff, 0xfb, 0xff, 0xff, 0xff, 0xff, 0x80,
     0x01, 0xff, 0xff, 0xff, 0xff, 0xff, 0xf3, 0xfe, 0x67, 0xff, 0xf7, 0xff,
     0xff, 0xff, 0xff, 0x80, 0x01, 0xff, 0xff, 0xff, 0xff, 0xff, 0xf8, 0xff,
     0x9f, 0xff, 0xcf, 0xff, 0xff, 0xff, 0xff, 0x80, 0x01, 0xff, 0xff, 0xff,
     0xff, 0xff, 0xfe, 0x3f, 0xff, 0xff, 0x9f, 0xff, 0xff, 0xff, 0xff, 0x80,
     0x01, 0xff, 0xff, 0xff, 0xff, 0xff, 0xff, 0xc7, 0xff, 0xfc, 0x7f, 0xff,
     0xff, 0xff, 0xff, 0x80, 0x01, 0xff, 0xff, 0xff, 0xff, 0xff, 0xff, 0xf1,
     0xfe, 0x01, 0xff, 0xff, 0xff, 0xff, 0xff, 0x80, 0x01, 0xff, 0xff, 0xff,
     0xff, 0xff, 0xff, 0xf7, 0xfc, 0xff, 0xff, 0xff, 0xff, 0xff, 0xff, 0x80,
     0x01, 0xff, 0xff, 0xff, 0xff, 0xff, 0xff, 0xe7, 0xfc, 0xff, 0xff, 0xff,
     0xff, 0xff, 0xff, 0x80, 0x01, 0xff, 0xff, 0xff, 0xff, 0xff, 0xfd, 0x9f,
     0xff, 0x3f, 0xff, 0xff, 0xff, 0xff, 0xff, 0x80, 0x01, 0xff, 0xff, 0xff,
     0xff, 0xff, 0xf2, 0x7f, 0xff, 0x9f, 0xff, 0xff, 0xff, 0xff, 0xff, 0x80,
     0x01, 0xff, 0xff, 0xff, 0xff, 0xff, 0xe7, 0xef, 0xfe, 0xeb, 0xff, 0xff,
     0xff, 0xff, 0xff, 0x80, 0x01, 0xff, 0xff, 0xff, 0xff, 0xff, 0xf7, 0xcb,
     0xfe, 0x7f, 0xff, 0xff, 0xff, 0xff, 0xff, 0x80, 0x01, 0xff, 0xff, 0xff,
     0xff, 0xff, 0xf0, 0x63, 0xfa, 0xbd, 0xff, 0x3f, 0xff, 0xff, 0xff, 0x80,
     0x01, 0xff, 0xff, 0xff, 0xff, 0xff, 0xff, 0xef, 0xf8, 0xc9, 0xfb, 0x7f,
     0xff, 0xff, 0xff, 0x80, 0x01, 0xff, 0xff, 0xff, 0xff, 0xff, 0xff, 0xff,
     0xfa, 0xf3, 0xea, 0xff, 0xff, 0xff, 0xff, 0x80, 0x01, 0xff, 0xff, 0xff,
     0xff, 0xff, 0xff, 0xef, 0xf8, 0xff, 0xdf, 0xff, 0xff, 0xff, 0xff, 0x80,
     0x01, 0xff, 0xff, 0xff, 0xff, 0xff, 0xff, 0x8b, 0xfe, 0x1e, 0x39, 0xff,
     0xff, 0xff, 0xff, 0x80, 0x01, 0xff, 0xff, 0xff, 0xff, 0xff, 0xff, 0xcf,
     0xfe, 0xb3, 0xb3, 0xff, 0xff, 0xff, 0xff, 0x80, 0x01, 0xff, 0xff, 0xff,
     0xff, 0xff, 0xff, 0x77, 0xf7, 0x3a, 0xe7, 0xff, 0xff, 0xff, 0xff, 0x80,
     0x01, 0xff, 0xff, 0xff, 0xff, 0xff, 0xff, 0x71, 0xe4, 0x6f, 0xef, 0xff,
     0xff, 0xff, 0xff, 0x80, 0x01, 0xff, 0xff, 0xff, 0xff, 0xff, 0xfe, 0x6e,
     0x07, 0x7e, 0xdf, 0xff, 0xff, 0xff, 0xff, 0x80, 0x01, 0xff, 0xff, 0xff,
     0xff, 0xff, 0xfc, 0xef, 0x96, 0xfd, 0x3f, 0xff, 0xff, 0xff, 0xff, 0x80,
     0x01, 0xff, 0xff, 0xff, 0xff, 0xff, 0xff, 0x3f, 0xee, 0x01, 0xff, 0xff,
     0xff, 0xff, 0xff, 0x80, 0x01, 0xff, 0xff, 0xff, 0xff, 0xff, 0xff, 0xff,
     0xef, 0x7f, 0xff, 0xff, 0xff, 0xff, 0xff, 0x80, 0x01, 0xff, 0xff, 0xff,
     0xff, 0xff, 0xff, 0xff, 0xf0, 0x7f, 0xff, 0xff, 0xff, 0xff, 0xff, 0x80,
     0x01, 0xff, 0xff, 0xff, 0xff, 0xff, 0xff, 0xff, 0xff, 0xff, 0xff, 0xff,
     0xff, 0xff, 0xff, 0x80, 0x01, 0xff, 0xff, 0xff, 0xff, 0xff, 0xff, 0xff,
     0xff, 0xff, 0xff, 0xff, 0xff, 0xff, 0xff, 0x80, 0x01, 0xff, 0xff, 0xff,
     0xff, 0xff, 0xff, 0xff, 0xff, 0xff, 0xff, 0xff, 0xff, 0xff, 0xff, 0x80,
     0x00, 0x00, 0x00, 0x00, 0x00, 0x00, 0x00, 0x00, 0x00, 0x00, 0x00, 0x00,
     0x00, 0x00, 0x00, 0x00, 0x00, 0x00, 0x00, 0x00, 0x00, 0x00, 0x00, 0x00,
     0x00, 0x00, 0x00, 0x00, 0x00, 0x00, 0x00, 0x00, 0x00, 0x00, 0x00, 0x00,
     0x00, 0x00, 0x00, 0x00, 0x00, 0x00, 0x00, 0x00, 0x00, 0x00, 0x00, 0x00,
     0x00, 0x00, 0x00, 0x00, 0x00, 0x00, 0x00, 0x00, 0x00, 0x00, 0x00, 0x00,
     0x00, 0x00, 0x00, 0x00},
    {0x00, 0x00, 0x00, 0x00, 0x00, 0x00, 0x00, 0x00, 0x00, 0x00, 0x00, 0x00,
     0x00, 0x00, 0x00, 0x00, 0x00, 0x00, 0x00, 0x00, 0x00, 0x00, 0x00, 0x00,
     0x00, 0x00, 0x00, 0x00, 0x00, 0x00, 0x00, 0x00, 0x00, 0x00, 0x00, 0x00,
     0x00, 0x00, 0x00, 0x00, 0x00, 0x00, 0x00, 0x00, 0x00, 0x00, 0x00, 0x00,
     0x00, 0x00, 0x00, 0x00, 0x00, 0x00, 0x00, 0x00, 0x00, 0x00, 0x00, 0x00,
     0x00, 0x00, 0x00, 0x00, 0x01, 0xff, 0xff, 0xff, 0xff, 0xff, 0xff, 0xff,
     0xff, 0xff, 0xff, 0xff, 0xff, 0xff, 0xff, 0x80, 0x01, 0xff, 0xff, 0xff,
     0xff, 0xff, 0xff, 0xff, 0xff, 0xff, 0xff, 0xff, 0xff, 0xff, 0xff, 0x80,
     0x01, 0xff, 0xff, 0xff, 0xff, 0xff, 0xff, 0xff, 0xff, 0xff, 0xff, 0xff,
     0xff, 0xff, 0xff, 0x80, 0x01, 0xff, 0xff, 0xff, 0xff, 0xff, 0xff, 0xff,
     0xff, 0xff, 0xff, 0xff, 0xff, 0xff, 0xff, 0x80, 0x01, 0xff, 0xff, 0xff,
     0xff, 0xff, 0xff, 0xf0, 0x00, 0xff, 0xff, 0xff, 0xff, 0xff, 0xff, 0x80,
     0x01, 0xff, 0xff, 0xff, 0xff, 0xff, 0xfe, 0x07, 0x0e, 0x1f, 0xff, 0xff,
     0xff, 0xff, 0xff, 0x80, 0x01, 0xff, 0xff, 0xff, 0xff, 0xff, 0xf9, 0xf9,
     0x8c, 0x07, 0xff, 0xff, 0xff, 0xff, 0xff, 0x80, 0x01, 0xff, 0xff, 0xff,
     0xff, 0xff, 0xf3, 0xff, 0xfc, 0x79, 0xff, 0xff, 0xff, 0xff, 0xff, 0x80,
     0x01, 0xff, 0xff, 0xff, 0xff, 0xff, 0xf7, 0xff, 0xff, 0xe0, 0x7f, 0xff,
     0xff, 0xff, 0xff, 0x80, 0x01, 0xff, 0xff, 0xff, 0xff, 0xff, 0xe7, 0xff,
     0x9f, 0xff, 0x9f, 0xff, 0xff, 0xff, 0xff, 0x80, 0x01, 0xff, 0xff, 0xff,
     0xff, 0xff, 0xcf, 0xff, 0x9c, 0xff, 0xcf, 0xff, 0xff, 0xff, 0xff, 0x80,
     0x01, 0xff, 0xff, 0xff, 0xff, 0xff, 0x9f, 0xff, 0xfd, 0xff, 0xef, 0xff,
     0xff, 0xff, 0xff, 0x80, 0x01, 0xff, 0xff, 0xff, 0xff, 0xff, 0xbf, 0xff,
     0xff, 0xff, 0xe7, 0xff, 0xff, 0xff, 0xff, 0x80, 0x01, 0xff, 0xff, 0xff,
     0xff, 0xff, 0x7f, 0xff, 0xe7, 0xff, 0xf7, 0xff, 0xff, 0xff, 0xff, 0x80,
     0x01, 0xff, 0xff, 0xff, 0xff, 0xfe, 0x7e, 0x3f, 0xff, 0xff, 0xf7, 0xff,
     0xff, 0xff, 0xff, 0x80, 0x01, 0xff, 0xff, 0xff, 0xff, 0xfe, 0x78, 0x0f,
     0xff, 0xff, 0xfb, 0xff, 0xff, 0xff, 0xff, 0x80, 0x01, 0xff, 0xff, 0xff,
     0xff, 0xfe, 0x30, 0x0f, 0xff, 0xff, 0xfb, 0xff, 0xff, 0xff, 0xff, 0x80,
     0x01, 0xff, 0xff, 0xff, 0xff, 0xfc, 0x77, 0xe7, 0xff, 0xf9, 0xf9, 0xff,
     0xff, 0xff, 0xff, 0x80, 0x01, 0xff, 0xff, 0xff, 0xff, 0xfd, 0xff, 0xff,
     0xff, 0xe1, 0xfd, 0xff, 0xff, 0xff, 0xff, 0x80, 0x01, 0xff, 0xff, 0xff,
     0xff, 0xfd, 0x8f, 0xff, 0xff, 0xc0, 0x3d, 0xff, 0xff, 0xff, 0xff, 0x80,
     0x01, 0xff, 0xff, 0xff, 0xff, 0xfd, 0x87, 0xff, 0xff, 0xfe, 0x1d, 0xff,
     0xff, 0xff, 0xff, 0x80, 0x01, 0xff, 0xff, 0xff, 0xff, 0xfc, 0xcf, 0xfe,
     0xff, 0xff, 0xb9, 0xff, 0xff, 0xff, 0xff, 0x80, 0x01, 0xff, 0xff, 0xff,
     0xff, 0xfe, 0xff, 0xff, 0xfb, 0xff, 0xf9, 0xff, 0xff, 0xff, 0xff, 0x80,
     0x01, 0xff, 0xff, 0xff, 0xff, 0xfe, 0xff, 0xf9, 0xff, 0xff, 0xfd, 0xff,
     0xff, 0xff, 0xff, 0x80, 0x01, 0xff, 0xff, 0xff, 0xff, 0xff, 0x7f, 0xfc,
     0x05, 0xff, 0x0d, 0xff, 0xff, 0xff, 0xff, 0x80, 0x01, 0xff, 0xff, 0xff,
     0xff, 0xff, 0x3f, 0xfc, 0x03, 0xff, 0x05, 0xff, 0xff, 0xff, 0xff, 0x80,
     0x01, 0xff, 0xff, 0xff, 0xff, 0xff, 0x9f, 0xfc, 0xe3, 0xff, 0xdd, 0xff,
     0xff, 0xff, 0xff, 0x80, 0x01, 0xff, 0xff, 0xff, 0xff, 0xff, 0xcf, 0xfd,
     0xf3, 0xff, 0xfb, 0xff, 0xff, 0xff, 0xff, 0x80, 0x01, 0xff, 0xff, 0xff,
     0xff, 0xff, 0xe7, 0xfe, 0xf7, 0xff, 0xf3, 0xff, 0xff, 0xff, 0xff, 0x80,
     0x01, 0xff, 0xff, 0xff, 0xff, 0xff, 0xf9, 0xff, 0x0f, 0xff, 0xe7, 0xff,
     0xff, 0xff, 0xff, 0x80, 0x01, 0xff, 0xff, 0xff, 0xff, 0xff, 0xfe, 0x3f,
     0xff, 0xff, 0xcf, 0xff, 0xff, 0xff, 0xff, 0x80, 0x01, 0xff, 0xff, 0xff,
     0xff, 0xff, 0xff, 0x8f, 0xff, 0xff, 0x3f, 0xff, 0xff, 0xff, 0xff, 0x80,
     0x01, 0xff, 0xff, 0xff, 0xff, 0xff, 0xff, 0xe1, 0xff, 0xf0, 0xff, 0xff,
     0xff, 0xff, 0xff, 0x80, 0x01, 0xff, 0xff, 0xff, 0xff, 0xff, 0xfb, 0xef,
     0xf0, 0x07, 0xff, 0xff, 0xff, 0xff, 0xff, 0x80, 0x01, 0xff, 0xff, 0xff,
     0xff, 0xff, 0xe4, 0xe7, 0xf1, 0xfb, 0xff, 0xff, 0xff, 0xff, 0xff, 0x80,
     0x01, 0xff, 0xff, 0xff, 0xff, 0xff, 0xee, 0x9f, 0xf6, 0x73, 0xff, 0xff,
     0xff, 0xff, 0xff, 0x80, 0x01, 0xff, 0xff, 0xff, 0xff, 0xff, 0xef, 0xdf,
     0xf7, 0x9f, 0xff, 0xff, 0xff, 0xff, 0xff, 0x80, 0x01, 0xff, 0xff, 0xff,
     0xff, 0xff, 0xf7, 0xeb, 0xfd, 0xfd, 0xff, 0xff, 0xff, 0xff, 0xff, 0x80,
     0x01, 0xff, 0xff, 0xff, 0xff, 0xff, 0xf8, 0x0b, 0xfc, 0xf9, 0xf7, 0xff,
     0xff, 0xff, 0xff, 0x80, 0x01, 0xff, 0xff, 0xff, 0xff, 0xff, 0xff, 0xef,
     0xfe, 0x8f, 0xbf, 0xff, 0xff, 0xff, 0xff, 0x80, 0x01, 0xff, 0xff, 0xff,
     0xff, 0xff, 0xff, 0xcf, 0xfc, 0xff, 0x7f, 0xbf, 0xff, 0xff, 0xff, 0x80,
     0x01, 0xff, 0xff, 0xff, 0xff, 0xff, 0xff, 0xdf, 0xfe, 0xfc, 0x77, 0xbf,
     0xff, 0xff, 0xff, 0x80, 0x01, 0xff, 0xff, 0xff, 0xff, 0xff, 0xff, 0x8f,
     0xfc, 0xfb, 0xef, 0xff, 0xff, 0xff, 0xff, 0x80, 0x01, 0xff, 0xff, 0xff,
     0xff, 0xff, 0xff, 0x5f, 0xfe, 0x07, 0xdf, 0xff, 0xff, 0xff, 0xff, 0x80,
     0x01, 0xff, 0xff, 0xff, 0xff, 0xff, 0xf8, 0x6b, 0xfe, 0xb3, 0xdf, 0xff,
     0xff, 0xff, 0xff, 0x80, 0x01, 0xff, 0xff, 0xff, 0xff, 0xff, 0xfa, 0xff,
     0xf4, 0xaf, 0xbf, 0xff, 0xff, 0xff, 0xff, 0x80, 0x01, 0xff, 0xff, 0xff,
     0xff, 0xff, 0xfb, 0xc1, 0xfe, 0xfd, 0x7f, 0xff, 0xff, 0xff, 0xff, 0x80,
     0x01, 0xff, 0xff, 0xff, 0xff, 0xff, 0xfd, 0xbc, 0x0f, 0x06, 0xff, 0xff,
     0xff, 0xff, 0xff, 0x80, 0x01, 0xff, 0xff, 0xff, 0xff, 0xff, 0xfe, 0x7f,
     0xbe, 0xf1, 0xff, 0xff, 0xff, 0xff, 0xff, 0x80, 0x01, 0xff, 0xff, 0xff,
     0xff, 0xff, 0xff, 0xff, 0xc6, 0x0f, 0xff, 0xff, 0xff, 0xff, 0xff, 0x80,
     0x01, 0xff, 0xff, 0xff, 0xff, 0xff, 0xff, 0xff, 0xfc, 0xff, 0xff, 0xff,
     0xff, 0xff, 0xff, 0x80, 0x01, 0xff, 0xff, 0xff, 0xff, 0xff, 0xff, 0xff,
     0xef, 0x7f, 0xff, 0xff, 0xff, 0xff, 0xff, 0x80, 0x01, 0xff, 0xff, 0xff,
     0xff, 0xff, 0xff, 0xff, 0xf0, 0x7f, 0xff, 0xff, 0xff, 0xff, 0xff, 0x80,
     0x01, 0xff, 0xff, 0xff, 0xff, 0xff, 0xff, 0xff, 0xff, 0xff, 0xff, 0xff,
     0xff, 0xff, 0xff, 0x80, 0x01, 0xff, 0xff, 0xff, 0xff, 0xff, 0xff, 0xff,
     0xff, 0xff, 0xff, 0xff, 0xff, 0xff, 0xff, 0x80, 0x01, 0xff, 0xff, 0xff,
     0xff, 0xff, 0xff, 0xff, 0xff, 0xff, 0xff, 0xff, 0xff, 0xff, 0xff, 0x80,
     0x00, 0x00, 0x00, 0x00, 0x00, 0x00, 0x00, 0x00, 0x00, 0x00, 0x00, 0x00,
     0x00, 0x00, 0x00, 0x00, 0x00, 0x00, 0x00, 0x00, 0x00, 0x00, 0x00, 0x00,
     0x00, 0x00, 0x00, 0x00, 0x00, 0x00, 0x00, 0x00, 0x00, 0x00, 0x00, 0x00,
     0x00, 0x00, 0x00, 0x00, 0x00, 0x00, 0x00, 0x00, 0x00, 0x00, 0x00, 0x00,
     0x00, 0x00, 0x00, 0x00, 0x00, 0x00, 0x00, 0x00, 0x00, 0x00, 0x00, 0x00,
     0x00, 0x00, 0x00, 0x00},
    {0x00, 0x00, 0x00, 0x00, 0x00, 0x00, 0x00, 0x00, 0x00, 0x00, 0x00, 0x00,
     0x00, 0x00, 0x00, 0x00, 0x00, 0x00, 0x00, 0x00, 0x00, 0x00, 0x00, 0x00,
     0x00, 0x00, 0x00, 0x00, 0x00, 0x00, 0x00, 0x00, 0x00, 0x00, 0x00, 0x00,
     0x00, 0x00, 0x00, 0x00, 0x00, 0x00, 0x00, 0x00, 0x00, 0x00, 0x00, 0x00,
     0x00, 0x00, 0x00, 0x00, 0x00, 0x00, 0x00, 0x00, 0x00, 0x00, 0x00, 0x00,
     0x00, 0x00, 0x00, 0x00, 0x01, 0xff, 0xff, 0xff, 0xff, 0xff, 0xff, 0xff,
     0xff, 0xff, 0xff, 0xff, 0xff, 0xff, 0xff, 0x80, 0x01, 0xff, 0xff, 0xff,
     0xff, 0xff, 0xff, 0xff, 0xff, 0xff, 0xff, 0xff, 0xff, 0xff, 0xff, 0x80,
     0x01, 0xff, 0xff, 0xff, 0xff, 0xff, 0xff, 0xff, 0xff, 0xff, 0xff, 0xff,
     0xff, 0xff, 0xff, 0x80, 0x01, 0xff, 0xff, 0xff, 0xff, 0xff, 0xff, 0xff,
     0xff, 0xff, 0xff, 0xff, 0xff, 0xff, 0xff, 0x80, 0x01, 0xff, 0xff, 0xff,
     0xff, 0xff, 0xff, 0xff, 0x1f, 0xff, 0xff, 0xff, 0xff, 0xff, 0xff, 0x80,
     0x01, 0xff, 0xff, 0xff, 0xff, 0xff, 0xff, 0x00, 0x00, 0x7f, 0xff, 0xff,
     0xff, 0xff, 0xff, 0x80, 0x01, 0xff, 0xff, 0xff, 0xff, 0xff, 0xfc, 0xf3,
     0x8e, 0x0f, 0xff, 0xff, 0xff, 0xff, 0xff, 0x80, 0x01, 0xff, 0xff, 0xff,
     0xff, 0xff, 0xfb, 0xfd, 0x8c, 0x23, 0xff, 0xff, 0xff, 0xff, 0xff, 0x80,
     0x01, 0xff, 0xff, 0xff, 0xff, 0xff, 0xf7, 0xff, 0xfc, 0xf0, 0xff, 0xff,
     0xff, 0xff, 0xff, 0x80, 0x01, 0xff, 0xff, 0xff, 0xff, 0xff, 0xf7, 0xff,
     0xbf, 0xce, 0x3f, 0xff, 0xff, 0xff, 0xff, 0x80, 0x01, 0xff, 0xff, 0xff,
     0xff, 0xff, 0xef, 0xff, 0x9e, 0xff, 0x9f, 0xff, 0xff, 0xff, 0xff, 0x80,
     0x01, 0xff, 0xff, 0xff, 0xff, 0xff, 0xdf, 0xff, 0x9c, 0xff, 0xcf, 0xff,
     0xff, 0xff, 0xff, 0x80, 0x01, 0xff, 0xff, 0xff, 0xff, 0xff, 0xbf, 0xff,
     0xff, 0xff, 0xef, 0xff, 0xff, 0xff, 0xff, 0x80, 0x01, 0xff, 0xff, 0xff,
     0xff, 0xff, 0x3f, 0xff, 0xff, 0xff, 0xef, 0xff, 0xff, 0xff, 0xff, 0x80,
     0x01, 0xff, 0xff, 0xff, 0xff, 0xff, 0x7f, 0xff, 0xe7, 0xff, 0xf7, 0xff,
     0xff, 0xff, 0xff, 0x80, 0x01, 0xff, 0xff, 0xff, 0xff, 0xfe, 0xf7, 0x9f,
     0xff, 0xff, 0xf7, 0xff, 0xff, 0xff, 0xff, 0x80, 0x01, 0xff, 0xff, 0xff,
     0xff, 0xfe, 0x68, 0x0f, 0xff, 0xff, 0xfb, 0xff, 0xff, 0xff, 0xff, 0x80,
     0x01, 0xff, 0xff, 0xff, 0xff, 0xfe, 0x73, 0x8f, 0xff, 0xff, 0xfb, 0xff,
     0xff, 0xff, 0xff, 0x80, 0x01, 0xff, 0xff, 0xff, 0xff, 0xfc, 0xff, 0xe7,
     0xff, 0xe0, 0xf9, 0xff, 0xff, 0xff, 0xff, 0x80, 0x01, 0xff, 0xff, 0xff,
     0xff, 0xfd, 0xff, 0xff, 0xff, 0xc1, 0xfd, 0xff, 0xff, 0xff, 0xff, 0x80,
     0x01, 0xff, 0xff, 0xff, 0xff, 0xfd, 0x8f, 0xff, 0xff, 0x80, 0x3d, 0xff,
     0xff, 0xff, 0xff, 0x80, 0x01, 0xff, 0xff, 0xff, 0xff, 0xfd, 0x87, 0xff,
     0xff, 0xff, 0x1d, 0xff, 0xff, 0xff, 0xff, 0x80, 0x01, 0xff, 0xff, 0xff,
     0xff, 0xfc, 0xff, 0xfe, 0xfb, 0xff, 0xb9, 0xff, 0xff, 0xff, 0xff, 0x80,
     0x01, 0xff, 0xff, 0xff, 0xff, 0xfe, 0xff, 0xfb, 0xfb, 0xff, 0xf9, 0xff,
     0xff, 0xff, 0xff, 0x80, 0x01, 0xff, 0xff, 0xff, 0xff, 0xfe, 0xff, 0xf8,
     0x1f, 0xff, 0xfd, 0xff, 0xff, 0xff, 0xff, 0x80, 0x01, 0xff, 0xff, 0xff,
     0xff, 0xff, 0x7f, 0xfc, 0x01, 0xff, 0x0d, 0xff, 0xff, 0xff, 0xff, 0x80,
     0x01, 0xff, 0xff, 0xff, 0xff, 0xff, 0xbf, 0xfc, 0x03, 0xff, 0x0d, 0xff,
     0xff, 0xff, 0xff, 0x80, 0x01, 0xff, 0xff, 0xff, 0xff, 0xff, 0x9f, 0xfd,
     0xe3, 0xff, 0xfb, 0xff, 0xff, 0xff, 0xff, 0x80, 0x01, 0xff, 0xff, 0xff,
     0xff, 0xff, 0xcf, 0xfd, 0xf7, 0xff, 0xfb, 0xff, 0xff, 0xff, 0xff, 0x80,
     0x01, 0xff, 0xff, 0xff, 0xff, 0xff, 0xf3, 0xfe, 0xef, 0xff, 0xf7, 0xff,
     0xff, 0xff, 0xff, 0x80, 0x01, 0xff, 0xff, 0xff, 0xff, 0xff, 0xf8, 0xff,
     0x1f, 0xff, 0xef, 0xff, 0xff, 0xff, 0xff, 0x80, 0x01, 0xff, 0xff, 0xff,
     0xff, 0xff, 0xfe, 0x3f, 0xff, 0xff, 0x9f, 0xff, 0xff, 0xff, 0xff, 0x80,
     0x01, 0xff, 0xff, 0xff, 0xff, 0xff, 0xff, 0xc7, 0xff, 0xfe, 0x3f, 0xff,
     0xff, 0xff, 0xff, 0x80, 0x01, 0xff, 0xff, 0xff, 0xff, 0xff, 0xff, 0xeb,
     0xff, 0xc1, 0xff, 0xff, 0xff, 0xff, 0xff, 0x80, 0x01, 0xff, 0xff, 0xff,
     0xff, 0xff, 0xff, 0xef, 0xf0, 0x3f, 0xff, 0xff, 0xff, 0xff, 0xff, 0x80,
     0x01, 0xff, 0xff, 0xff, 0xff, 0xff, 0xfb, 0xc7, 0xf0, 0xff, 0xff, 0xff,
     0xff, 0xff, 0xff, 0x80, 0x01, 0xff, 0xff, 0xff, 0xff, 0xff, 0xe5, 0x3f,
     0xf6, 0x7f, 0xff, 0xff, 0xff, 0xff, 0xff, 0x80, 0x01, 0xff, 0xff, 0xff,
     0xff, 0xff, 0xef, 0xfb, 0xf6, 0xa3, 0xff, 0xff, 0xff, 0xff, 0xff, 0x80,
     0x01, 0xff, 0xff, 0xff, 0xff, 0xff, 0xdf, 0xcb, 0xfd, 0xdd, 0xff, 0xff,
     0xff, 0xff, 0xff, 0x80, 0x01, 0xff, 0xff, 0xff, 0xff, 0xff, 0xee, 0x2f,
     0xfc, 0xfd, 0xff, 0x7f, 0xff, 0xff, 0xff, 0x80, 0x01, 0xff, 0xff, 0xff,
     0xff, 0xff, 0xf7, 0xcf, 0xfc, 0x39, 0xff, 0xff, 0xff, 0xff, 0xff, 0x80,
     0x01, 0xff, 0xff, 0xff, 0xff, 0xff, 0xff, 0xdf, 0xfe, 0xc3, 0xf6, 0xff,
     0xff, 0xff, 0xff, 0x80, 0x01, 0xff, 0xff, 0xff, 0xff, 0xff, 0xff, 0xdf,
     0xfe, 0xff, 0xdf, 0xff, 0xff, 0xff, 0xff, 0x80, 0x01, 0xff, 0xff, 0xff,
     0xff, 0xff, 0xff, 0xcf, 0xfc, 0xff, 0x3b, 0xff, 0xff, 0xff, 0xff, 0x80,
     0x01, 0xff, 0xff, 0xff, 0xff, 0xff, 0xff, 0xdf, 0xfe, 0x01, 0xb7, 0xff,
     0xff, 0xff, 0xff, 0x80, 0x01, 0xff, 0xff, 0xff, 0xff, 0xff, 0xff, 0x8b,
     0xf4, 0xb2, 0xf7, 0xff, 0xff, 0xff, 0xff, 0x80, 0x01, 0xff, 0xff, 0xff,
     0xff, 0xff, 0xff, 0x77, 0xfe, 0xbb, 0xef, 0xff, 0xff, 0xff, 0xff, 0x80,
     0x01, 0xff, 0xff, 0xff, 0xff, 0xff, 0xff, 0x39, 0xe5, 0x7f, 0x5f, 0xff,
     0xff, 0xff, 0xff, 0x80, 0x01, 0xff, 0xff, 0xff, 0xff, 0xff, 0xff, 0x76,
     0x1f, 0x31, 0xbf, 0xff, 0xff, 0xff, 0xff, 0x80, 0x01, 0xff, 0xff, 0xff,
     0xff, 0xff, 0xfd, 0x6f, 0x96, 0xbc, 0xff, 0xff, 0xff, 0xff, 0xff, 0x80,
     0x01, 0xff, 0xff, 0xff, 0xff, 0xff, 0xfe, 0xff, 0xee, 0x03, 0xff, 0xff,
     0xff, 0xff, 0xff, 0x80, 0x01, 0xff, 0xff, 0xff, 0xff, 0xff, 0xff, 0x1f,
     0xef, 0x7f, 0xff, 0xff, 0xff, 0xff, 0xff, 0x80, 0x01, 0xff, 0xff, 0xff,
     0xff, 0xff, 0xff, 0xff, 0xf0, 0x7f, 0xff, 0xff, 0xff, 0xff, 0xff, 0x80,
     0x01, 0xff, 0xff, 0xff, 0xff, 0xff, 0xff, 0xff, 0xff, 0xff, 0xff, 0xff,
     0xff, 0xff, 0xff, 0x80, 0x01, 0xff, 0xff, 0xff, 0xff, 0xff, 0xff, 0xff,
     0xff, 0xff, 0xff, 0xff, 0xff, 0xff, 0xff, 0x80, 0x01, 0xff, 0xff, 0xff,
     0xff, 0xff, 0xff, 0xff, 0xff, 0xff, 0xff, 0xff, 0xff, 0xff, 0xff, 0x80,
     0x00, 0x00, 0x00, 0x00, 0x00, 0x00, 0x00, 0x00, 0x00, 0x00, 0x00, 0x00,
     0x00, 0x00, 0x00, 0x00, 0x00, 0x00, 0x00, 0x00, 0x00, 0x00, 0x00, 0x00,
     0x00, 0x00, 0x00, 0x00, 0x00, 0x00, 0x00, 0x00, 0x00, 0x00, 0x00, 0x00,
     0x00, 0x00, 0x00, 0x00, 0x00, 0x00, 0x00, 0x00, 0x00, 0x00, 0x00, 0x00,
     0x00, 0x00, 0x00, 0x00, 0x00, 0x00, 0x00, 0x00, 0x00, 0x00, 0x00, 0x00,
     0x00, 0x00, 0x00, 0x00},
    {0x00, 0x00, 0x00, 0x00, 0x00, 0x00, 0x00, 0x00, 0x00, 0x00, 0x00, 0x00,
     0x00, 0x00, 0x00, 0x00, 0x00, 0x00, 0x00, 0x00, 0x00, 0x00, 0x00, 0x00,
     0x00, 0x00, 0x00, 0x00, 0x00, 0x00, 0x00, 0x00, 0x00, 0x00, 0x00, 0x00,
     0x00, 0x00, 0x00, 0x00, 0x00, 0x00, 0x00, 0x00, 0x00, 0x00, 0x00, 0x00,
     0x00, 0x00, 0x00, 0x00, 0x00, 0x00, 0x00, 0x00, 0x00, 0x00, 0x00, 0x00,
     0x00, 0x00, 0x00, 0x00, 0x01, 0xff, 0xff, 0xff, 0xff, 0xff, 0xff, 0xff,
     0xff, 0xff, 0xff, 0xff, 0xff, 0xff, 0xff, 0x80, 0x01, 0xff, 0xff, 0xff,
     0xff, 0xff, 0xff, 0xff, 0xff, 0xff, 0xff, 0xff, 0xff, 0xff, 0xff, 0x80,
     0x01, 0xff, 0xff, 0xff, 0xff, 0xff, 0xff, 0xff, 0xff, 0xff, 0xff, 0xff,
     0xff, 0xff, 0xff, 0x80, 0x01, 0xff, 0xff, 0xff, 0xff, 0xff, 0xff, 0xff,
     0xff, 0xff, 0xff, 0xff, 0xff, 0xff, 0xff, 0x80, 0x01, 0xff, 0xff, 0xff,
     0xff, 0xff, 0xff, 0xf0, 0x00, 0xff, 0xff, 0xff, 0xff, 0xff, 0xff, 0x80,
     0x01, 0xff, 0xff, 0xff, 0xff, 0xff, 0xfe, 0x07, 0x1e, 0x1f, 0xff, 0xff,
     0xff, 0xff, 0xff, 0x80, 0x01, 0xff, 0xff, 0xff, 0xff, 0xff, 0xf9, 0xfb,
     0x9c, 0x27, 0xff, 0xff, 0xff, 0xff, 0xff, 0x80, 0x01, 0xff, 0xff, 0xff,
     0xff, 0xff, 0xf3, 0xff, 0xdc, 0xf0, 0xff, 0xff, 0xff, 0xff, 0xff, 0x80,
     0x01, 0xff, 0xff, 0xff, 0xff, 0xff, 0xf7, 0xff, 0xff, 0xce, 0x3f, 0xff,
     0xff, 0xff, 0xff, 0x80, 0x01, 0xff, 0xff, 0xff, 0xff, 0xff, 0xef, 0xff,
     0xbf, 0xff, 0x9f, 0xff, 0xff, 0xff, 0xff, 0x80, 0x01, 0xff, 0xff, 0xff,
     0xff, 0xff, 0xcf, 0xff, 0x9c, 0xff, 0xcf, 0xff, 0xff, 0xff, 0xff, 0x80,
     0x01, 0xff, 0xff, 0xff, 0xff, 0xff, 0x9f, 0xff, 0xfd, 0xff, 0xef, 0xff,
     0xff, 0xff, 0xff, 0x80, 0x01, 0xff, 0xff, 0xff, 0xff, 0xff, 0xbf, 0xff,
     0xff, 0xff, 0xef, 0xff, 0xff, 0xff, 0xff, 0x80, 0x01, 0xff, 0xff, 0xff,
     0xff, 0xff, 0x7f, 0xff, 0xe7, 0xff, 0xf7, 0xff, 0xff, 0xff, 0xff, 0x80,
     0x01, 0xff, 0xff, 0xff, 0xff, 0xff, 0x7e, 0x3f, 0xff, 0xff, 0xf7, 0xff,
     0xff, 0xff, 0xff, 0x80, 0x01, 0xff, 0xff, 0xff, 0xff, 0xfe, 0xf0, 0x1f,
     0xff, 0xff, 0xfb, 0xff, 0xff, 0xff, 0xff, 0x80, 0x01, 0xff, 0xff, 0xff,
     0xff, 0xfe, 0x60, 0x0f, 0xff, 0xff, 0xfb, 0xff, 0xff, 0xff, 0xff, 0x80,
     0x01, 0xff, 0xff, 0xff, 0xff, 0xfe, 0x77, 0xcf, 0xff, 0xf0, 0xfd, 0xff,
     0xff, 0xff, 0xff, 0x80, 0x01, 0xff, 0xff, 0xff, 0xff, 0xfd, 0xff, 0xff,
     0xff, 0xc1, 0xfd, 0xff, 0xff, 0xff, 0xff, 0x80, 0x01, 0xff, 0xff, 0xff,
     0xff, 0xfd, 0xdf, 0xff, 0xff, 0xc0, 0x3d, 0xff, 0xff, 0xff, 0xff, 0x80,
     0x01, 0xff, 0xff, 0xff, 0xff, 0xfd, 0x87, 0xff, 0xff, 0xff, 0x1d, 0xff,
     0xff, 0xff, 0xff, 0x80, 0x01, 0xff, 0xff, 0xff, 0xff, 0xfc, 0x87, 0xfe,
     0xff, 0xff, 0xb9, 0xff, 0xff, 0xff, 0xff, 0x80, 0x01, 0xff, 0xff, 0xff,
     0xff, 0xfe, 0xff, 0xff, 0xfb, 0xff, 0xf9, 0xff, 0xff, 0xff, 0xff, 0x80,
     0x01, 0xff, 0xff, 0xff, 0xff, 0xfe, 0xff, 0xf9, 0xff, 0xff, 0xfd, 0xff,
     0xff, 0xff, 0xff, 0x80, 0x01, 0xff, 0xff, 0xff, 0xff, 0xff, 0x7f, 0xfc,
     0x05, 0xff, 0x0d, 0xff, 0xff, 0xff, 0xff, 0x80, 0x01, 0xff, 0xff, 0xff,
     0xff, 0xff, 0x3f, 0xfc, 0x03, 0xff, 0x8d, 0xff, 0xff, 0xff, 0xff, 0x80,
     0x01, 0xff, 0xff, 0xff, 0xff, 0xff, 0xbf, 0xfc, 0xe3, 0xff, 0xf9, 0xff,
     0xff, 0xff, 0xff, 0x80, 0x01, 0xff, 0xff, 0xff, 0xff, 0xff, 0xcf, 0xfc,
     0xf3, 0xff, 0xfb, 0xff, 0xff, 0xff, 0xff, 0x80, 0x01, 0xff, 0xff, 0xff,
     0xff, 0xff, 0xe7, 0xfe, 0xf7, 0xff, 0xf7, 0xff, 0xff, 0xff, 0xff, 0x80,
     0x01, 0xff, 0xff, 0xff, 0xff, 0xff, 0xf9, 0xff, 0x0f, 0xff, 0xe7, 0xff,
     0xff, 0xff, 0xff, 0x80, 0x01, 0xff, 0xff, 0xff, 0xff, 0xff, 0xfe, 0x7f,
     0xff, 0xff, 0x9f, 0xff, 0xff, 0xff, 0xff, 0x80, 0x01, 0xff, 0xff, 0xff,
     0xff, 0xff, 0xff, 0x8f, 0xff, 0xfe, 0x3f, 0xff, 0xff, 0xff, 0xff, 0x80,
     0x01, 0xff, 0xff, 0xff, 0xff, 0xff, 0xff, 0xe1, 0xff, 0xe0, 0xff, 0xff,
     0xff, 0xff, 0xff, 0x80, 0x01, 0xff, 0xff, 0xff, 0xff, 0xff, 0xff, 0xf7,
     0xf0, 0x0f, 0xff, 0xff, 0xff, 0xff, 0xff, 0x80, 0x01, 0xff, 0xff, 0xff,
     0xff, 0xff, 0xf4, 0xe7, 0xfd, 0xff, 0xff, 0xff, 0xff, 0xff, 0xff, 0x80,
     0x01, 0xff, 0xff, 0xff, 0xff, 0xff, 0xee, 0x9f, 0xfc, 0x77, 0xff, 0xff,
     0xff, 0xff, 0xff, 0x80, 0x01, 0xff, 0xff, 0xff, 0xff, 0xff, 0xf6, 0x5f,
     0xff, 0x29, 0xff, 0xff, 0xff, 0xff, 0xff, 0x80, 0x01, 0xff, 0xff, 0xff,
     0xff, 0xff, 0xef, 0xef, 0xff, 0xed, 0xff, 0xff, 0xff, 0xff, 0xff, 0x80,
     0x01, 0xff, 0xff, 0xff, 0xff, 0xff, 0xfb, 0x8b, 0xfe, 0xfc, 0xff, 0xff,
     0xff, 0xff, 0xff, 0x80, 0x01, 0xff, 0xff, 0xff, 0xff, 0xff, 0xff, 0xeb,
     0xfe, 0x3d, 0xf3, 0xff, 0xff, 0xff, 0xff, 0x80, 0x01, 0xff, 0xff, 0xff,
     0xff, 0xff, 0xff, 0xef, 0xfc, 0xff, 0x7b, 0xff, 0xff, 0xff, 0xff, 0x80,
     0x01, 0xff, 0xff, 0xff, 0xff, 0xff, 0xff, 0xdf, 0xfa, 0xfd, 0x7f, 0xff,
     0xff, 0xff, 0xff, 0x80, 0x01, 0xff, 0xff, 0xff, 0xff, 0xff, 0xff, 0xcf,
     0xf8, 0xf7, 0xe3, 0x7f, 0xff, 0xff, 0xff, 0x80, 0x01, 0xff, 0xff, 0xff,
     0xff, 0xff, 0xff, 0x9f, 0xfe, 0x17, 0xdf, 0xff, 0xff, 0xff, 0xff, 0x80,
     0x01, 0xff, 0xff, 0xff, 0xff, 0xff, 0xff, 0x4b, 0xfe, 0xb3, 0x7f, 0xff,
     0xff, 0xff, 0xff, 0x80, 0x01, 0xff, 0xff, 0xff, 0xff, 0xff, 0xff, 0x3f,
     0xf4, 0xaf, 0xbf, 0xff, 0xff, 0xff, 0xff, 0x80, 0x01, 0xff, 0xff, 0xff,
     0xff, 0xff, 0xfc, 0x71, 0xfe, 0xfb, 0x7f, 0xff, 0xff, 0xff, 0xff, 0x80,
     0x01, 0xff, 0xff, 0xff, 0xff, 0xff, 0xfd, 0xec, 0x0f, 0x35, 0xff, 0xff,
     0xff, 0xff, 0xff, 0x80, 0x01, 0xff, 0xff, 0xff, 0xff, 0xff, 0xfe, 0xdf,
     0xbe, 0xf3, 0xff, 0xff, 0xff, 0xff, 0xff, 0x80, 0x01, 0xff, 0xff, 0xff,
     0xff, 0xff, 0xff, 0x1f, 0xc6, 0x1f, 0xff, 0xff, 0xff, 0xff, 0xff, 0x80,
     0x01, 0xff, 0xff, 0xff, 0xff, 0xff, 0xff, 0xff, 0xfc, 0xff, 0xff, 0xff,
     0xff, 0xff, 0xff, 0x80, 0x01, 0xff, 0xff, 0xff, 0xff, 0xff, 0xff, 0xff,
     0xef, 0x7f, 0xff, 0xff, 0xff, 0xff, 0xff, 0x80, 0x01, 0xff, 0xff, 0xff,
     0xff, 0xff, 0xff, 0xff, 0xf0, 0x7f, 0xff, 0xff, 0xff, 0xff, 0xff, 0x80,
     0x01, 0xff, 0xff, 0xff, 0xff, 0xff, 0xff, 0xff, 0xff, 0xff, 0xff, 0xff,
     0xff, 0xff, 0xff, 0x80, 0x01, 0xff, 0xff, 0xff, 0xff, 0xff, 0xff, 0xff,
     0xff, 0xff, 0xff, 0xff, 0xff, 0xff, 0xff, 0x80, 0x01, 0xff, 0xff, 0xff,
     0xff, 0xff, 0xff, 0xff, 0xff, 0xff, 0xff, 0xff, 0xff, 0xff, 0xff, 0x80,
     0x00, 0x00, 0x00, 0x00, 0x00, 0x00, 0x00, 0x00, 0x00, 0x00, 0x00, 0x00,
     0x00, 0x00, 0x00, 0x00, 0x00, 0x00, 0x00, 0x00, 0x00, 0x00, 0x00, 0x00,
     0x00, 0x00, 0x00, 0x00, 0x00, 0x00, 0x00, 0x00, 0x00, 0x00, 0x00, 0x00,
     0x00, 0x00, 0x00, 0x00, 0x00, 0x00, 0x00, 0x00, 0x00, 0x00, 0x00, 0x00,
     0x00, 0x00, 0x00, 0x00, 0x00, 0x00, 0x00, 0x00, 0x00, 0x00, 0x00, 0x00,
     0x00, 0x00, 0x00, 0x00},
    {0x00, 0x00, 0x00, 0x00, 0x00, 0x00, 0x00, 0x00, 0x00, 0x00, 0x00, 0x00,
     0x00, 0x00, 0x00, 0x00, 0x00, 0x00, 0x00, 0x00, 0x00, 0x00, 0x00, 0x00,
     0x00, 0x00, 0x00, 0x00, 0x00, 0x00, 0x00, 0x00, 0x00, 0x00, 0x00, 0x00,
     0x00, 0x00, 0x00, 0x00, 0x00, 0x00, 0x00, 0x00, 0x00, 0x00, 0x00, 0x00,
     0x00, 0x00, 0x00, 0x00, 0x00, 0x00, 0x00, 0x00, 0x00, 0x00, 0x00, 0x00,
     0x00, 0x00, 0x00, 0x00, 0x01, 0xff, 0xff, 0xff, 0xff, 0xff, 0xff, 0xff,
     0xff, 0xff, 0xff, 0xff, 0xff, 0xff, 0xff, 0x80, 0x01, 0xff, 0xff, 0xff,
     0xff, 0xff, 0xff, 0xff, 0xff, 0xff, 0xff, 0xff, 0xff, 0xff, 0xff, 0x80,
     0x01, 0xff, 0xff, 0xff, 0xff, 0xff, 0xff, 0xff, 0xff, 0xff, 0xff, 0xff,
     0xff, 0xff, 0xff, 0x80, 0x01, 0xff, 0xff, 0xff, 0xff, 0xff, 0xff, 0xff,
     0xff, 0xff, 0xff, 0xff, 0xff, 0xff, 0xff, 0x80, 0x01, 0xff, 0xff, 0xff,
     0xff, 0xff, 0xff, 0xf8, 0x01, 0xff, 0xff, 0xff, 0xff, 0xff, 0xff, 0x80,
     0x01, 0xff, 0xff, 0xff, 0xff, 0xff, 0xff, 0x02, 0x1c, 0x3f, 0xff, 0xff,
     0xff, 0xff, 0xff, 0x80, 0x01, 0xff, 0xff, 0xff, 0xff, 0xff, 0xfc, 0xe7,
     0x18, 0x07, 0xff, 0xff, 0xff, 0xff, 0xff, 0x80, 0x01, 0xff, 0xff, 0xff,
     0xff, 0xff, 0xf3, 0xfb, 0x98, 0xf0, 0xff, 0xff, 0xff, 0xff, 0xff, 0x80,
     0x01, 0xff, 0xff, 0xff, 0xff, 0xff, 0xf7, 0xff, 0xff, 0xce, 0x3f, 0xff,
     0xff, 0xff, 0xff, 0x80, 0x01, 0xff, 0xff, 0xff, 0xff, 0xff, 0xef, 0xff,
     0x3f, 0xff, 0x9f, 0xff, 0xff, 0xff, 0xff, 0x80, 0x01, 0xff, 0xff, 0xff,
     0xff, 0xff, 0xcf, 0xff, 0x39, 0xff, 0xdf, 0xff, 0xff, 0xff, 0xff, 0x80,
     0x01, 0xff, 0xff, 0xff, 0xff, 0xff, 0xdf, 0xff, 0xf9, 0xff, 0xef, 0xff,
     0xff, 0xff, 0xff, 0x80, 0x01, 0xff, 0xff, 0xff, 0xff, 0xff, 0xbf, 0xff,
     0xff, 0xff, 0xef, 0xff, 0xff, 0xff, 0xff, 0x80, 0x01, 0xff, 0xff, 0xff,
     0xff, 0xff, 0x7f, 0xff, 0xef, 0xff, 0xe7, 0xff, 0xff, 0xff, 0xff, 0x80,
     0x01, 0xff, 0xff, 0xff, 0xff, 0xff, 0x7f, 0xff, 0xff, 0xff, 0xf7, 0xff,
     0xff, 0xff, 0xff, 0x80, 0x01, 0xff, 0xff, 0xff, 0xff, 0xfe, 0xff, 0x3f,
     0xff, 0xff, 0xfb, 0xff, 0xff, 0xff, 0xff, 0x80, 0x01, 0xff, 0xff, 0xff,
     0xff, 0xfe, 0xf0, 0x1f, 0xff, 0xff, 0xfb, 0xff, 0xff, 0xff, 0xff, 0x80,
     0x01, 0xff, 0xff, 0xff, 0xff, 0xfc, 0x61, 0x8f, 0xff, 0xf0, 0xf9, 0xff,
     0xff, 0xff, 0xff, 0x80, 0x01, 0xff, 0xff, 0xff, 0xff, 0xfc, 0x7f, 0xef,
     0xff, 0xc0, 0xfd, 0xff, 0xff, 0xff, 0xff, 0x80, 0x01, 0xff, 0xff, 0xff,
     0xff, 0xfd, 0xff, 0xff, 0xff, 0x80, 0x7d, 0xff, 0xff, 0xff, 0xff, 0x80,
     0x01, 0xff, 0xff, 0xff, 0xff, 0xfd, 0x8f, 0xff, 0xff, 0xff, 0x19, 0xff,
     0xff, 0xff, 0xff, 0x80, 0x01, 0xff, 0xff, 0xff, 0xff, 0xfd, 0x87, 0xfe,
     0xff, 0xff, 0xf9, 0xff, 0xff, 0xff, 0xff, 0x80, 0x01, 0xff, 0xff, 0xff,
     0xff, 0xfc, 0xcf, 0xff, 0xfb, 0xff, 0xf9, 0xff, 0xff, 0xff, 0xff, 0x80,
     0x01, 0xff, 0xff, 0xff, 0xff, 0xfe, 0xff, 0xfb, 0xff, 0xff, 0x9d, 0xff,
     0xff, 0xff, 0xff, 0x80, 0x01, 0xff, 0xff, 0xff, 0xff, 0xfe, 0xff, 0xfc,
     0x0f, 0xff, 0x05, 0xff, 0xff, 0xff, 0xff, 0x80, 0x01, 0xff, 0xff, 0xff,
     0xff, 0xff, 0x7f, 0xfc, 0x01, 0xff, 0x8d, 0xff, 0xff, 0xff, 0xff, 0x80,
     0x01, 0xff, 0xff, 0xff, 0xff, 0xff, 0x3f, 0xfc, 0x03, 0xff, 0xf9, 0xff,
     0xff, 0xff, 0xff, 0x80, 0x01, 0xff, 0xff, 0xff, 0xff, 0xff, 0x9f, 0xfc,
     0xf3, 0xff, 0xfb, 0xff, 0xff, 0xff, 0xff, 0x80, 0x01, 0xff, 0xff, 0xff,
     0xff, 0xff, 0xcf, 0xfe, 0xf7, 0xff, 0xf7, 0xff, 0xff, 0xff, 0xff, 0x80,
     0x01, 0xff, 0xff, 0xff, 0xff, 0xff, 0xf3, 0xff, 0x0f, 0xff, 0xef, 0xff,
     0xff, 0xff, 0xff, 0x80, 0x01, 0xff, 0xff, 0xff, 0xff, 0xff, 0xf8, 0xff,
     0xff, 0xff, 0x9f, 0xff, 0xff, 0xff, 0xff, 0x80, 0x01, 0xff, 0xff, 0xff,
     0xff, 0xff, 0xff, 0x1f, 0xff, 0xfe, 0x3f, 0xff, 0xff, 0xff, 0xff, 0x80,
     0x01, 0xff, 0xff, 0xff, 0xff, 0xff, 0xff, 0xc3, 0xff, 0xe0, 0xff, 0xff,
     0xff, 0xff, 0xff, 0x80, 0x01, 0xff, 0xff, 0xff, 0xff, 0xff, 0xff, 0xf7,
     0xf0, 0x0f, 0xff, 0xff, 0xff, 0xff, 0xff, 0x80, 0x01, 0xff, 0xff, 0xff,
     0xff, 0xff, 0xff, 0xf7, 0xff, 0xff, 0xff, 0xff, 0xff, 0xff, 0xff, 0x80,
     0x01, 0xff, 0xff, 0xff, 0xff, 0xff, 0xfc, 0xcf, 0xfc, 0xff, 0xff, 0xff,
     0xff, 0xff, 0xff, 0x80, 0x01, 0xff, 0xff, 0xff, 0xff, 0xff, 0xf3, 0x1f,
     0xff, 0x31, 0xfc, 0xff, 0xff, 0xff, 0xff, 0x80, 0x01, 0xff, 0xff, 0xff,
     0xff, 0xff, 0xf7, 0xff, 0xff, 0xcd, 0xf7, 0xff, 0xff, 0xff, 0xff, 0x80,
     0x01, 0xff, 0xff, 0xff, 0xff, 0xff, 0xf7, 0xef, 0xfe, 0xfe, 0xed, 0xff,
     0xff, 0xff, 0xff, 0x80, 0x01, 0xff, 0xff, 0xff, 0xff, 0xff, 0xfc, 0x2b,
     0xfe, 0x7d, 0xfb, 0xff, 0xff, 0xff, 0xff, 0x80, 0x01, 0xff, 0xff, 0xff,
     0xff, 0xff, 0xff, 0xe3, 0xf8, 0xc1, 0xff, 0xff, 0xff, 0xff, 0xff, 0x80,
     0x01, 0xff, 0xff, 0xff, 0xff, 0xff, 0xff, 0xff, 0xfa, 0xff, 0x77, 0xff,
     0xff, 0xff, 0xff, 0x80, 0x01, 0xff, 0xff, 0xff, 0xff, 0xff, 0xff, 0xef,
     0xfa, 0xfe, 0x6f, 0xff, 0xff, 0xff, 0xff, 0x80, 0x01, 0xff, 0xff, 0xff,
     0xff, 0xff, 0xff, 0xef, 0xf8, 0x79, 0xef, 0xff, 0xff, 0xff, 0xff, 0x80,
     0x01, 0xff, 0xff, 0xff, 0xff, 0xff, 0xff, 0xcb, 0xfe, 0x83, 0xff, 0xff,
     0xff, 0xff, 0xff, 0x80, 0x01, 0xff, 0xff, 0xff, 0xff, 0xff, 0xff, 0x9f,
     0xfc, 0xbb, 0xdf, 0xff, 0xff, 0xff, 0xff, 0x80, 0x01, 0xff, 0xff, 0xff,
     0xff, 0xff, 0xff, 0xfd, 0xfe, 0xef, 0xff, 0xff, 0xff, 0xff, 0xff, 0x80,
     0x01, 0xff, 0xff, 0xff, 0xff, 0xff, 0xff, 0x38, 0xe5, 0x7f, 0x7f, 0xff,
     0xff, 0xff, 0xff, 0x80, 0x01, 0xff, 0xff, 0xff, 0xff, 0xff, 0xff, 0xb7,
     0x37, 0x76, 0xff, 0xff, 0xff, 0xff, 0xff, 0x80, 0x01, 0xff, 0xff, 0xff,
     0xff, 0xff, 0xfe, 0xf7, 0xc6, 0xf3, 0xff, 0xff, 0xff, 0xff, 0xff, 0x80,
     0x01, 0xff, 0xff, 0xff, 0xff, 0xff, 0xfe, 0x77, 0xfe, 0x1f, 0xff, 0xff,
     0xff, 0xff, 0xff, 0x80, 0x01, 0xff, 0xff, 0xff, 0xff, 0xff, 0xff, 0xcf,
     0xef, 0x7f, 0xff, 0xff, 0xff, 0xff, 0xff, 0x80, 0x01, 0xff, 0xff, 0xff,
     0xff, 0xff, 0xff, 0xff, 0xf0, 0x7f, 0xff, 0xff, 0xff, 0xff, 0xff, 0x80,
     0x01, 0xff, 0xff, 0xff, 0xff, 0xff, 0xff, 0xff, 0xff, 0xff, 0xff, 0xff,
     0xff, 0xff, 0xff, 0x80, 0x01, 0xff, 0xff, 0xff, 0xff, 0xff, 0xff, 0xff,
     0xff, 0xff, 0xff, 0xff, 0xff, 0xff, 0xff, 0x80, 0x01, 0xff, 0xff, 0xff,
     0xff, 0xff, 0xff, 0xff, 0xff, 0xff, 0xff, 0xff, 0xff, 0xff, 0xff, 0x80,
     0x00, 0x00, 0x00, 0x00, 0x00, 0x00, 0x00, 0x00, 0x00, 0x00, 0x00, 0x00,
     0x00, 0x00, 0x00, 0x00, 0x00, 0x00, 0x00, 0x00, 0x00, 0x00, 0x00, 0x00,
     0x00, 0x00, 0x00, 0x00, 0x00, 0x00, 0x00, 0x00, 0x00, 0x00, 0x00, 0x00,
     0x00, 0x00, 0x00, 0x00, 0x00, 0x00, 0x00, 0x00, 0x00, 0x00, 0x00, 0x00,
     0x00, 0x00, 0x00, 0x00, 0x00, 0x00, 0x00, 0x00, 0x00, 0x00, 0x00, 0x00,
     0x00, 0x00, 0x00, 0x00},
    {0x00, 0x00, 0x00, 0x00, 0x00, 0x00, 0x00, 0x00, 0x00, 0x00, 0x00, 0x00,
     0x00, 0x00, 0x00, 0x00, 0x00, 0x00, 0x00, 0x00, 0x00, 0x00, 0x00, 0x00,
     0x00, 0x00, 0x00, 0x00, 0x00, 0x00, 0x00, 0x00, 0x00, 0x00, 0x00, 0x00,
     0x00, 0x00, 0x00, 0x00, 0x00, 0x00, 0x00, 0x00, 0x00, 0x00, 0x00, 0x00,
     0x00, 0x00, 0x00, 0x00, 0x00, 0x00, 0x00, 0x00, 0x00, 0x00, 0x00, 0x00,
     0x00, 0x00, 0x00, 0x00, 0x01, 0xff, 0xff, 0xff, 0xff, 0xff, 0xff, 0xff,
     0xff, 0xff, 0xff, 0xff, 0xff, 0xff, 0xff, 0x80, 0x01, 0xff, 0xff, 0xff,
     0xff, 0xff, 0xff, 0xff, 0xff, 0xff, 0xff, 0xff, 0xff, 0xff, 0xff, 0x80,
     0x01, 0xff, 0xff, 0xff, 0xff, 0xff, 0xff, 0xff, 0xff, 0xff, 0xff, 0xff,
     0xff, 0xff, 0xff, 0x80, 0x01, 0xff, 0xff, 0xff, 0xff, 0xff, 0xff, 0xff,
     0xff, 0xff, 0xff, 0xff, 0xff, 0xff, 0xff, 0x80, 0x01, 0xff, 0xff, 0xff,
     0xff, 0xff, 0xff, 0xfe, 0x0f, 0xff, 0xff, 0xff, 0xff, 0xff, 0xff, 0x80,
     0x01, 0xff, 0xff, 0xff, 0xff, 0xff, 0xff, 0xc0, 0x00, 0x7f, 0xff, 0xff,
     0xff, 0xff, 0xff, 0x80, 0x01, 0xff, 0xff, 0xff, 0xff, 0xff, 0xfc, 0x07,
     0x18, 0x0f, 0xff, 0xff, 0xff, 0xff, 0xff, 0x80, 0x01, 0xff, 0xff, 0xff,
     0xff, 0xff, 0xfb, 0xfb, 0x98, 0xf3, 0xff, 0xff, 0xff, 0xff, 0xff, 0x80,
     0x01, 0xff, 0xff, 0xff, 0xff, 0xff, 0xf7, 0xff, 0xff, 0xc0, 0x7f, 0xff,
     0xff, 0xff, 0xff, 0x80, 0x01, 0xff, 0xff, 0xff, 0xff, 0xff, 0xef, 0xff,
     0x7f, 0xff, 0x3f, 0xff, 0xff, 0xff, 0xff, 0x80, 0x01, 0xff, 0xff, 0xff,
     0xff, 0xff, 0xcf, 0xff, 0x39, 0xff, 0xdf, 0xff, 0xff, 0xff, 0xff, 0x80,
     0x01, 0xff, 0xff, 0xff, 0xff, 0xff, 0xdf, 0xff, 0xb9, 0xff, 0xdf, 0xff,
     0xff, 0xff, 0xff, 0x80, 0x01, 0xff, 0xff, 0xff, 0xff, 0xff, 0xbf, 0xff,
     0xff, 0xff, 0xef, 0xff, 0xff, 0xff, 0xff, 0x80, 0x01, 0xff, 0xff, 0xff,
     0xff, 0xff, 0x7f, 0xff, 0xef, 0xff, 0xef, 0xff, 0xff, 0xff, 0xff, 0x80,
     0x01, 0xff, 0xff, 0xff, 0xff, 0xff, 0x7f, 0xff, 0xef, 0xff, 0xf7, 0xff,
     0xff, 0xff, 0xff, 0x80, 0x01, 0xff, 0xff, 0xff, 0xff, 0xfe, 0xfc, 0x3f,
     0xff, 0xff, 0xf7, 0xff, 0xff, 0xff, 0xff, 0x80, 0x01, 0xff, 0xff, 0xff,
     0xff, 0xfe, 0xf0, 0x1f, 0xff, 0xff, 0xfb, 0xff, 0xff, 0xff, 0xff, 0x80,
     0x01, 0xff, 0xff, 0xff, 0xff, 0xfc, 0x60, 0x0f, 0xff, 0xf1, 0xfb, 0xff,
     0xff, 0xff, 0xff, 0x80, 0x01, 0xff, 0xff, 0xff, 0xff, 0xfc, 0x77, 0xcf,
     0xff, 0xc1, 0xf9, 0xff, 0xff, 0xff, 0xff, 0x80, 0x01, 0xff, 0xff, 0xff,
     0xff, 0xfd, 0xff, 0xff, 0xff, 0x80, 0x3d, 0xff, 0xff, 0xff, 0xff, 0x80,
     0x01, 0xff, 0xff, 0xff, 0xff, 0xfd, 0xff, 0xff, 0xff, 0xbe, 0x19, 0xff,
     0xff, 0xff, 0xff, 0x80, 0x01, 0xff, 0xff, 0xff, 0xff, 0xfd, 0x07, 0xff,
     0xff, 0xff, 0xf9, 0xff, 0xff, 0xff, 0xff, 0x80, 0x01, 0xff, 0xff, 0xff,
     0xff, 0xfd, 0x8f, 0xfe, 0xfb, 0xff, 0xf9, 0xff, 0xff, 0xff, 0xff, 0x80,
     0x01, 0xff, 0xff, 0xff, 0xff, 0xfc, 0xff, 0xff, 0xff, 0xff, 0xfd, 0xff,
     0xff, 0xff, 0xff, 0x80, 0x01, 0xff, 0xff, 0xff, 0xff, 0xfe, 0xff, 0xf8,
     0x0f, 0xff, 0x0d, 0xff, 0xff, 0xff, 0xff, 0x80, 0x01, 0xff, 0xff, 0xff,
     0xff, 0xfe, 0x7f, 0xfc, 0x01, 0xff, 0x0d, 0xff, 0xff, 0xff, 0xff, 0x80,
     0x01, 0xff, 0xff, 0xff, 0xff, 0xff, 0x7f, 0xfc, 0x03, 0xff, 0xfb, 0xff,
     0xff, 0xff, 0xff, 0x80, 0x01, 0xff, 0xff, 0xff, 0xff, 0xff, 0xbf, 0xfc,
     0xf3, 0xff, 0xfb, 0xff, 0xff, 0xff, 0xff, 0x80, 0x01, 0xff, 0xff, 0xff,
     0xff, 0xff, 0xcf, 0xfe, 0xf7, 0xff, 0xf7, 0xff, 0xff, 0xff, 0xff, 0x80,
     0x01, 0xff, 0xff, 0xff, 0xff, 0xff, 0xe7, 0xfe, 0x6f, 0xff, 0xe7, 0xff,
     0xff, 0xff, 0xff, 0x80, 0x01, 0xff, 0xff, 0xff, 0xff, 0xff, 0xf9, 0xff,
     0x9f, 0xff, 0xdf, 0xff, 0xff, 0xff, 0xff, 0x80, 0x01, 0xff, 0xff, 0xff,
     0xff, 0xff, 0xfe, 0x3f, 0xff, 0xff, 0x3f, 0xff, 0xff, 0xff, 0xff, 0x80,
     0x01, 0xff, 0xff, 0xff, 0xff, 0xff, 0xff, 0x87, 0xff, 0xf0, 0xff, 0xff,
     0xff, 0xff, 0xff, 0x80, 0x01, 0xff, 0xff, 0xff, 0xff, 0xff, 0xff, 0xf1,
     0xf8, 0x07, 0xff, 0xff, 0xff, 0xff, 0xff, 0x80, 0x01, 0xff, 0xff, 0xff,
     0xff, 0xff, 0xff, 0xf7, 0xfd, 0xff, 0xff, 0xff, 0xff, 0xff, 0xff, 0x80,
     0x01, 0xff, 0xff, 0xff, 0xff, 0xff, 0xff, 0xe7, 0xfc, 0xff, 0xff, 0xff,
     0xff, 0xff, 0xff, 0x80, 0x01, 0xff, 0xff, 0xff, 0xff, 0xff, 0xf0, 0x9f,
     0xff, 0x7f, 0xff, 0xff, 0xff, 0xff, 0xff, 0x80, 0x01, 0xff, 0xff, 0xff,
     0xff, 0xff, 0xf6, 0x7f, 0xff, 0xbf, 0xff, 0xff, 0xff, 0xff, 0xff, 0x80,
     0x01, 0xff, 0xff, 0xff, 0xff, 0xff, 0xef, 0xef, 0xff, 0xed, 0xff, 0xff,
     0xff, 0xff, 0xff, 0x80, 0x01, 0xff, 0xff, 0xff, 0xff, 0xff, 0xf7, 0xcb,
     0xfe, 0xfd, 0xff, 0xff, 0xff, 0xff, 0xff, 0x80, 0x01, 0xff, 0xff, 0xff,
     0xff, 0xff, 0xfc, 0x67, 0xfe, 0x39, 0xff, 0xff, 0xff, 0xff, 0xff, 0x80,
     0x01, 0xff, 0xff, 0xff, 0xff, 0xff, 0xff, 0xff, 0xfa, 0xc3, 0xff, 0xff,
     0xff, 0xff, 0xff, 0x80, 0x01, 0xff, 0xff, 0xff, 0xff, 0xff, 0xff, 0xdf,
     0xfa, 0xff, 0xff, 0xff, 0xff, 0xff, 0xff, 0x80, 0x01, 0xff, 0xff, 0xff,
     0xff, 0xff, 0xff, 0xcf, 0xfc, 0xff, 0xc0, 0x7f, 0xff, 0xff, 0xff, 0x80,
     0x01, 0xff, 0xff, 0xff, 0xff, 0xff, 0xff, 0x8f, 0xfe, 0x00, 0xbf, 0xdf,
     0xff, 0xff, 0xff, 0x80, 0x01, 0xff, 0xff, 0xff, 0xff, 0xff, 0xff, 0x6b,
     0xfc, 0xb3, 0xfc, 0xff, 0xff, 0xff, 0xff, 0x80, 0x01, 0xff, 0xff, 0xff,
     0xff, 0xff, 0xff, 0x37, 0xfe, 0xab, 0xe3, 0xff, 0xff, 0xff, 0xff, 0x80,
     0x01, 0xff, 0xff, 0xff, 0xff, 0xff, 0xfc, 0x71, 0xe4, 0x7f, 0xcf, 0xff,
     0xff, 0xff, 0xff, 0x80, 0x01, 0xff, 0xff, 0xff, 0xff, 0xff, 0xfd, 0xfe,
     0x17, 0x05, 0xbf, 0xff, 0xff, 0xff, 0xff, 0x80, 0x01, 0xff, 0xff, 0xff,
     0xff, 0xff, 0xfe, 0xdf, 0x96, 0xbc, 0xff, 0xff, 0xff, 0xff, 0xff, 0x80,
     0x01, 0xff, 0xff, 0xff, 0xff, 0xff, 0xff, 0xbf, 0xfe, 0x07, 0xff, 0xff,
     0xff, 0xff, 0xff, 0x80, 0x01, 0xff, 0xff, 0xff, 0xff, 0xff, 0xff, 0xff,
     0xef, 0x7f, 0xff, 0xff, 0xff, 0xff, 0xff, 0x80, 0x01, 0xff, 0xff, 0xff,
     0xff, 0xff, 0xff, 0xff, 0xf0, 0x7f, 0xff, 0xff, 0xff, 0xff, 0xff, 0x80,
     0x01, 0xff, 0xff, 0xff, 0xff, 0xff, 0xff, 0xff, 0xff, 0xff, 0xff, 0xff,
     0xff, 0xff, 0xff, 0x80, 0x01, 0xff, 0xff, 0xff, 0xff, 0xff, 0xff, 0xff,
     0xff, 0xff, 0xff, 0xff, 0xff, 0xff, 0xff, 0x80, 0x01, 0xff, 0xff, 0xff,
     0xff, 0xff, 0xff, 0xff, 0xff, 0xff, 0xff, 0xff, 0xff, 0xff, 0xff, 0x80,
     0x00, 0x00, 0x00, 0x00, 0x00, 0x00, 0x00, 0x00, 0x00, 0x00, 0x00, 0x00,
     0x00, 0x00, 0x00, 0x00, 0x00, 0x00, 0x00, 0x00, 0x00, 0x00, 0x00, 0x00,
     0x00, 0x00, 0x00, 0x00, 0x00, 0x00, 0x00, 0x00, 0x00, 0x00, 0x00, 0x00,
     0x00, 0x00, 0x00, 0x00, 0x00, 0x00, 0x00, 0x00, 0x00, 0x00, 0x00, 0x00,
     0x00, 0x00, 0x00, 0x00, 0x00, 0x00, 0x00, 0x00, 0x00, 0x00, 0x00, 0x00,
     0x00, 0x00, 0x00, 0x00},
    {0x00, 0x00, 0x00, 0x00, 0x00, 0x00, 0x00, 0x00, 0x00, 0x00, 0x00, 0x00,
     0x00, 0x00, 0x00, 0x00, 0x00, 0x00, 0x00, 0x00, 0x00, 0x00, 0x00, 0x00,
     0x00, 0x00, 0x00, 0x00, 0x00, 0x00, 0x00, 0x00, 0x00, 0x00, 0x00, 0x00,
     0x00, 0x00, 0x00, 0x00, 0x00, 0x00, 0x00, 0x00, 0x00, 0x00, 0x00, 0x00,
     0x00, 0x00, 0x00, 0x00, 0x00, 0x00, 0x00, 0x00, 0x00, 0x00, 0x00, 0x00,
     0x00, 0x00, 0x00, 0x00, 0x01, 0xff, 0xff, 0xff, 0xff, 0xff, 0xff, 0xff,
     0xff, 0xff, 0xff, 0xff, 0xff, 0xff, 0xff, 0x80, 0x01, 0xff, 0xff, 0xff,
     0xff, 0xff, 0xff, 0xff, 0xff, 0xff, 0xff, 0xff, 0xff, 0xff, 0xff, 0x80,
     0x01, 0xff, 0xff, 0xff, 0xff, 0xff, 0xff, 0xff, 0xff, 0xff, 0xff, 0xff,
     0xff, 0xff, 0xff, 0x80, 0x01, 0xff, 0xff, 0xff, 0xff, 0xff, 0xff, 0xff,
     0xff, 0xff, 0xff, 0xff, 0xff, 0xff, 0xff, 0x80, 0x01, 0xff, 0xff, 0xff,
     0xff, 0xff, 0xff, 0xe0, 0x00, 0xff, 0xff, 0xff, 0xff, 0xff, 0xff, 0x80,
     0x01, 0xff, 0xff, 0xff, 0xff, 0xff, 0xfc, 0x0e, 0x38, 0x1f, 0xff, 0xff,
     0xff, 0xff, 0xff, 0x80, 0x01, 0xff, 0xff, 0xff, 0xff, 0xff, 0xf3, 0xf7,
     0x38, 0xc7, 0xff, 0xff, 0xff, 0xff, 0xff, 0x80, 0x01, 0xff, 0xff, 0xff,
     0xff, 0xff, 0xe7, 0xff, 0xf9, 0xc0, 0xff, 0xff, 0xff, 0xff, 0xff, 0x80,
     0x01, 0xff, 0xff, 0xff, 0xff, 0xff, 0xef, 0xff, 0xff, 0xbe, 0x7f, 0xff,
     0xff, 0xff, 0xff, 0x80, 0x01, 0xff, 0xff, 0xff, 0xff, 0xff, 0xcf, 0xff,
     0x39, 0xff, 0xbf, 0xff, 0xff, 0xff, 0xff, 0x80, 0x01, 0xff, 0xff, 0xff,
     0xff, 0xff, 0x9f, 0xff, 0x39, 0xff, 0xdf, 0xff, 0xff, 0xff, 0xff, 0x80,
     0x01, 0xff, 0xff, 0xff, 0xff, 0xff, 0xbf, 0xff, 0xff, 0xff, 0xdf, 0xff,
     0xff, 0xff, 0xff, 0x80, 0x01, 0xff, 0xff, 0xff, 0xff, 0xff, 0x7f, 0xff,
     0xff, 0xff, 0xef, 0xff, 0xff, 0xff, 0xff, 0x80, 0x01, 0xff, 0xff, 0xff,
     0xff, 0xfe, 0x7f, 0xff, 0xcf, 0xff, 0xef, 0xff, 0xff, 0xff, 0xff, 0x80,
     0x01, 0xff, 0xff, 0xff, 0xff, 0xfe, 0xfc, 0x7f, 0xff, 0xff, 0xf7, 0xff,
     0xff, 0xff, 0xff, 0x80, 0x01, 0xff, 0xff, 0xff, 0xff, 0xfc, 0xec, 0x3f,
     0xff, 0xff, 0xf7, 0xff, 0xff, 0xff, 0xff, 0x80, 0x01, 0xff, 0xff, 0xff,
     0xff, 0xfc, 0xd0, 0x1f, 0xff, 0xff, 0xfb, 0xff, 0xff, 0xff, 0xff, 0x80,
     0x01, 0xff, 0xff, 0xff, 0xff, 0xfc, 0x67, 0xcf, 0xff, 0xc5, 0xfb, 0xff,
     0xff, 0xff, 0xff, 0x80, 0x01, 0xff, 0xff, 0xff, 0xff, 0xfd, 0xff, 0xff,
     0xff, 0x80, 0x3b, 0xff, 0xff, 0xff, 0xff, 0x80, 0x01, 0xff, 0xff, 0xff,
     0xff, 0xfd, 0xff, 0xff, 0xff, 0x9c, 0x79, 0xff, 0xff, 0xff, 0xff, 0x80,
     0x01, 0xff, 0xff, 0xff, 0xff, 0xfd, 0x0f, 0xff, 0xff, 0xff, 0x71, 0xff,
     0xff, 0xff, 0xff, 0x80, 0x01, 0xff, 0xff, 0xff, 0xff, 0xfd, 0x0f, 0xfc,
     0xff, 0xff, 0xf1, 0xff, 0xff, 0xff, 0xff, 0x80, 0x01, 0xff, 0xff, 0xff,
     0xff, 0xfd, 0xff, 0xff, 0xf7, 0xff, 0xf9, 0xff, 0xff, 0xff, 0xff, 0x80,
     0x01, 0xff, 0xff, 0xff, 0xff, 0xfd, 0xff, 0xfb, 0x3f, 0xff, 0x1d, 0xff,
     0xff, 0xff, 0xff, 0x80, 0x01, 0xff, 0xff, 0xff, 0xff, 0xfe, 0xff, 0xf8,
     0x01, 0xff, 0x09, 0xff, 0xff, 0xff, 0xff, 0x80, 0x01, 0xff, 0xff, 0xff,
     0xff, 0xfe, 0x7f, 0xf8, 0x03, 0xff, 0x9b, 0xff, 0xff, 0xff, 0xff, 0x80,
     0x01, 0xff, 0xff, 0xff, 0xff, 0xff, 0x3f, 0xfc, 0xe7, 0xff, 0xfb, 0xff,
     0xff, 0xff, 0xff, 0x80, 0x01, 0xff, 0xff, 0xff, 0xff, 0xff, 0x9f, 0xfd,
     0xf7, 0xff, 0xf7, 0xff, 0xff, 0xff, 0xff, 0x80, 0x01, 0xff, 0xff, 0xff,
     0xff, 0xff, 0xcf, 0xfe, 0xef, 0xff, 0xef, 0xff, 0xff, 0xff, 0xff, 0x80,
     0x01, 0xff, 0xff, 0xff, 0xff, 0xff, 0xf3, 0xff, 0x1f, 0xff, 0xdf, 0xff,
     0xff, 0xff, 0xff, 0x80, 0x01, 0xff, 0xff, 0xff, 0xff, 0xff, 0xfc, 0x7f,
     0xff, 0xff, 0x3f, 0xff, 0xff, 0xff, 0xff, 0x80, 0x01, 0xff, 0xff, 0xff,
     0xff, 0xff, 0xff, 0x0f, 0xff, 0xf8, 0xff, 0xff, 0xff, 0xff, 0xff, 0x80,
     0x01, 0xff, 0xff, 0xff, 0xff, 0xff, 0xff, 0xe3, 0xff, 0x03, 0xff, 0xff,
     0xff, 0xff, 0xff, 0x80, 0x01, 0xff, 0xff, 0xff, 0xff, 0xff, 0xf3, 0xeb,
     0xf0, 0x7f, 0xff, 0xff, 0xff, 0xff, 0xff, 0x80, 0x01, 0xff, 0xff, 0xff,
     0xff, 0xff, 0xe3, 0xc3, 0xf1, 0xf3, 0xff, 0xff, 0xff, 0xff, 0xff, 0x80,
     0x01, 0xff, 0xff, 0xff, 0xff, 0xff, 0xee, 0x3b, 0xfe, 0xc9, 0xff, 0xff,
     0xff, 0xff, 0xff, 0x80, 0x01, 0xff, 0xff, 0xff, 0xff, 0xff, 0xef, 0xfb,
     0xf6, 0x1d, 0x83, 0xff, 0xff, 0xff, 0xff, 0x80, 0x01, 0xff, 0xff, 0xff,
     0xff, 0xff, 0xe7, 0xeb, 0xf5, 0xfd, 0xfe, 0xff, 0xff, 0xff, 0xff, 0x80,
     0x01, 0xff, 0xff, 0xff, 0xff, 0xff, 0xf8, 0x2f, 0xfc, 0xf0, 0xe3, 0x7f,
     0xff, 0xff, 0xff, 0x80, 0x01, 0xff, 0xff, 0xff, 0xff, 0xff, 0xff, 0xdf,
     0xfd, 0x88, 0xdf, 0xff, 0xff, 0xff, 0xff, 0x80, 0x01, 0xff, 0xff, 0xff,
     0xff, 0xff, 0xff, 0xcf, 0xfc, 0xfb, 0xdf, 0xff, 0xff, 0xff, 0xff, 0x80,
     0x01, 0xff, 0xff, 0xff, 0xff, 0xff, 0xff, 0xdf, 0xfe, 0xf5, 0xbf, 0xff,
     0xff, 0xff, 0xff, 0x80, 0x01, 0xff, 0xff, 0xff, 0xff, 0xff, 0xff, 0xcf,
     0xfc, 0x07, 0xbf, 0xff, 0xff, 0xff, 0xff, 0x80, 0x01, 0xff, 0xff, 0xff,
     0xff, 0xff, 0xff, 0xdf, 0xff, 0x37, 0x7f, 0xff, 0xff, 0xff, 0xff, 0x80,
     0x01, 0xff, 0xff, 0xff, 0xff, 0xff, 0xff, 0xaf, 0xf4, 0xbd, 0x7f, 0xff,
     0xff, 0xff, 0xff, 0x80, 0x01, 0xff, 0xff, 0xff, 0xff, 0xff, 0xff, 0x5b,
     0xfe, 0xfa, 0xff, 0xff, 0xff, 0xff, 0xff, 0x80, 0x01, 0xff, 0xff, 0xff,
     0xff, 0xff, 0xff, 0x75, 0xe4, 0xe5, 0xff, 0xff, 0xff, 0xff, 0xff, 0x80,
     0x01, 0xff, 0xff, 0xff, 0xff, 0xff, 0xff, 0x74, 0x0e, 0xf3, 0xff, 0xff,
     0xff, 0xff, 0xff, 0x80, 0x01, 0xff, 0xff, 0xff, 0xff, 0xff, 0xff, 0xb7,
     0xac, 0x8f, 0xff, 0xff, 0xff, 0xff, 0xff, 0x80, 0x01, 0xff, 0xff, 0xff,
     0xff, 0xff, 0xff, 0xf7, 0xee, 0x7f, 0xff, 0xff, 0xff, 0xff, 0xff, 0x80,
     0x01, 0xff, 0xff, 0xff, 0xff, 0xff, 0xfe, 0x07, 0xfc, 0xff, 0xff, 0xff,
     0xff, 0xff, 0xff, 0x80, 0x01, 0xff, 0xff, 0xff, 0xff, 0xff, 0xff, 0xff,
     0xef, 0x7f, 0xff, 0xff, 0xff, 0xff, 0xff, 0x80, 0x01, 0xff, 0xff, 0xff,
     0xff, 0xff, 0xff, 0xff, 0xf0, 0x7f, 0xff, 0xff, 0xff, 0xff, 0xff, 0x80,
     0x01, 0xff, 0xff, 0xff, 0xff, 0xff, 0xff, 0xff, 0xff, 0xff, 0xff, 0xff,
     0xff, 0xff, 0xff, 0x80, 0x01, 0xff, 0xff, 0xff, 0xff, 0xff, 0xff, 0xff,
     0xff, 0xff, 0xff, 0xff, 0xff, 0xff, 0xff, 0x80, 0x01, 0xff, 0xff, 0xff,
     0xff, 0xff, 0xff, 0xff, 0xff, 0xff, 0xff, 0xff, 0xff, 0xff, 0xff, 0x80,
     0x00, 0x00, 0x00, 0x00, 0x00, 0x00, 0x00, 0x00, 0x00, 0x00, 0x00, 0x00,
     0x00, 0x00, 0x00, 0x00, 0x00, 0x00, 0x00, 0x00, 0x00, 0x00, 0x00, 0x00,
     0x00, 0x00, 0x00, 0x00, 0x00, 0x00, 0x00, 0x00, 0x00, 0x00, 0x00, 0x00,
     0x00, 0x00, 0x00, 0x00, 0x00, 0x00, 0x00, 0x00, 0x00, 0x00, 0x00, 0x00,
     0x00, 0x00, 0x00, 0x00, 0x00, 0x00, 0x00, 0x00, 0x00, 0x00, 0x00, 0x00,
     0x00, 0x00, 0x00, 0x00},
    {0x00, 0x00, 0x00, 0x00, 0x00, 0x00, 0x00, 0x00, 0x00, 0x00, 0x00, 0x00,
     0x00, 0x00, 0x00, 0x00, 0x00, 0x00, 0x00, 0x00, 0x00, 0x00, 0x00, 0x00,
     0x00, 0x00, 0x00, 0x00, 0x00, 0x00, 0x00, 0x00, 0x00, 0x00, 0x00, 0x00,
     0x00, 0x00, 0x00, 0x00, 0x00, 0x00, 0x00, 0x00, 0x00, 0x00, 0x00, 0x00,
     0x00, 0x00, 0x00, 0x00, 0x00, 0x00, 0x00, 0x00, 0x00, 0x00, 0x00, 0x00,
     0x00, 0x00, 0x00, 0x00, 0x01, 0xff, 0xff, 0xff, 0xff, 0xff, 0xff, 0xff,
     0xff, 0xff, 0xff, 0xff, 0xff, 0xff, 0xff, 0x80, 0x01, 0xff, 0xff, 0xff,
     0xff, 0xff, 0xff, 0xff, 0xff, 0xff, 0xff, 0xff, 0xff, 0xff, 0xff, 0x80,
     0x01, 0xff, 0xff, 0xff, 0xff, 0xff, 0xff, 0xff, 0xff, 0xff, 0xff, 0xff,
     0xff, 0xff, 0xff, 0x80, 0x01, 0xff, 0xff, 0xff, 0xff, 0xff, 0xff, 0xff,
     0xff, 0xff, 0xff, 0xff, 0xff, 0xff, 0xff, 0x80, 0x01, 0xff, 0xff, 0xff,
     0xff, 0xff, 0xff, 0xfe, 0x1f, 0xff, 0xff, 0xff, 0xff, 0xff, 0xff, 0x80,
     0x01, 0xff, 0xff, 0xff, 0xff, 0xff, 0xff, 0x40, 0x00, 0xff, 0xff, 0xff,
     0xff, 0xff, 0xff, 0x80, 0x01, 0xff, 0xff, 0xff, 0xff, 0xff, 0xf8, 0x0e,
     0x38, 0x1f, 0xff, 0xff, 0xff, 0xff, 0xff, 0x80, 0x01, 0xff, 0xff, 0xff,
     0xff, 0xff, 0xf3, 0xf7, 0x38, 0xe7, 0xff, 0xff, 0xff, 0xff, 0xff, 0x80,
     0x01, 0xff, 0xff, 0xff, 0xff, 0xff, 0xef, 0xff, 0xfb, 0xc0, 0xff, 0xff,
     0xff, 0xff, 0xff, 0x80, 0x01, 0xff, 0xff, 0xff, 0xff, 0xff, 0xef, 0xff,
     0x7f, 0xff, 0x7f, 0xff, 0xff, 0xff, 0xff, 0x80, 0x01, 0xff, 0xff, 0xff,
     0xff, 0xff, 0xdf, 0xff, 0x79, 0xff, 0xbf, 0xff, 0xff, 0xff, 0xff, 0x80,
     0x01, 0xff, 0xff, 0xff, 0xff, 0xff, 0xbf, 0xff, 0x7b, 0xff, 0xdf, 0xff,
     0xff, 0xff, 0xff, 0x80, 0x01, 0xff, 0xff, 0xff, 0xff, 0xff, 0x3f, 0xff,
     0xff, 0xff, 0xdf, 0xff, 0xff, 0xff, 0xff, 0x80, 0x01, 0xff, 0xff, 0xff,
     0xff, 0xff, 0x7f, 0xff, 0xdf, 0xff, 0xcf, 0xff, 0xff, 0xff, 0xff, 0x80,
     0x01, 0xff, 0xff, 0xff, 0xff, 0xfe, 0xff, 0xff, 0xdf, 0xff, 0xef, 0xff,
     0xff, 0xff, 0xff, 0x80, 0x01, 0xff, 0xff, 0xff, 0xff, 0xfc, 0xfc, 0x7f,
     0xff, 0xff, 0xf7, 0xff, 0xff, 0xff, 0xff, 0x80, 0x01, 0xff, 0xff, 0xff,
     0xff, 0xfd, 0xe0, 0x3f, 0xff, 0xff, 0xf7, 0xff, 0xff, 0xff, 0xff, 0x80,
     0x01, 0xff, 0xff, 0xff, 0xff, 0xfc, 0xc0, 0x1f, 0xff, 0xf3, 0xf3, 0xff,
     0xff, 0xff, 0xff, 0x80, 0x01, 0xff, 0xff, 0xff, 0xff, 0xfc, 0xef, 0xcf,
     0xff, 0xc7, 0xfb, 0xff, 0xff, 0xff, 0xff, 0x80, 0x01, 0xff, 0xff, 0xff,
     0xff, 0xfb, 0xff, 0xff, 0xff, 0x80, 0x7b, 0xff, 0xff, 0xff, 0xff, 0x80,
     0x01, 0xff, 0xff, 0xff, 0xff, 0xfb, 0xbf, 0xff, 0xff, 0xbc, 0x3b, 0xff,
     0xff, 0xff, 0xff, 0x80, 0x01, 0xff, 0xff, 0xff, 0xff, 0xfb, 0x0f, 0xff,
     0xff, 0xff, 0x71, 0xff, 0xff, 0xff, 0xff, 0x80, 0x01, 0xff, 0xff, 0xff,
     0xff, 0xfd, 0x0f, 0xfd, 0xf7, 0xff, 0xf1, 0xff, 0xff, 0xff, 0xff, 0x80,
     0x01, 0xff, 0xff, 0xff, 0xff, 0xfd, 0xff, 0xff, 0xf7, 0xff, 0xf9, 0xff,
     0xff, 0xff, 0xff, 0x80, 0x01, 0xff, 0xff, 0xff, 0xff, 0xfd, 0xff, 0xf8,
     0x1f, 0xff, 0x1b, 0xff, 0xff, 0xff, 0xff, 0x80, 0x01, 0xff, 0xff, 0xff,
     0xff, 0xfe, 0xff, 0xf8, 0x03, 0xff, 0x0b, 0xff, 0xff, 0xff, 0xff, 0x80,
     0x01, 0xff, 0xff, 0xff, 0xff, 0xfe, 0x7f, 0xf8, 0x03, 0xff, 0xfb, 0xff,
     0xff, 0xff, 0xff, 0x80, 0x01, 0xff, 0xff, 0xff, 0xff, 0xff, 0x3f, 0xf9,
     0xe7, 0xff, 0xf7, 0xff, 0xff, 0xff, 0xff, 0x80, 0x01, 0xff, 0xff, 0xff,
     0xff, 0xff, 0x9f, 0xfd, 0xe7, 0xff, 0xe7, 0xff, 0xff, 0xff, 0xff, 0x80,
     0x01, 0xff, 0xff, 0xff, 0xff, 0xff, 0xe7, 0xfe, 0xcf, 0xff, 0xcf, 0xff,
     0xff, 0xff, 0xff, 0x80, 0x01, 0xff, 0xff, 0xff, 0xff, 0xff, 0xf1, 0xff,
     0x3f, 0xff, 0x9f, 0xff, 0xff, 0xff, 0xff, 0x80, 0x01, 0xff, 0xff, 0xff,
     0xff, 0xff, 0xfc, 0x7f, 0xff, 0xfe, 0x3f, 0xff, 0xff, 0xff, 0xff, 0x80,
     0x01, 0xff, 0xff, 0xff, 0xff, 0xff, 0xff, 0x8f, 0xff, 0xf0, 0xff, 0xff,
     0xff, 0xff, 0xff, 0x80, 0x01, 0xff, 0xff, 0xff, 0xff, 0xff, 0xff, 0xe3,
     0xf8, 0x07, 0xff, 0xff, 0xff, 0xff, 0xff, 0x80, 0x01, 0xff, 0xff, 0xff,
     0xff, 0xff, 0xff, 0xeb, 0xfd, 0xff, 0xff, 0xff, 0xff, 0xff, 0xff, 0x80,
     0x01, 0xff, 0xff, 0xff, 0xff, 0xff, 0xff, 0xc3, 0xf9, 0xff, 0xff, 0xff,
     0xff, 0xff, 0xff, 0x80, 0x01, 0xff, 0xff, 0xff, 0xff, 0xff, 0xe7, 0x3b,
     0xfe, 0xff, 0xff, 0xff, 0xff, 0xff, 0xff, 0x80, 0x01, 0xff, 0xff, 0xff,
     0xff, 0xff, 0xed, 0xff, 0xfe, 0x13, 0xff, 0xff, 0xff, 0xff, 0xff, 0x80,
     0x01, 0xff, 0xff, 0xff, 0xff, 0xff, 0xdf, 0xcf, 0xf5, 0xdb, 0xfe, 0xff,
     0xff, 0xff, 0xff, 0x80, 0x01, 0xff, 0xff, 0xff, 0xff, 0xff, 0xee, 0x1f,
     0xf4, 0xfd, 0xfe, 0xff, 0xff, 0xff, 0xff, 0x80, 0x01, 0xff, 0xff, 0xff,
     0xff, 0xff, 0xe1, 0xcf, 0xfd, 0x7b, 0xf7, 0xff, 0xff, 0xff, 0xff, 0x80,
     0x01, 0xff, 0xff, 0xff, 0xff, 0xff, 0xff, 0xd7, 0xff, 0xc3, 0xf5, 0xff,
     0xff, 0xff, 0xff, 0x80, 0x01, 0xff, 0xff, 0xff, 0xff, 0xff, 0xff, 0xd7,
     0xfe, 0xff, 0xfb, 0xff, 0xff, 0xff, 0xff, 0x80, 0x01, 0xff, 0xff, 0xff,
     0xff, 0xff, 0xff, 0xc7, 0xfc, 0xff, 0x3b, 0xff, 0xff, 0xff, 0xff, 0x80,
     0x01, 0xff, 0xff, 0xff, 0xff, 0xff, 0xff, 0x9f, 0xfd, 0x01, 0xb7, 0xff,
     0xff, 0xff, 0xff, 0x80, 0x01, 0xff, 0xff, 0xff, 0xff, 0xff, 0xff, 0xbf,
     0xf4, 0xb3, 0xff, 0xff, 0xff, 0xff, 0xff, 0x80, 0x01, 0xff, 0xff, 0xff,
     0xff, 0xff, 0xff, 0x7b, 0xfe, 0xbb, 0xef, 0xff, 0xff, 0xff, 0xff, 0x80,
     0x01, 0xff, 0xff, 0xff, 0xff, 0xff, 0xff, 0x31, 0xe5, 0xff, 0xdf, 0xff,
     0xff, 0xff, 0xff, 0x80, 0x01, 0xff, 0xff, 0xff, 0xff, 0xff, 0xff, 0x74,
     0x0f, 0x39, 0x3f, 0xff, 0xff, 0xff, 0xff, 0x80, 0x01, 0xff, 0xff, 0xff,
     0xff, 0xff, 0xfe, 0x6f, 0xb6, 0xbc, 0xff, 0xff, 0xff, 0xff, 0xff, 0x80,
     0x01, 0xff, 0xff, 0xff, 0xff, 0xff, 0xfe, 0xef, 0xee, 0x03, 0xff, 0xff,
     0xff, 0xff, 0xff, 0x80, 0x01, 0xff, 0xff, 0xff, 0xff, 0xff, 0xff, 0x0f,
     0xef, 0x7f, 0xff, 0xff, 0xff, 0xff, 0xff, 0x80, 0x01, 0xff, 0xff, 0xff,
     0xff, 0xff, 0xff, 0xff, 0xf0, 0x7f, 0xff, 0xff, 0xff, 0xff, 0xff, 0x80,
     0x01, 0xff, 0xff, 0xff, 0xff, 0xff, 0xff, 0xff, 0xff, 0xff, 0xff, 0xff,
     0xff, 0xff, 0xff, 0x80, 0x01, 0xff, 0xff, 0xff, 0xff, 0xff, 0xff, 0xff,
     0xff, 0xff, 0xff, 0xff, 0xff, 0xff, 0xff, 0x80, 0x01, 0xff, 0xff, 0xff,
     0xff, 0xff, 0xff, 0xff, 0xff, 0xff, 0xff, 0xff, 0xff, 0xff, 0xff, 0x80,
     0x00, 0x00, 0x00, 0x00, 0x00, 0x00, 0x00, 0x00, 0x00, 0x00, 0x00, 0x00,
     0x00, 0x00, 0x00, 0x00, 0x00, 0x00, 0x00, 0x00, 0x00, 0x00, 0x00, 0x00,
     0x00, 0x00, 0x00, 0x00, 0x00, 0x00, 0x00, 0x00, 0x00, 0x00, 0x00, 0x00,
     0x00, 0x00, 0x00, 0x00, 0x00, 0x00, 0x00, 0x00, 0x00, 0x00, 0x00, 0x00,
     0x00, 0x00, 0x00, 0x00, 0x00, 0x00, 0x00, 0x00, 0x00, 0x00, 0x00, 0x00,
     0x00, 0x00, 0x00, 0x00},
    {0x00, 0x00, 0x00, 0x00, 0x00, 0x00, 0x00, 0x00, 0x00, 0x00, 0x00, 0x00,
     0x00, 0x00, 0x00, 0x00, 0x00, 0x00, 0x00, 0x00, 0x00, 0x00, 0x00, 0x00,
     0x00, 0x00, 0x00, 0x00, 0x00, 0x00, 0x00, 0x00, 0x00, 0x00, 0x00, 0x00,
     0x00, 0x00, 0x00, 0x00, 0x00, 0x00, 0x00, 0x00, 0x00, 0x00, 0x00, 0x00,
     0x00, 0x00, 0x00, 0x00, 0x00, 0x00, 0x00, 0x00, 0x00, 0x00, 0x00, 0x00,
     0x00, 0x00, 0x00, 0x00, 0x01, 0xff, 0xff, 0xff, 0xff, 0xff, 0xff, 0xff,
     0xff, 0xff, 0xff, 0xff, 0xff, 0xff, 0xff, 0x80, 0x01, 0xff, 0xff, 0xff,
     0xff, 0xff, 0xff, 0xff, 0xff, 0xff, 0xff, 0xff, 0xff, 0xff, 0xff, 0x80,
     0x01, 0xff, 0xff, 0xff, 0xff, 0xff, 0xff, 0xff, 0xff, 0xff, 0xff, 0xff,
     0xff, 0xff, 0xff, 0x80, 0x01, 0xff, 0xff, 0xff, 0xff, 0xff, 0xff, 0xff,
     0xff, 0xff, 0xff, 0xff, 0xff, 0xff, 0xff, 0x80, 0x01, 0xff, 0xff, 0xff,
     0xff, 0xff, 0xff, 0xe0, 0x00, 0xff, 0xff, 0xff, 0xff, 0xff, 0xff, 0x80,
     0x01, 0xff, 0xff, 0xff, 0xff, 0xff, 0xfc, 0x18, 0x70, 0x1f, 0xff, 0xff,
     0xff, 0xff, 0xff, 0x80, 0x01, 0xff, 0xff, 0xff, 0xff, 0xff, 0xf1, 0x8c,
     0x63, 0xc3, 0xff, 0xff, 0xff, 0xff, 0xff, 0x80, 0x01, 0xff, 0xff, 0xff,
     0xff, 0xff, 0xef, 0xef, 0xff, 0x3c, 0xff, 0xff, 0xff, 0xff, 0xff, 0x80,
     0x01, 0xff, 0xff, 0xff, 0xff, 0xff, 0xdf, 0xff, 0xff, 0xff, 0x7f, 0xff,
     0xff, 0xff, 0xff, 0x80, 0x01, 0xff, 0xff, 0xff, 0xff, 0xff, 0xdf, 0xfc,
     0xf3, 0xff, 0xbf, 0xff, 0xff, 0xff, 0xff, 0x80, 0x01, 0xff, 0xff, 0xff,
     0xff, 0xff, 0xbf, 0xfe, 0xf7, 0xff, 0xbf, 0xff, 0xff, 0xff, 0xff, 0x80,
     0x01, 0xff, 0xff, 0xff, 0xff, 0xff, 0x3f, 0xff, 0xff, 0xff, 0xdf, 0xff,
     0xff, 0xff, 0xff, 0x80, 0x01, 0xff, 0xff, 0xff, 0xff, 0xff, 0x7f, 0xff,
     0xff, 0xff, 0xdf, 0xff, 0xff, 0xff, 0xff, 0x80, 0x01, 0xff, 0xff, 0xff,
     0xff, 0xfe, 0xff, 0xff, 0x9f, 0xff, 0xef, 0xff, 0xff, 0xff, 0xff, 0x80,
     0x01, 0xff, 0xff, 0xff, 0xff, 0xfc, 0xff, 0xff, 0xff, 0xff, 0xe7, 0xff,
     0xff, 0xff, 0xff, 0x80, 0x01, 0xff, 0xff, 0xff, 0xff, 0xfd, 0xf8, 0x7f,
     0xff, 0xff, 0xf7, 0xff, 0xff, 0xff, 0xff, 0x80, 0x01, 0xff, 0xff, 0xff,
     0xff, 0xfd, 0xc0, 0x3f, 0xff, 0xc3, 0xf7, 0xff, 0xff, 0xff, 0xff, 0x80,
     0x01, 0xff, 0xff, 0xff, 0xff, 0xf9, 0xc0, 0x1f, 0xff, 0x81, 0x7b, 0xff,
     0xff, 0xff, 0xff, 0x80, 0x01, 0xff, 0xff, 0xff, 0xff, 0xf8, 0xef, 0xdf,
     0xff, 0x18, 0xfb, 0xff, 0xff, 0xff, 0xff, 0x80, 0x01, 0xff, 0xff, 0xff,
     0xff, 0xf9, 0xff, 0xff, 0xff, 0xfe, 0x73, 0xff, 0xff, 0xff, 0xff, 0x80,
     0x01, 0xff, 0xff, 0xff, 0xff, 0xfb, 0xff, 0xff, 0xff, 0xff, 0xf3, 0xff,
     0xff, 0xff, 0xff, 0x80, 0x01, 0xff, 0xff, 0xff, 0xff, 0xfb, 0x0f, 0xfd,
     0xf7, 0xff, 0xfb, 0xff, 0xff, 0xff, 0xff, 0x80, 0x01, 0xff, 0xff, 0xff,
     0xff, 0xfb, 0x0f, 0xff, 0xf7, 0xff, 0x1b, 0xff, 0xff, 0xff, 0xff, 0x80,
     0x01, 0xff, 0xff, 0xff, 0xff, 0xf9, 0xff, 0xf7, 0x3f, 0xfe, 0x0b, 0xff,
     0xff, 0xff, 0xff, 0x80, 0x01, 0xff, 0xff, 0xff, 0xff, 0xfd, 0xff, 0xf8,
     0x03, 0xff, 0xfb, 0xff, 0xff, 0xff, 0xff, 0x80, 0x01, 0xff, 0xff, 0xff,
     0xff, 0xfc, 0xff, 0xf8, 0x03, 0xff, 0xf7, 0xff, 0xff, 0xff, 0xff, 0x80,
     0x01, 0xff, 0xff, 0xff, 0xff, 0xfe, 0xff, 0xf8, 0xe7, 0xff, 0xf7, 0xff,
     0xff, 0xff, 0xff, 0x80, 0x01, 0xff, 0xff, 0xff, 0xff, 0xff, 0x3f, 0xfd,
     0xf7, 0xff, 0xef, 0xff, 0xff, 0xff, 0xff, 0x80, 0x01, 0xff, 0xff, 0xff,
     0xff, 0xff, 0x9f, 0xfc, 0xef, 0xff, 0xdf, 0xff, 0xff, 0xff, 0xff, 0x80,
     0x01, 0xff, 0xff, 0xff, 0xff, 0xff, 0xc7, 0xff, 0x1f, 0xff, 0x3f, 0xff,
     0xff, 0xff, 0xff, 0x80, 0x01, 0xff, 0xff, 0xff, 0xff, 0xff, 0xf1, 0xff,
     0xff, 0xfc, 0xff, 0xff, 0xff, 0xff, 0xff, 0x80, 0x01, 0xff, 0xff, 0xff,
     0xff, 0xff, 0xfe, 0x3f, 0xff, 0xe3, 0xff, 0xff, 0xff, 0xff, 0xff, 0x80,
     0x01, 0xff, 0xff, 0xff, 0xff, 0xff, 0xff, 0xc1, 0xf8, 0x1f, 0xff, 0xff,
     0xff, 0xff, 0xff, 0x80, 0x01, 0xff, 0xff, 0xff, 0xff, 0xff, 0xff, 0xef,
     0xfd, 0xff, 0xff, 0xff, 0xff, 0xff, 0xff, 0x80, 0x01, 0xff, 0xff, 0xff,
     0xff, 0xff, 0xf0, 0xe7, 0xf5, 0xff, 0xff, 0xff, 0xff, 0xff, 0xff, 0x80,
     0x01, 0xff, 0xff, 0xff, 0xff, 0xff, 0xe6, 0x9f, 0xf6, 0x61, 0xff, 0xff,
     0xff, 0xff, 0xff, 0x80, 0x01, 0xff, 0xff, 0xff, 0xff, 0xff, 0xe6, 0x5f,
     0xf7, 0x8d, 0xff, 0xff, 0xff, 0xff, 0xff, 0x80, 0x01, 0xff, 0xff, 0xff,
     0xff, 0xff, 0xef, 0xeb, 0xfd, 0xfd, 0xff, 0xff, 0xff, 0xff, 0xff, 0x80,
     0x01, 0xff, 0xff, 0xff, 0xff, 0xff, 0xfb, 0x8b, 0xfc, 0x7d, 0xff, 0xff,
     0xff, 0xff, 0xff, 0x80, 0x01, 0xff, 0xff, 0xff, 0xff, 0xff, 0xff, 0xef,
     0xfe, 0x87, 0xff, 0xff, 0xff, 0xff, 0xff, 0x80, 0x01, 0xff, 0xff, 0xff,
     0xff, 0xff, 0xff, 0xcf, 0xfc, 0xff, 0x7b, 0xff, 0xff, 0xff, 0xff, 0x80,
     0x01, 0xff, 0xff, 0xff, 0xff, 0xff, 0xff, 0xdf, 0xfe, 0xfd, 0x3e, 0xff,
     0xff, 0xff, 0xff, 0x80, 0x01, 0xff, 0xff, 0xff, 0xff, 0xff, 0xff, 0xcf,
     0xfc, 0xf3, 0xf7, 0x7f, 0xff, 0xff, 0xff, 0x80, 0x01, 0xff, 0xff, 0xff,
     0xff, 0xff, 0xff, 0x9f, 0xfe, 0x17, 0xef, 0x7f, 0xff, 0xff, 0xff, 0x80,
     0x01, 0xff, 0xff, 0xff, 0xff, 0xff, 0xff, 0x4b, 0xfc, 0xb3, 0x5f, 0x7f,
     0xff, 0xff, 0xff, 0x80, 0x01, 0xff, 0xff, 0xff, 0xff, 0xff, 0xff, 0x7f,
     0xf4, 0xaf, 0xbf, 0xff, 0xff, 0xff, 0xff, 0x80, 0x01, 0xff, 0xff, 0xff,
     0xff, 0xff, 0xff, 0x71, 0xee, 0xfb, 0x7f, 0xff, 0xff, 0xff, 0xff, 0x80,
     0x01, 0xff, 0xff, 0xff, 0xff, 0xff, 0xff, 0x6c, 0x0f, 0xf5, 0xff, 0xff,
     0xff, 0xff, 0xff, 0x80, 0x01, 0xff, 0xff, 0xff, 0xff, 0xff, 0xfd, 0xef,
     0xac, 0xf3, 0xff, 0xff, 0xff, 0xff, 0xff, 0x80, 0x01, 0xff, 0xff, 0xff,
     0xff, 0xff, 0xfe, 0x6f, 0xe6, 0x1f, 0xff, 0xff, 0xff, 0xff, 0xff, 0x80,
     0x01, 0xff, 0xff, 0xff, 0xff, 0xff, 0xff, 0xdf, 0xfc, 0xff, 0xff, 0xff,
     0xff, 0xff, 0xff, 0x80, 0x01, 0xff, 0xff, 0xff, 0xff, 0xff, 0xff, 0xff,
     0xef, 0x7f, 0xff, 0xff, 0xff, 0xff, 0xff, 0x80, 0x01, 0xff, 0xff, 0xff,
     0xff, 0xff, 0xff, 0xff, 0xf0, 0x7f, 0xff, 0xff, 0xff, 0xff, 0xff, 0x80,
     0x01, 0xff, 0xff, 0xff, 0xff, 0xff, 0xff, 0xff, 0xff, 0xff, 0xff, 0xff,
     0xff, 0xff, 0xff, 0x80, 0x01, 0xff, 0xff, 0xff, 0xff, 0xff, 0xff, 0xff,
     0xff, 0xff, 0xff, 0xff, 0xff, 0xff, 0xff, 0x80, 0x01, 0xff, 0xff, 0xff,
     0xff, 0xff, 0xff, 0xff, 0xff, 0xff, 0xff, 0xff, 0xff, 0xff, 0xff, 0x80,
     0x00, 0x00, 0x00, 0x00, 0x00, 0x00, 0x00, 0x00, 0x00, 0x00, 0x00, 0x00,
     0x00, 0x00, 0x00, 0x00, 0x00, 0x00, 0x00, 0x00, 0x00, 0x00, 0x00, 0x00,
     0x00, 0x00, 0x00, 0x00, 0x00, 0x00, 0x00, 0x00, 0x00, 0x00, 0x00, 0x00,
     0x00, 0x00, 0x00, 0x00, 0x00, 0x00, 0x00, 0x00, 0x00, 0x00, 0x00, 0x00,
     0x00, 0x00, 0x00, 0x00, 0x00, 0x00, 0x00, 0x00, 0x00, 0x00, 0x00, 0x00,
     0x00, 0x00, 0x00, 0x00},
    {0x00, 0x00, 0x00, 0x00, 0x00, 0x00, 0x00, 0x00, 0x00, 0x00, 0x00, 0x00,
     0x00, 0x00, 0x00, 0x00, 0x00, 0x00, 0x00, 0x00, 0x00, 0x00, 0x00, 0x00,
     0x00, 0x00, 0x00, 0x00, 0x00, 0x00, 0x00, 0x00, 0x00, 0x00, 0x00, 0x00,
     0x00, 0x00, 0x00, 0x00, 0x00, 0x00, 0x00, 0x00, 0x00, 0x00, 0x00, 0x00,
     0x00, 0x00, 0x00, 0x00, 0x00, 0x00, 0x00, 0x00, 0x00, 0x00, 0x00, 0x00,
     0x00, 0x00, 0x00, 0x00, 0x01, 0xff, 0xff, 0xff, 0xff, 0xff, 0xff, 0xff,
     0xff, 0xff, 0xff, 0xff, 0xff, 0xff, 0xff, 0x80, 0x01, 0xff, 0xff, 0xff,
     0xff, 0xff, 0xff, 0xff, 0xff, 0xff, 0xff, 0xff, 0xff, 0xff, 0xff, 0x80,
     0x01, 0xff, 0xff, 0xff, 0xff, 0xff, 0xff, 0xff, 0xff, 0xff, 0xff, 0xff,
     0xff, 0xff, 0xff, 0x80, 0x01, 0xff, 0xff, 0xff, 0xff, 0xff, 0xff, 0xff,
     0xff, 0xff, 0xff, 0xff, 0xff, 0xff, 0xff, 0x80, 0x01, 0xff, 0xff, 0xff,
     0xff, 0xff, 0xff, 0xf0, 0x01, 0xff, 0xff, 0xff, 0xff, 0xff, 0xff, 0x80,
     0x01, 0xff, 0xff, 0xff, 0xff, 0xff, 0xff, 0x81, 0xe0, 0x3f, 0xff, 0xff,
     0xff, 0xff, 0xff, 0x80, 0x01, 0xff, 0xff, 0xff, 0xff, 0xff, 0xf8, 0x78,
     0xc7, 0x03, 0xff, 0xff, 0xff, 0xff, 0xff, 0x80, 0x01, 0xff, 0xff, 0xff,
     0xff, 0xff, 0xe3, 0x1c, 0xce, 0xfc, 0xff, 0xff, 0xff, 0xff, 0xff, 0x80,
     0x01, 0xff, 0xff, 0xff, 0xff, 0xff, 0xcf, 0xff, 0xff, 0xfe, 0x7f, 0xff,
     0xff, 0xff, 0xff, 0x80, 0x01, 0xff, 0xff, 0xff, 0xff, 0xff, 0x9f, 0xfd,
     0xe7, 0xff, 0x7f, 0xff, 0xff, 0xff, 0xff, 0x80, 0x01, 0xff, 0xff, 0xff,
     0xff, 0xff, 0xbf, 0xfc, 0xe7, 0xff, 0xbf, 0xff, 0xff, 0xff, 0xff, 0x80,
     0x01, 0xff, 0xff, 0xff, 0xff, 0xff, 0x3f, 0xff, 0xff, 0xff, 0xbf, 0xff,
     0xff, 0xff, 0xff, 0x80, 0x01, 0xff, 0xff, 0xff, 0xff, 0xff, 0x7f, 0xff,
     0xff, 0xff, 0xdf, 0xff, 0xff, 0xff, 0xff, 0x80, 0x01, 0xff, 0xff, 0xff,
     0xff, 0xfe, 0xff, 0xff, 0x3f, 0xff, 0xcf, 0xff, 0xff, 0xff, 0xff, 0x80,
     0x01, 0xff, 0xff, 0xff, 0xff, 0xfe, 0xff, 0xff, 0xff, 0xff, 0xef, 0xff,
     0xff, 0xff, 0xff, 0x80, 0x01, 0xff, 0xff, 0xff, 0xff, 0xfd, 0xff, 0xff,
     0xff, 0xff, 0xf7, 0xff, 0xff, 0xff, 0xff, 0x80, 0x01, 0xff, 0xff, 0xff,
     0xff, 0xfd, 0xf8, 0xff, 0xff, 0x9f, 0xf7, 0xff, 0xff, 0xff, 0xff, 0x80,
     0x01, 0xff, 0xff, 0xff, 0xff, 0xfb, 0xd0, 0x3f, 0xff, 0x00, 0xf3, 0xff,
     0xff, 0xff, 0xff, 0x80, 0x01, 0xff, 0xff, 0xff, 0xff, 0xfb, 0xa0, 0x3f,
     0xff, 0x3c, 0x63, 0xff, 0xff, 0xff, 0xff, 0x80, 0x01, 0xff, 0xff, 0xff,
     0xff, 0xf9, 0xcf, 0xdf, 0xff, 0xff, 0xe3, 0xff, 0xff, 0xff, 0xff, 0x80,
     0x01, 0xff, 0xff, 0xff, 0xff, 0xf9, 0xff, 0xff, 0xff, 0xff, 0xfb, 0xff,
     0xff, 0xff, 0xff, 0x80, 0x01, 0xff, 0xff, 0xff, 0xff, 0xfb, 0xff, 0xff,
     0xf7, 0xff, 0x1b, 0xff, 0xff, 0xff, 0xff, 0x80, 0x01, 0xff, 0xff, 0xff,
     0xff, 0xfb, 0x1f, 0xfd, 0xf7, 0xfe, 0x0b, 0xff, 0xff, 0xff, 0xff, 0x80,
     0x01, 0xff, 0xff, 0xff, 0xff, 0xfa, 0x0f, 0xff, 0xff, 0xff, 0x1b, 0xff,
     0xff, 0xff, 0xff, 0x80, 0x01, 0xff, 0xff, 0xff, 0xff, 0xfb, 0x3f, 0xf0,
     0x03, 0xff, 0xf7, 0xff, 0xff, 0xff, 0xff, 0x80, 0x01, 0xff, 0xff, 0xff,
     0xff, 0xfd, 0xff, 0xf8, 0x03, 0xff, 0xf7, 0xff, 0xff, 0xff, 0xff, 0x80,
     0x01, 0xff, 0xff, 0xff, 0xff, 0xfd, 0xff, 0xf8, 0x07, 0xff, 0xef, 0xff,
     0xff, 0xff, 0xff, 0x80, 0x01, 0xff, 0xff, 0xff, 0xff, 0xfe, 0xff, 0xfd,
     0xf7, 0xff, 0xcf, 0xff, 0xff, 0xff, 0xff, 0x80, 0x01, 0xff, 0xff, 0xff,
     0xff, 0xff, 0x7f, 0xfd, 0xef, 0xff, 0x9f, 0xff, 0xff, 0xff, 0xff, 0x80,
     0x01, 0xff, 0xff, 0xff, 0xff, 0xff, 0x9f, 0xfe, 0x0f, 0xfe, 0x7f, 0xff,
     0xff, 0xff, 0xff, 0x80, 0x01, 0xff, 0xff, 0xff, 0xff, 0xff, 0xc7, 0xff,
     0xff, 0xf8, 0xff, 0xff, 0xff, 0xff, 0xff, 0x80, 0x01, 0xff, 0xff, 0xff,
     0xff, 0xff, 0xf1, 0xff, 0xff, 0xc3, 0xff, 0xff, 0xff, 0xff, 0xff, 0x80,
     0x01, 0xff, 0xff, 0xff, 0xff, 0xff, 0xfe, 0x0f, 0xfc, 0x1f, 0xff, 0xff,
     0xff, 0xff, 0xff, 0x80, 0x01, 0xff, 0xff, 0xff, 0xff, 0xff, 0xff, 0xe1,
     0xf2, 0xff, 0xff, 0xff, 0xff, 0xff, 0xff, 0x80, 0x01, 0xff, 0xff, 0xff,
     0xff, 0xff, 0xff, 0xf7, 0xfd, 0xff, 0xff, 0xff, 0xff, 0xff, 0xff, 0x80,
     0x01, 0xff, 0xff, 0xff, 0xff, 0xff, 0xfc, 0xcf, 0xfc, 0x75, 0xf9, 0xff,
     0xff, 0xff, 0xff, 0x80, 0x01, 0xff, 0xff, 0xff, 0xff, 0xff, 0xfb, 0x9f,
     0xff, 0x0b, 0xed, 0xff, 0xff, 0xff, 0xff, 0x80, 0x01, 0xff, 0xff, 0xff,
     0xff, 0xff, 0xf7, 0xff, 0xff, 0xfe, 0xdb, 0xff, 0xff, 0xff, 0xff, 0x80,
     0x01, 0xff, 0xff, 0xff, 0xff, 0xff, 0xf7, 0xef, 0xfe, 0xfc, 0xf7, 0xff,
     0xff, 0xff, 0xff, 0x80, 0x01, 0xff, 0xff, 0xff, 0xff, 0xff, 0xfd, 0x0b,
     0xfe, 0x81, 0xef, 0xff, 0xff, 0xff, 0xff, 0x80, 0x01, 0xff, 0xff, 0xff,
     0xff, 0xff, 0xff, 0xe3, 0xf8, 0xfe, 0xef, 0xff, 0xff, 0xff, 0xff, 0x80,
     0x01, 0xff, 0xff, 0xff, 0xff, 0xff, 0xff, 0xff, 0xfa, 0xfc, 0x7f, 0xff,
     0xff, 0xff, 0xff, 0x80, 0x01, 0xff, 0xff, 0xff, 0xff, 0xff, 0xff, 0xef,
     0xfa, 0xfb, 0xdf, 0xff, 0xff, 0xff, 0xff, 0x80, 0x01, 0xff, 0xff, 0xff,
     0xff, 0xff, 0xff, 0xef, 0xf8, 0x07, 0xdf, 0xff, 0xff, 0xff, 0xff, 0x80,
     0x01, 0xff, 0xff, 0xff, 0xff, 0xff, 0xff, 0xcb, 0xfe, 0xb3, 0xff, 0xff,
     0xff, 0xff, 0xff, 0x80, 0x01, 0xff, 0xff, 0xff, 0xff, 0xff, 0xff, 0xdf,
     0xfc, 0xbf, 0xbf, 0xff, 0xff, 0xff, 0xff, 0x80, 0x01, 0xff, 0xff, 0xff,
     0xff, 0xff, 0xff, 0x9d, 0xfe, 0xff, 0x7f, 0xff, 0xff, 0xff, 0xff, 0x80,
     0x01, 0xff, 0xff, 0xff, 0xff, 0xff, 0xff, 0xb8, 0xe5, 0x76, 0xff, 0xff,
     0xff, 0xff, 0xff, 0x80, 0x01, 0xff, 0xff, 0xff, 0xff, 0xff, 0xff, 0x9b,
     0x37, 0x75, 0xff, 0xff, 0xff, 0xff, 0xff, 0x80, 0x01, 0xff, 0xff, 0xff,
     0xff, 0xff, 0xff, 0xdb, 0xc6, 0x87, 0xff, 0xff, 0xff, 0xff, 0xff, 0x80,
     0x01, 0xff, 0xff, 0xff, 0xff, 0xff, 0xff, 0xdd, 0xfe, 0xff, 0xff, 0xff,
     0xff, 0xff, 0xff, 0x80, 0x01, 0xff, 0xff, 0xff, 0xff, 0xff, 0xff, 0xb3,
     0xef, 0x7f, 0xff, 0xff, 0xff, 0xff, 0xff, 0x80, 0x01, 0xff, 0xff, 0xff,
     0xff, 0xff, 0xff, 0x9f, 0xf0, 0x7f, 0xff, 0xff, 0xff, 0xff, 0xff, 0x80,
     0x01, 0xff, 0xff, 0xff, 0xff, 0xff, 0xff, 0xff, 0xff, 0xff, 0xff, 0xff,
     0xff, 0xff, 0xff, 0x80, 0x01, 0xff, 0xff, 0xff, 0xff, 0xff, 0xff, 0xff,
     0xff, 0xff, 0xff, 0xff, 0xff, 0xff, 0xff, 0x80, 0x01, 0xff, 0xff, 0xff,
     0xff, 0xff, 0xff, 0xff, 0xff, 0xff, 0xff, 0xff, 0xff, 0xff, 0xff, 0x80,
     0x00, 0x00, 0x00, 0x00, 0x00, 0x00, 0x00, 0x00, 0x00, 0x00, 0x00, 0x00,
     0x00, 0x00, 0x00, 0x00, 0x00, 0x00, 0x00, 0x00, 0x00, 0x00, 0x00, 0x00,
     0x00, 0x00, 0x00, 0x00, 0x00, 0x00, 0x00, 0x00, 0x00, 0x00, 0x00, 0x00,
     0x00, 0x00, 0x00, 0x00, 0x00, 0x00, 0x00, 0x00, 0x00, 0x00, 0x00, 0x00,
     0x00, 0x00, 0x00, 0x00, 0x00, 0x00, 0x00, 0x00, 0x00, 0x00, 0x00, 0x00,
     0x00, 0x00, 0x00, 0x00},
    {0x00, 0x00, 0x00, 0x00, 0x00, 0x00, 0x00, 0x00, 0x00, 0x00, 0x00, 0x00,
     0x00, 0x00, 0x00, 0x00, 0x00, 0x00, 0x00, 0x00, 0x00, 0x00, 0x00, 0x00,
     0x00, 0x00, 0x00, 0x00, 0x00, 0x00, 0x00, 0x00, 0x00, 0x00, 0x00, 0x00,
     0x00, 0x00, 0x00, 0x00, 0x00, 0x00, 0x00, 0x00, 0x00, 0x00, 0x00, 0x00,
     0x00, 0x00, 0x00, 0x00, 0x00, 0x00, 0x00, 0x00, 0x00, 0x00, 0x00, 0x00,
     0x00, 0x00, 0x00, 0x00, 0x01, 0xff, 0xff, 0xff, 0xff, 0xff, 0xff, 0xff,
     0xff, 0xff, 0xff, 0xff, 0xff, 0xff, 0xff, 0x80, 0x01, 0xff, 0xff, 0xff,
     0xff, 0xff, 0xff, 0xff, 0xff, 0xff, 0xff, 0xff, 0xff, 0xff, 0xff, 0x80,
     0x01, 0xff, 0xff, 0xff, 0xff, 0xff, 0xff, 0xff, 0xff, 0xff, 0xff, 0xff,
     0xff, 0xff, 0xff, 0x80, 0x01, 0xff, 0xff, 0xff, 0xff, 0xff, 0xff, 0xff,
     0xff, 0xff, 0xff, 0xff, 0xff, 0xff, 0xff, 0x80, 0x01, 0xff, 0xff, 0xff,
     0xff, 0xff, 0xff, 0xf8, 0x03, 0xff, 0xff, 0xff, 0xff, 0xff, 0xff, 0x80,
     0x01, 0xff, 0xff, 0xff, 0xff, 0xff, 0xff, 0x81, 0xc0, 0x3f, 0xff, 0xff,
     0xff, 0xff, 0xff, 0x80, 0x01, 0xff, 0xff, 0xff, 0xff, 0xff, 0xfe, 0x31,
     0xc7, 0x03, 0xff, 0xff, 0xff, 0xff, 0xff, 0x80, 0x01, 0xff, 0xff, 0xff,
     0xff, 0xff, 0xe0, 0x38, 0xce, 0xf9, 0xff, 0xff, 0xff, 0xff, 0xff, 0x80,
     0x01, 0xff, 0xff, 0xff, 0xff, 0xff, 0xcf, 0xdf, 0xff, 0xfe, 0xff, 0xff,
     0xff, 0xff, 0xff, 0x80, 0x01, 0xff, 0xff, 0xff, 0xff, 0xff, 0x9f, 0xfb,
     0xef, 0xff, 0x7f, 0xff, 0xff, 0xff, 0xff, 0x80, 0x01, 0xff, 0xff, 0xff,
     0xff, 0xff, 0xbf, 0xf9, 0xcf, 0xff, 0x7f, 0xff, 0xff, 0xff, 0xff, 0x80,
     0x01, 0xff, 0xff, 0xff, 0xff, 0xff, 0x7f, 0xfd, 0xff, 0xff, 0xbf, 0xff,
     0xff, 0xff, 0xff, 0x80, 0x01, 0xff, 0xff, 0xff, 0xff, 0xff, 0x7f, 0xff,
     0xff, 0xff, 0xdf, 0xff, 0xff, 0xff, 0xff, 0x80, 0x01, 0xff, 0xff, 0xff,
     0xff, 0xfe, 0xff, 0xff, 0x3f, 0xff, 0xdf, 0xff, 0xff, 0xff, 0xff, 0x80,
     0x01, 0xff, 0xff, 0xff, 0xff, 0xfe, 0xff, 0xff, 0xff, 0xff, 0xef, 0xff,
     0xff, 0xff, 0xff, 0x80, 0x01, 0xff, 0xff, 0xff, 0xff, 0xfd, 0xff, 0xff,
     0xff, 0xff, 0xe7, 0xff, 0xff, 0xff, 0xff, 0x80, 0x01, 0xff, 0xff, 0xff,
     0xff, 0xfd, 0xf0, 0xff, 0xff, 0x9f, 0xf7, 0xff, 0xff, 0xff, 0xff, 0x80,
     0x01, 0xff, 0xff, 0xff, 0xff, 0xfb, 0xf8, 0x7f, 0xff, 0x00, 0xf7, 0xff,
     0xff, 0xff, 0xff, 0x80, 0x01, 0xff, 0xff, 0xff, 0xff, 0xfb, 0xc0, 0x3f,
     0xff, 0x38, 0x63, 0xff, 0xff, 0xff, 0xff, 0x80, 0x01, 0xff, 0xff, 0xff,
     0xff, 0xf9, 0x8f, 0xbf, 0xff, 0xfe, 0xe3, 0xff, 0xff, 0xff, 0xff, 0x80,
     0x01, 0xff, 0xff, 0xff, 0xff, 0xf9, 0xff, 0xff, 0xff, 0xff, 0xf3, 0xff,
     0xff, 0xff, 0xff, 0x80, 0x01, 0xff, 0xff, 0xff, 0xff, 0xf3, 0xff, 0xff,
     0xff, 0xff, 0xbb, 0xff, 0xff, 0xff, 0xff, 0x80, 0x01, 0xff, 0xff, 0xff,
     0xff, 0xfb, 0x1f, 0xfd, 0xe7, 0xfe, 0x1b, 0xff, 0xff, 0xff, 0xff, 0x80,
     0x01, 0xff, 0xff, 0xff, 0xff, 0xfa, 0x1f, 0xff, 0xff, 0xfe, 0x13, 0xff,
     0xff, 0xff, 0xff, 0x80, 0x01, 0xff, 0xff, 0xff, 0xff, 0xfb, 0x1f, 0xf0,
     0x03, 0xff, 0xf7, 0xff, 0xff, 0xff, 0xff, 0x80, 0x01, 0xff, 0xff, 0xff,
     0xff, 0xfb, 0xff, 0xf8, 0x07, 0xff, 0xf7, 0xff, 0xff, 0xff, 0xff, 0x80,
     0x01, 0xff, 0xff, 0xff, 0xff, 0xfd, 0xff, 0xf8, 0x07, 0xff, 0xef, 0xff,
     0xff, 0xff, 0xff, 0x80, 0x01, 0xff, 0xff, 0xff, 0xff, 0xfc, 0xff, 0xf9,
     0xe7, 0xff, 0xdf, 0xff, 0xff, 0xff, 0xff, 0x80, 0x01, 0xff, 0xff, 0xff,
     0xff, 0xfe, 0x7f, 0xfd, 0xef, 0xff, 0x9f, 0xff, 0xff, 0xff, 0xff, 0x80,
     0x01, 0xff, 0xff, 0xff, 0xff, 0xff, 0x3f, 0xfe, 0x4f, 0xfe, 0x7f, 0xff,
     0xff, 0xff, 0xff, 0x80, 0x01, 0xff, 0xff, 0xff, 0xff, 0xff, 0xcf, 0xff,
     0xff, 0xf8, 0xff, 0xff, 0xff, 0xff, 0xff, 0x80, 0x01, 0xff, 0xff, 0xff,
     0xff, 0xff, 0xe3, 0xff, 0xff, 0xe3, 0xff, 0xff, 0xff, 0xff, 0xff, 0x80,
     0x01, 0xff, 0xff, 0xff, 0xff, 0xff, 0xfc, 0x1f, 0xfe, 0x1f, 0xff, 0xff,
     0xff, 0xff, 0xff, 0x80, 0x01, 0xff, 0xff, 0xff, 0xff, 0xff, 0xff, 0xc1,
     0xf0, 0xff, 0xff, 0xff, 0xff, 0xff, 0xff, 0x80, 0x01, 0xff, 0xff, 0xff,
     0xff, 0xff, 0xff, 0xf7, 0xfd, 0xff, 0xff, 0xff, 0xff, 0xff, 0xff, 0x80,
     0x01, 0xff, 0xff, 0xff, 0xff, 0xff, 0xff, 0xe7, 0xfc, 0xff, 0xff, 0xff,
     0xff, 0xff, 0xff, 0x80, 0x01, 0xff, 0xff, 0xff, 0xff, 0xff, 0xf4, 0x9f,
     0xff, 0x37, 0xff, 0xff, 0xff, 0xff, 0xff, 0x80, 0x01, 0xff, 0xff, 0xff,
     0xff, 0xff, 0xe6, 0x7f, 0xff, 0xc9, 0xff, 0xff, 0xff, 0xff, 0xff, 0x80,
     0x01, 0xff, 0xff, 0xff, 0xff, 0xff, 0xf7, 0xef, 0xfe, 0xfc, 0xff, 0xff,
     0xff, 0xff, 0xff, 0x80, 0x01, 0xff, 0xff, 0xff, 0xff, 0xff, 0xf7, 0xcb,
     0xfe, 0x7c, 0xff, 0xff, 0xff, 0xff, 0xff, 0x80, 0x01, 0xff, 0xff, 0xff,
     0xff, 0xff, 0xfc, 0x67, 0xfc, 0xc1, 0xfe, 0x3f, 0xff, 0xff, 0xff, 0x80,
     0x01, 0xff, 0xff, 0xff, 0xff, 0xff, 0xff, 0xff, 0xfa, 0xff, 0xfb, 0xff,
     0xff, 0xff, 0xff, 0x80, 0x01, 0xff, 0xff, 0xff, 0xff, 0xff, 0xff, 0xcf,
     0xfa, 0xff, 0xca, 0xff, 0xff, 0xff, 0xff, 0x80, 0x01, 0xff, 0xff, 0xff,
     0xff, 0xff, 0xff, 0xcf, 0xfc, 0x7f, 0x3d, 0xff, 0xff, 0xff, 0xff, 0x80,
     0x01, 0xff, 0xff, 0xff, 0xff, 0xff, 0xff, 0xcf, 0xfe, 0x81, 0xbb, 0xff,
     0xff, 0xff, 0xff, 0x80, 0x01, 0xff, 0xff, 0xff, 0xff, 0xff, 0xff, 0x8b,
     0xfc, 0xba, 0xf7, 0xff, 0xff, 0xff, 0xff, 0x80, 0x01, 0xff, 0xff, 0xff,
     0xff, 0xff, 0xff, 0x77, 0xfe, 0xab, 0xc7, 0xff, 0xff, 0xff, 0xff, 0x80,
     0x01, 0xff, 0xff, 0xff, 0xff, 0xff, 0xff, 0x79, 0xe5, 0x7f, 0x5f, 0xff,
     0xff, 0xff, 0xff, 0x80, 0x01, 0xff, 0xff, 0xff, 0xff, 0xff, 0xff, 0xb7,
     0x17, 0x47, 0x3f, 0xff, 0xff, 0xff, 0xff, 0x80, 0x01, 0xff, 0xff, 0xff,
     0xff, 0xff, 0xfe, 0xf7, 0x96, 0xbc, 0xff, 0xff, 0xff, 0xff, 0xff, 0x80,
     0x01, 0xff, 0xff, 0xff, 0xff, 0xff, 0xff, 0x3f, 0xfe, 0x0f, 0xff, 0xff,
     0xff, 0xff, 0xff, 0x80, 0x01, 0xff, 0xff, 0xff, 0xff, 0xff, 0xff, 0xff,
     0xef, 0x7f, 0xff, 0xff, 0xff, 0xff, 0xff, 0x80, 0x01, 0xff, 0xff, 0xff,
     0xff, 0xff, 0xff, 0xff, 0xf0, 0x7f, 0xff, 0xff, 0xff, 0xff, 0xff, 0x80,
     0x01, 0xff, 0xff, 0xff, 0xff, 0xff, 0xff, 0xff, 0xff, 0xff, 0xff, 0xff,
     0xff, 0xff, 0xff, 0x80, 0x01, 0xff, 0xff, 0xff, 0xff, 0xff, 0xff, 0xff,
     0xff, 0xff, 0xff, 0xff, 0xff, 0xff, 0xff, 0x80, 0x01, 0xff, 0xff, 0xff,
     0xff, 0xff, 0xff, 0xff, 0xff, 0xff, 0xff, 0xff, 0xff, 0xff, 0xff, 0x80,
     0x00, 0x00, 0x00, 0x00, 0x00, 0x00, 0x00, 0x00, 0x00, 0x00, 0x00, 0x00,
     0x00, 0x00, 0x00, 0x00, 0x00, 0x00, 0x00, 0x00, 0x00, 0x00, 0x00, 0x00,
     0x00, 0x00, 0x00, 0x00, 0x00, 0x00, 0x00, 0x00, 0x00, 0x00, 0x00, 0x00,
     0x00, 0x00, 0x00, 0x00, 0x00, 0x00, 0x00, 0x00, 0x00, 0x00, 0x00, 0x00,
     0x00, 0x00, 0x00, 0x00, 0x00, 0x00, 0x00, 0x00, 0x00, 0x00, 0x00, 0x00,
     0x00, 0x00, 0x00, 0x00},
    {0x00, 0x00, 0x00, 0x00, 0x00, 0x00, 0x00, 0x00, 0x00, 0x00, 0x00, 0x00,
     0x00, 0x00, 0x00, 0x00, 0x00, 0x00, 0x00, 0x00, 0x00, 0x00, 0x00, 0x00,
     0x00, 0x00, 0x00, 0x00, 0x00, 0x00, 0x00, 0x00, 0x00, 0x00, 0x00, 0x00,
     0x00, 0x00, 0x00, 0x00, 0x00, 0x00, 0x00, 0x00, 0x00, 0x00, 0x00, 0x00,
     0x00, 0x00, 0x00, 0x00, 0x00, 0x00, 0x00, 0x00, 0x00, 0x00, 0x00, 0x00,
     0x00, 0x00, 0x00, 0x00, 0x01, 0xff, 0xff, 0xff, 0xff, 0xff, 0xff, 0xff,
     0xff, 0xff, 0xff, 0xff, 0xff, 0xff, 0xff, 0x80, 0x01, 0xff, 0xff, 0xff,
     0xff, 0xff, 0xff, 0xff, 0xff, 0xff, 0xff, 0xff, 0xff, 0xff, 0xff, 0x80,
     0x01, 0xff, 0xff, 0xff, 0xff, 0xff, 0xff, 0xff, 0xff, 0xff, 0xff, 0xff,
     0xff, 0xff, 0xff, 0x80, 0x01, 0xff, 0xff, 0xff, 0xff, 0xff, 0xff, 0xff,
     0xff, 0xff, 0xff, 0xff, 0xff, 0xff, 0xff, 0x80, 0x01, 0xff, 0xff, 0xff,
     0xff, 0xff, 0xff, 0xc0, 0x00, 0xff, 0xff, 0xff, 0xff, 0xff, 0xff, 0x80,
     0x01, 0xff, 0xff, 0xff, 0xff, 0xff, 0xfe, 0x31, 0xc2, 0x3f, 0xff, 0xff,
     0xff, 0xff, 0xff, 0x80, 0x01, 0xff, 0xff, 0xff, 0xff, 0xff, 0xe0, 0x38,
     0xc7, 0x03, 0xff, 0xff, 0xff, 0xff, 0xff, 0x80, 0x01, 0xff, 0xff, 0xff,
     0xff, 0xff, 0xcf, 0xdf, 0xfe, 0xfd, 0xff, 0xff, 0xff, 0xff, 0xff, 0x80,
     0x01, 0xff, 0xff, 0xff, 0xff, 0xff, 0x9f, 0xff, 0xff, 0xfe, 0xff, 0xff,
     0xff, 0xff, 0xff, 0x80, 0x01, 0xff, 0xff, 0xff, 0xff, 0xff, 0xbf, 0xf9,
     0xe7, 0xff, 0x7f, 0xff, 0xff, 0xff, 0xff, 0x80, 0x01, 0xff, 0xff, 0xff,
     0xff, 0xff, 0x7f, 0xfd, 0xcf, 0xff, 0x7f, 0xff, 0xff, 0xff, 0xff, 0x80,
     0x01, 0xff, 0xff, 0xff, 0xff, 0xff, 0x7f, 0xff, 0xff, 0xff, 0xbf, 0xff,
     0xff, 0xff, 0xff, 0x80, 0x01, 0xff, 0xff, 0xff, 0xff, 0xfe, 0xff, 0xff,
     0x7f, 0xff, 0x9f, 0xff, 0xff, 0xff, 0xff, 0x80, 0x01, 0xff, 0xff, 0xff,
     0xff, 0xfd, 0xff, 0xff, 0x3f, 0xff, 0xdf, 0xff, 0xff, 0xff, 0xff, 0x80,
     0x01, 0xff, 0xff, 0xff, 0xff, 0xfd, 0xff, 0xff, 0xff, 0xff, 0xef, 0xff,
     0xff, 0xff, 0xff, 0x80, 0x01, 0xff, 0xff, 0xff, 0xff, 0xfb, 0xf1, 0xff,
     0xff, 0xef, 0xef, 0xff, 0xff, 0xff, 0xff, 0x80, 0x01, 0xff, 0xff, 0xff,
     0xff, 0xfb, 0xb0, 0x7f, 0xff, 0x9f, 0xf7, 0xff, 0xff, 0xff, 0xff, 0x80,
     0x01, 0xff, 0xff, 0xff, 0xff, 0xfb, 0xc0, 0x3f, 0xff, 0x00, 0xf7, 0xff,
     0xff, 0xff, 0xff, 0x80, 0x01, 0xff, 0xff, 0xff, 0xff, 0xf1, 0x8f, 0xbf,
     0xfe, 0x78, 0xe7, 0xff, 0xff, 0xff, 0xff, 0x80, 0x01, 0xff, 0xff, 0xff,
     0xff, 0xf1, 0xff, 0xff, 0xff, 0xfe, 0xe7, 0xff, 0xff, 0xff, 0xff, 0x80,
     0x01, 0xff, 0xff, 0xff, 0xff, 0xf7, 0xff, 0xff, 0xff, 0xff, 0xf3, 0xff,
     0xff, 0xff, 0xff, 0x80, 0x01, 0xff, 0xff, 0xff, 0xff, 0xf6, 0x3f, 0xfb,
     0xef, 0xff, 0x33, 0xff, 0xff, 0xff, 0xff, 0x80, 0x01, 0xff, 0xff, 0xff,
     0xff, 0xf6, 0x1f, 0xff, 0xef, 0xfe, 0x17, 0xff, 0xff, 0xff, 0xff, 0x80,
     0x01, 0xff, 0xff, 0xff, 0xff, 0xf2, 0x3f, 0xef, 0x3b, 0xfe, 0x37, 0xff,
     0xff, 0xff, 0xff, 0x80, 0x01, 0xff, 0xff, 0xff, 0xff, 0xfb, 0xff, 0xf0,
     0x07, 0xff, 0xf7, 0xff, 0xff, 0xff, 0xff, 0x80, 0x01, 0xff, 0xff, 0xff,
     0xff, 0xf9, 0xff, 0xf0, 0x07, 0xff, 0xef, 0xff, 0xff, 0xff, 0xff, 0x80,
     0x01, 0xff, 0xff, 0xff, 0xff, 0xfd, 0xff, 0xf9, 0xcf, 0xff, 0xcf, 0xff,
     0xff, 0xff, 0xff, 0x80, 0x01, 0xff, 0xff, 0xff, 0xff, 0xfe, 0xff, 0xfb,
     0xef, 0xff, 0x9f, 0xff, 0xff, 0xff, 0xff, 0x80, 0x01, 0xff, 0xff, 0xff,
     0xff, 0xff, 0x3f, 0xfd, 0xdf, 0xff, 0x3f, 0xff, 0xff, 0xff, 0xff, 0x80,
     0x01, 0xff, 0xff, 0xff, 0xff, 0xff, 0x9f, 0xfe, 0x3f, 0xfe, 0x7f, 0xff,
     0xff, 0xff, 0xff, 0x80, 0x01, 0xff, 0xff, 0xff, 0xff, 0xff, 0xe7, 0xff,
     0xff, 0xf1, 0xff, 0xff, 0xff, 0xff, 0xff, 0x80, 0x01, 0xff, 0xff, 0xff,
     0xff, 0xff, 0xf8, 0x7f, 0xff, 0x87, 0xff, 0xff, 0xff, 0xff, 0xff, 0x80,
     0x01, 0xff, 0xff, 0xff, 0xff, 0xff, 0xff, 0x03, 0xf0, 0x7f, 0xff, 0xff,
     0xff, 0xff, 0xff, 0x80, 0x01, 0xff, 0xff, 0xff, 0xff, 0xff, 0xff, 0xef,
     0xff, 0xff, 0xff, 0xff, 0xff, 0xff, 0xff, 0x80, 0x01, 0xff, 0xff, 0xff,
     0xff, 0xff, 0xe9, 0xc7, 0xf9, 0xd7, 0xff, 0xff, 0xff, 0xff, 0xff, 0x80,
     0x01, 0xff, 0xff, 0xff, 0xff, 0xff, 0xdd, 0x3b, 0xfe, 0xe3, 0xff, 0xff,
     0xff, 0xff, 0xff, 0x80, 0x01, 0xff, 0xff, 0xff, 0xff, 0xff, 0xee, 0xff,
     0xfe, 0x3b, 0xc7, 0xff, 0xff, 0xff, 0xff, 0x80, 0x01, 0xff, 0xff, 0xff,
     0xff, 0xff, 0xdf, 0xef, 0xfd, 0xfb, 0x7e, 0xff, 0xff, 0xff, 0xff, 0x80,
     0x01, 0xff, 0xff, 0xff, 0xff, 0xff, 0xf8, 0x1f, 0xf4, 0xf2, 0xff, 0xff,
     0xff, 0xff, 0xff, 0x80, 0x01, 0xff, 0xff, 0xff, 0xff, 0xff, 0xff, 0xdf,
     0xf5, 0x1c, 0xcf, 0xff, 0xff, 0xff, 0xff, 0x80, 0x01, 0xff, 0xff, 0xff,
     0xff, 0xff, 0xff, 0xc7, 0xf9, 0xfb, 0xdf, 0xff, 0xff, 0xff, 0xff, 0x80,
     0x01, 0xff, 0xff, 0xff, 0xff, 0xff, 0xff, 0xd7, 0xff, 0xf7, 0xbf, 0xff,
     0xff, 0xff, 0xff, 0x80, 0x01, 0xff, 0xff, 0xff, 0xff, 0xff, 0xff, 0xc7,
     0xf8, 0x07, 0xbf, 0xff, 0xff, 0xff, 0xff, 0x80, 0x01, 0xff, 0xff, 0xff,
     0xff, 0xff, 0xff, 0xdf, 0xfd, 0x36, 0x7f, 0xff, 0xff, 0xff, 0xff, 0x80,
     0x01, 0xff, 0xff, 0xff, 0xff, 0xff, 0xff, 0xdf, 0xf5, 0xbd, 0x7f, 0xff,
     0xff, 0xff, 0xff, 0x80, 0x01, 0xff, 0xff, 0xff, 0xff, 0xff, 0xff, 0xab,
     0xfe, 0xfc, 0xff, 0xff, 0xff, 0xff, 0xff, 0x80, 0x01, 0xff, 0xff, 0xff,
     0xff, 0xff, 0xff, 0xb7, 0xe4, 0xed, 0xff, 0xff, 0xff, 0xff, 0xff, 0x80,
     0x01, 0xff, 0xff, 0xff, 0xff, 0xff, 0xff, 0xb8, 0x0e, 0xf3, 0xff, 0xff,
     0xff, 0xff, 0xff, 0x80, 0x01, 0xff, 0xff, 0xff, 0xff, 0xff, 0xff, 0xbf,
     0xac, 0x8f, 0xff, 0xff, 0xff, 0xff, 0xff, 0x80, 0x01, 0xff, 0xff, 0xff,
     0xff, 0xff, 0xff, 0xfb, 0xee, 0x7f, 0xff, 0xff, 0xff, 0xff, 0xff, 0x80,
     0x01, 0xff, 0xff, 0xff, 0xff, 0xff, 0xff, 0xbb, 0xfc, 0xff, 0xff, 0xff,
     0xff, 0xff, 0xff, 0x80, 0x01, 0xff, 0xff, 0xff, 0xff, 0xff, 0xff, 0x07,
     0xef, 0x7f, 0xff, 0xff, 0xff, 0xff, 0xff, 0x80, 0x01, 0xff, 0xff, 0xff,
     0xff, 0xff, 0xff, 0xff, 0xf0, 0x7f, 0xff, 0xff, 0xff, 0xff, 0xff, 0x80,
     0x01, 0xff, 0xff, 0xff, 0xff, 0xff, 0xff, 0xff, 0xff, 0xff, 0xff, 0xff,
     0xff, 0xff, 0xff, 0x80, 0x01, 0xff, 0xff, 0xff, 0xff, 0xff, 0xff, 0xff,
     0xff, 0xff, 0xff, 0xff, 0xff, 0xff, 0xff, 0x80, 0x01, 0xff, 0xff, 0xff,
     0xff, 0xff, 0xff, 0xff, 0xff, 0xff, 0xff, 0xff, 0xff, 0xff, 0xff, 0x80,
     0x00, 0x00, 0x00, 0x00, 0x00, 0x00, 0x00, 0x00, 0x00, 0x00, 0x00, 0x00,
     0x00, 0x00, 0x00, 0x00, 0x00, 0x00, 0x00, 0x00, 0x00, 0x00, 0x00, 0x00,
     0x00, 0x00, 0x00, 0x00, 0x00, 0x00, 0x00, 0x00, 0x00, 0x00, 0x00, 0x00,
     0x00, 0x00, 0x00, 0x00, 0x00, 0x00, 0x00, 0x00, 0x00, 0x00, 0x00, 0x00,
     0x00, 0x00, 0x00, 0x00, 0x00, 0x00, 0x00, 0x00, 0x00, 0x00, 0x00, 0x00,
     0x00, 0x00, 0x00, 0x00},
    {0x00, 0x00, 0x00, 0x00, 0x00, 0x00, 0x00, 0x00, 0x00, 0x00, 0x00, 0x00,
     0x00, 0x00, 0x00, 0x00, 0x00, 0x00, 0x00, 0x00, 0x00, 0x00, 0x00, 0x00,
     0x00, 0x00, 0x00, 0x00, 0x00, 0x00, 0x00, 0x00, 0x00, 0x00, 0x00, 0x00,
     0x00, 0x00, 0x00, 0x00, 0x00, 0x00, 0x00, 0x00, 0x00, 0x00, 0x00, 0x00,
     0x00, 0x00, 0x00, 0x00, 0x00, 0x00, 0x00, 0x00, 0x00, 0x00, 0x00, 0x00,
     0x00, 0x00, 0x00, 0x00, 0x01, 0xff, 0xff, 0xff, 0xff, 0xff, 0xff, 0xff,
     0xff, 0xff, 0xff, 0xff, 0xff, 0xff, 0xff, 0x80, 0x01, 0xff, 0xff, 0xff,
     0xff, 0xff, 0xff, 0xff, 0xff, 0xff, 0xff, 0xff, 0xff, 0xff, 0xff, 0x80,
     0x01, 0xff, 0xff, 0xff, 0xff, 0xff, 0xff, 0xff, 0xff, 0xff, 0xff, 0xff,
     0xff, 0xff, 0xff, 0x80, 0x01, 0xff, 0xff, 0xff, 0xff, 0xff, 0xff, 0xff,
     0xff, 0xff, 0xff, 0xff, 0xff, 0xff, 0xff, 0x80, 0x01, 0xff, 0xff, 0xff,
     0xff, 0xff, 0xff, 0xfc, 0x1f, 0xff, 0xff, 0xff, 0xff, 0xff, 0xff, 0x80,
     0x01, 0xff, 0xff, 0xff, 0xff, 0xff, 0xff, 0x80, 0x00, 0xff, 0xff, 0xff,
     0xff, 0xff, 0xff, 0x80, 0x01, 0xff, 0xff, 0xff, 0xff, 0xff, 0xf8, 0x78,
     0xe3, 0x1f, 0xff, 0xff, 0xff, 0xff, 0xff, 0x80, 0x01, 0xff, 0xff, 0xff,
     0xff, 0xff, 0xe7, 0x9c, 0xc7, 0x03, 0xff, 0xff, 0xff, 0xff, 0xff, 0x80,
     0x01, 0xff, 0xff, 0xff, 0xff, 0xff, 0xdf, 0xff, 0xfe, 0xfc, 0xff, 0xff,
     0xff, 0xff, 0xff, 0x80, 0x01, 0xff, 0xff, 0xff, 0xff, 0xff, 0xbf, 0xff,
     0xff, 0xfe, 0xff, 0xff, 0xff, 0xff, 0xff, 0x80, 0x01, 0xff, 0xff, 0xff,
     0xff, 0xff, 0xbf, 0xf9, 0xe7, 0xff, 0x7f, 0xff, 0xff, 0xff, 0xff, 0x80,
     0x01, 0xff, 0xff, 0xff, 0xff, 0xff, 0x7f, 0xfd, 0xef, 0xff, 0x7f, 0xff,
     0xff, 0xff, 0xff, 0x80, 0x01, 0xff, 0xff, 0xff, 0xff, 0xfe, 0x7f, 0xff,
     0xff, 0xff, 0xbf, 0xff, 0xff, 0xff, 0xff, 0x80, 0x01, 0xff, 0xff, 0xff,
     0xff, 0xfe, 0xff, 0xff, 0x3f, 0xff, 0x9f, 0xff, 0xff, 0xff, 0xff, 0x80,
     0x01, 0xff, 0xff, 0xff, 0xff, 0xfd, 0xff, 0xff, 0x3f, 0xff, 0xdf, 0xff,
     0xff, 0xff, 0xff, 0x80, 0x01, 0xff, 0xff, 0xff, 0xff, 0xf9, 0xff, 0xff,
     0xff, 0xff, 0xef, 0xff, 0xff, 0xff, 0xff, 0x80, 0x01, 0xff, 0xff, 0xff,
     0xff, 0xfb, 0xf0, 0xff, 0xff, 0xff, 0xef, 0xff, 0xff, 0xff, 0xff, 0x80,
     0x01, 0xff, 0xff, 0xff, 0xff, 0xfb, 0xc0, 0x7f, 0xff, 0x9f, 0xe7, 0xff,
     0xff, 0xff, 0xff, 0x80, 0x01, 0xff, 0xff, 0xff, 0xff, 0xf1, 0x86, 0x3f,
     0xff, 0x00, 0xf7, 0xff, 0xff, 0xff, 0xff, 0x80, 0x01, 0xff, 0xff, 0xff,
     0xff, 0xf1, 0xdf, 0xbf, 0xfe, 0x78, 0x67, 0xff, 0xff, 0xff, 0xff, 0x80,
     0x01, 0xff, 0xff, 0xff, 0xff, 0xf3, 0xff, 0xff, 0xff, 0xfe, 0xe7, 0xff,
     0xff, 0xff, 0xff, 0x80, 0x01, 0xff, 0xff, 0xff, 0xff, 0xf7, 0xff, 0xff,
     0xff, 0xff, 0xe7, 0xff, 0xff, 0xff, 0xff, 0x80, 0x01, 0xff, 0xff, 0xff,
     0xff, 0xf6, 0x1f, 0xfb, 0xef, 0xff, 0xf7, 0xff, 0xff, 0xff, 0xff, 0x80,
     0x01, 0xff, 0xff, 0xff, 0xff, 0xf6, 0x1f, 0xff, 0xff, 0xfe, 0x17, 0xff,
     0xff, 0xff, 0xff, 0x80, 0x01, 0xff, 0xff, 0xff, 0xff, 0xfb, 0xff, 0xe6,
     0x3b, 0xfe, 0x17, 0xff, 0xff, 0xff, 0xff, 0x80, 0x01, 0xff, 0xff, 0xff,
     0xff, 0xfb, 0xff, 0xf0, 0x07, 0xff, 0xf7, 0xff, 0xff, 0xff, 0xff, 0x80,
     0x01, 0xff, 0xff, 0xff, 0xff, 0xfd, 0xff, 0xf0, 0x07, 0xff, 0xef, 0xff,
     0xff, 0xff, 0xff, 0x80, 0x01, 0xff, 0xff, 0xff, 0xff, 0xfc, 0xff, 0xfb,
     0xcf, 0xff, 0xcf, 0xff, 0xff, 0xff, 0xff, 0x80, 0x01, 0xff, 0xff, 0xff,
     0xff, 0xfe, 0x7f, 0xfb, 0xef, 0xff, 0x9f, 0xff, 0xff, 0xff, 0xff, 0x80,
     0x01, 0xff, 0xff, 0xff, 0xff, 0xff, 0x3f, 0xfd, 0x9f, 0xff, 0x3f, 0xff,
     0xff, 0xff, 0xff, 0x80, 0x01, 0xff, 0xff, 0xff, 0xff, 0xff, 0xcf, 0xfe,
     0x3f, 0xfe, 0x7f, 0xff, 0xff, 0xff, 0xff, 0x80, 0x01, 0xff, 0xff, 0xff,
     0xff, 0xff, 0xf1, 0xff, 0xff, 0xf1, 0xff, 0xff, 0xff, 0xff, 0xff, 0x80,
     0x01, 0xff, 0xff, 0xff, 0xff, 0xff, 0xfc, 0x3f, 0xff, 0x87, 0xff, 0xff,
     0xff, 0xff, 0xff, 0x80, 0x01, 0xff, 0xff, 0xff, 0xff, 0xff, 0xff, 0xc3,
     0xe0, 0x7f, 0xff, 0xff, 0xff, 0xff, 0xff, 0x80, 0x01, 0xff, 0xff, 0xff,
     0xff, 0xff, 0xff, 0xff, 0xfb, 0xff, 0xff, 0xff, 0xff, 0xff, 0xff, 0x80,
     0x01, 0xff, 0xff, 0xff, 0xff, 0xff, 0xff, 0xcf, 0xf1, 0xff, 0xff, 0xff,
     0xff, 0xff, 0xff, 0x80, 0x01, 0xff, 0xff, 0xff, 0xff, 0xff, 0xf3, 0x3f,
     0xfe, 0xff, 0xff, 0xff, 0xff, 0xff, 0xff, 0x80, 0x01, 0xff, 0xff, 0xff,
     0xff, 0xff, 0xc0, 0xff, 0xff, 0x43, 0xff, 0xff, 0xff, 0xff, 0xff, 0x80,
     0x01, 0xff, 0xff, 0xff, 0xff, 0xff, 0xcf, 0xdf, 0xff, 0xbb, 0xff, 0xff,
     0xff, 0xff, 0xff, 0x80, 0x01, 0xff, 0xff, 0xff, 0xff, 0xff, 0xdf, 0x17,
     0xfd, 0xfb, 0xff, 0xff, 0xff, 0xff, 0xff, 0x80, 0x01, 0xff, 0xff, 0xff,
     0xff, 0xff, 0xf0, 0xd7, 0xf0, 0x73, 0xf7, 0xff, 0xff, 0xff, 0xff, 0x80,
     0x01, 0xff, 0xff, 0xff, 0xff, 0xff, 0xff, 0xd7, 0xf5, 0x87, 0xdd, 0xff,
     0xff, 0xff, 0xff, 0x80, 0x01, 0xff, 0xff, 0xff, 0xff, 0xff, 0xff, 0xdf,
     0xf5, 0xff, 0xbb, 0xff, 0xff, 0xff, 0xff, 0x80, 0x01, 0xff, 0xff, 0xff,
     0xff, 0xff, 0xff, 0xc7, 0xf0, 0xfc, 0x37, 0xff, 0xff, 0xff, 0xff, 0x80,
     0x01, 0xff, 0xff, 0xff, 0xff, 0xff, 0xff, 0xd7, 0xf5, 0x03, 0xa7, 0xff,
     0xff, 0xff, 0xff, 0x80, 0x01, 0xff, 0xff, 0xff, 0xff, 0xff, 0xff, 0x9f,
     0xfc, 0xb7, 0xcf, 0xff, 0xff, 0xff, 0xff, 0x80, 0x01, 0xff, 0xff, 0xff,
     0xff, 0xff, 0xff, 0x1f, 0xee, 0xff, 0xdf, 0xff, 0xff, 0xff, 0xff, 0x80,
     0x01, 0xff, 0xff, 0xff, 0xff, 0xff, 0xff, 0x73, 0xe4, 0xff, 0xbf, 0xff,
     0xff, 0xff, 0xff, 0x80, 0x01, 0xff, 0xff, 0xff, 0xff, 0xff, 0xff, 0x34,
     0x0e, 0x8e, 0x7f, 0xff, 0xff, 0xff, 0xff, 0x80, 0x01, 0xff, 0xff, 0xff,
     0xff, 0xff, 0xff, 0xf7, 0x36, 0xf9, 0xff, 0xff, 0xff, 0xff, 0xff, 0x80,
     0x01, 0xff, 0xff, 0xff, 0xff, 0xff, 0xff, 0x37, 0xec, 0x0f, 0xff, 0xff,
     0xff, 0xff, 0xff, 0x80, 0x01, 0xff, 0xff, 0xff, 0xff, 0xff, 0xfe, 0xf7,
     0xef, 0x7f, 0xff, 0xff, 0xff, 0xff, 0xff, 0x80, 0x01, 0xff, 0xff, 0xff,
     0xff, 0xff, 0xff, 0xff, 0xf0, 0x7f, 0xff, 0xff, 0xff, 0xff, 0xff, 0x80,
     0x01, 0xff, 0xff, 0xff, 0xff, 0xff, 0xff, 0xff, 0xff, 0xff, 0xff, 0xff,
     0xff, 0xff, 0xff, 0x80, 0x01, 0xff, 0xff, 0xff, 0xff, 0xff, 0xff, 0xff,
     0xff, 0xff, 0xff, 0xff, 0xff, 0xff, 0xff, 0x80, 0x01, 0xff, 0xff, 0xff,
     0xff, 0xff, 0xff, 0xff, 0xff, 0xff, 0xff, 0xff, 0xff, 0xff, 0xff, 0x80,
     0x00, 0x00, 0x00, 0x00, 0x00, 0x00, 0x00, 0x00, 0x00, 0x00, 0x00, 0x00,
     0x00, 0x00, 0x00, 0x00, 0x00, 0x00, 0x00, 0x00, 0x00, 0x00, 0x00, 0x00,
     0x00, 0x00, 0x00, 0x00, 0x00, 0x00, 0x00, 0x00, 0x00, 0x00, 0x00, 0x00,
     0x00, 0x00, 0x00, 0x00, 0x00, 0x00, 0x00, 0x00, 0x00, 0x00, 0x00, 0x00,
     0x00, 0x00, 0x00, 0x00, 0x00, 0x00, 0x00, 0x00, 0x00, 0x00, 0x00, 0x00,
     0x00, 0x00, 0x00, 0x00},
    {0x00, 0x00, 0x00, 0x00, 0x00, 0x00, 0x00, 0x00, 0x00, 0x00, 0x00, 0x00,
     0x00, 0x00, 0x00, 0x00, 0x00, 0x00, 0x00, 0x00, 0x00, 0x00, 0x00, 0x00,
     0x00, 0x00, 0x00, 0x00, 0x00, 0x00, 0x00, 0x00, 0x00, 0x00, 0x00, 0x00,
     0x00, 0x00, 0x00, 0x00, 0x00, 0x00, 0x00, 0x00, 0x00, 0x00, 0x00, 0x00,
     0x00, 0x00, 0x00, 0x00, 0x00, 0x00, 0x00, 0x00, 0x00, 0x00, 0x00, 0x00,
     0x00, 0x00, 0x00, 0x00, 0x01, 0xff, 0xff, 0xff, 0xff, 0xff, 0xff, 0xff,
     0xff, 0xff, 0xff, 0xff, 0xff, 0xff, 0xff, 0x80, 0x01, 0xff, 0xff, 0xff,
     0xff, 0xff, 0xff, 0xff, 0xff, 0xff, 0xff, 0xff, 0xff, 0xff, 0xff, 0x80,
     0x01, 0xff, 0xff, 0xff, 0xff, 0xff, 0xff, 0xff, 0xff, 0xff, 0xff, 0xff,
     0xff, 0xff, 0xff, 0x80, 0x01, 0xff, 0xff, 0xff, 0xff, 0xff, 0xff, 0xff,
     0xff, 0xff, 0xff, 0xff, 0xff, 0xff, 0xff, 0x80, 0x01, 0xff, 0xff, 0xff,
     0xff, 0xff, 0xff, 0xc0, 0x00, 0xff, 0xff, 0xff, 0xff, 0xff, 0xff, 0x80,
     0x01, 0xff, 0xff, 0xff, 0xff, 0xff, 0xfe, 0x01, 0xc2, 0x3f, 0xff, 0xff,
     0xff, 0xff, 0xff, 0x80, 0x01, 0xff, 0xff, 0xff, 0xff, 0xff, 0xf0, 0x71,
     0xce, 0x03, 0xff, 0xff, 0xff, 0xff, 0xff, 0x80, 0x01, 0xff, 0xff, 0xff,
     0xff, 0xff, 0xcf, 0x9f, 0xfd, 0xfd, 0xff, 0xff, 0xff, 0xff, 0xff, 0x80,
     0x01, 0xff, 0xff, 0xff, 0xff, 0xff, 0x9f, 0xff, 0xff, 0xfe, 0xff, 0xff,
     0xff, 0xff, 0xff, 0x80, 0x01, 0xff, 0xff, 0xff, 0xff, 0xff, 0xbf, 0xf9,
     0xcf, 0xff, 0x7f, 0xff, 0xff, 0xff, 0xff, 0x80, 0x01, 0xff, 0xff, 0xff,
     0xff, 0xff, 0x7f, 0xf9, 0xcf, 0xff, 0x7f, 0xff, 0xff, 0xff, 0xff, 0x80,
     0x01, 0xff, 0xff, 0xff, 0xff, 0xff, 0x7f, 0xff, 0xff, 0xff, 0x3f, 0xff,
     0xff, 0xff, 0xff, 0x80, 0x01, 0xff, 0xff, 0xff, 0xff, 0xfe, 0xff, 0xff,
     0x7f, 0xff, 0x9f, 0xff, 0xff, 0xff, 0xff, 0x80, 0x01, 0xff, 0xff, 0xff,
     0xff, 0xfc, 0xff, 0xff, 0x7f, 0xff, 0xdf, 0xff, 0xff, 0xff, 0xff, 0x80,
     0x01, 0xff, 0xff, 0xff, 0xff, 0xfd, 0xff, 0xff, 0xff, 0xff, 0xef, 0xff,
     0xff, 0xff, 0xff, 0x80, 0x01, 0xff, 0xff, 0xff, 0xff, 0xf9, 0xff, 0xff,
     0xff, 0xc7, 0xef, 0xff, 0xff, 0xff, 0xff, 0x80, 0x01, 0xff, 0xff, 0xff,
     0xff, 0xfb, 0xfe, 0x7f, 0xff, 0x06, 0xf7, 0xff, 0xff, 0xff, 0xff, 0x80,
     0x01, 0xff, 0xff, 0xff, 0xff, 0xfb, 0xc0, 0x3f, 0xff, 0x01, 0xf7, 0xff,
     0xff, 0xff, 0xff, 0x80, 0x01, 0xff, 0xff, 0xff, 0xff, 0xf1, 0x8f, 0x3f,
     0xfe, 0x7c, 0xe7, 0xff, 0xff, 0xff, 0xff, 0x80, 0x01, 0xff, 0xff, 0xff,
     0xff, 0xf1, 0xdf, 0xff, 0xff, 0xff, 0xe3, 0xff, 0xff, 0xff, 0xff, 0x80,
     0x01, 0xff, 0xff, 0xff, 0xff, 0xf3, 0xff, 0xff, 0xff, 0xff, 0xf3, 0xff,
     0xff, 0xff, 0xff, 0x80, 0x01, 0xff, 0xff, 0xff, 0xff, 0xf7, 0xff, 0xfb,
     0xe7, 0xfe, 0x13, 0xff, 0xff, 0xff, 0xff, 0x80, 0x01, 0xff, 0xff, 0xff,
     0xff, 0xf6, 0x1f, 0xfd, 0xef, 0xfe, 0x17, 0xff, 0xff, 0xff, 0xff, 0x80,
     0x01, 0xff, 0xff, 0xff, 0xff, 0xf2, 0x1f, 0xff, 0x3b, 0xff, 0x37, 0xff,
     0xff, 0xff, 0xff, 0x80, 0x01, 0xff, 0xff, 0xff, 0xff, 0xfb, 0xff, 0xf0,
     0x07, 0xff, 0xf7, 0xff, 0xff, 0xff, 0xff, 0x80, 0x01, 0xff, 0xff, 0xff,
     0xff, 0xfb, 0xff, 0xf0, 0x07, 0xff, 0xef, 0xff, 0xff, 0xff, 0xff, 0x80,
     0x01, 0xff, 0xff, 0xff, 0xff, 0xfd, 0xff, 0xf9, 0xc7, 0xff, 0xcf, 0xff,
     0xff, 0xff, 0xff, 0x80, 0x01, 0xff, 0xff, 0xff, 0xff, 0xfc, 0xff, 0xfb,
     0xef, 0xff, 0x9f, 0xff, 0xff, 0xff, 0xff, 0x80, 0x01, 0xff, 0xff, 0xff,
     0xff, 0xfe, 0x7f, 0xfd, 0xcf, 0xff, 0x3f, 0xff, 0xff, 0xff, 0xff, 0x80,
     0x01, 0xff, 0xff, 0xff, 0xff, 0xff, 0x9f, 0xfe, 0x3f, 0xfc, 0xff, 0xff,
     0xff, 0xff, 0xff, 0x80, 0x01, 0xff, 0xff, 0xff, 0xff, 0xff, 0xc7, 0xff,
     0xff, 0xf1, 0xff, 0xff, 0xff, 0xff, 0xff, 0x80, 0x01, 0xff, 0xff, 0xff,
     0xff, 0xff, 0xf0, 0xff, 0xff, 0x8f, 0xff, 0xff, 0xff, 0xff, 0xff, 0x80,
     0x01, 0xff, 0xff, 0xff, 0xff, 0xff, 0xff, 0x03, 0xf0, 0x7f, 0xff, 0xff,
     0xff, 0xff, 0xff, 0x80, 0x01, 0xff, 0xff, 0xff, 0xff, 0xff, 0xff, 0xeb,
     0xf5, 0xff, 0xff, 0xff, 0xff, 0xff, 0xff, 0x80, 0x01, 0xff, 0xff, 0xff,
     0xff, 0xff, 0xf3, 0xe3, 0xf1, 0xff, 0xff, 0xff, 0xff, 0xff, 0xff, 0x80,
     0x01, 0xff, 0xff, 0xff, 0xff, 0xff, 0xe6, 0x9f, 0xfe, 0x75, 0xff, 0xff,
     0xff, 0xff, 0xff, 0x80, 0x01, 0xff, 0xff, 0xff, 0xff, 0xff, 0xee, 0x7b,
     0xf6, 0x99, 0xff, 0xff, 0xff, 0xff, 0xff, 0x80, 0x01, 0xff, 0xff, 0xff,
     0xff, 0xff, 0xef, 0xeb, 0xf5, 0xfd, 0xff, 0xff, 0xff, 0xff, 0xff, 0x80,
     0x01, 0xff, 0xff, 0xff, 0xff, 0xff, 0xf7, 0x8f, 0xfc, 0x7d, 0xb7, 0xff,
     0xff, 0xff, 0xff, 0x80, 0x01, 0xff, 0xff, 0xff, 0xff, 0xff, 0xfc, 0x5f,
     0xfd, 0x8e, 0xfe, 0xff, 0xff, 0xff, 0xff, 0x80, 0x01, 0xff, 0xff, 0xff,
     0xff, 0xff, 0xff, 0xcf, 0xfc, 0xfc, 0x67, 0x7f, 0xff, 0xff, 0xff, 0x80,
     0x01, 0xff, 0xff, 0xff, 0xff, 0xff, 0xff, 0xdf, 0xfe, 0xf3, 0xff, 0x7f,
     0xff, 0xff, 0xff, 0x80, 0x01, 0xff, 0xff, 0xff, 0xff, 0xff, 0xff, 0xcf,
     0xfc, 0x45, 0xdf, 0xff, 0xff, 0xff, 0xff, 0x80, 0x01, 0xff, 0xff, 0xff,
     0xff, 0xff, 0xff, 0xdf, 0xfe, 0x37, 0xbf, 0xff, 0xff, 0xff, 0xff, 0x80,
     0x01, 0xff, 0xff, 0xff, 0xff, 0xff, 0xff, 0xbf, 0xf5, 0xbf, 0x7f, 0xff,
     0xff, 0xff, 0xff, 0x80, 0x01, 0xff, 0xff, 0xff, 0xff, 0xff, 0xff, 0x9b,
     0xfe, 0xfd, 0xff, 0xff, 0xff, 0xff, 0xff, 0x80, 0x01, 0xff, 0xff, 0xff,
     0xff, 0xff, 0xff, 0x77, 0xe4, 0xf4, 0xff, 0xff, 0xff, 0xff, 0xff, 0x80,
     0x01, 0xff, 0xff, 0xff, 0xff, 0xff, 0xff, 0xb0, 0x0e, 0xf3, 0xff, 0xff,
     0xff, 0xff, 0xff, 0x80, 0x01, 0xff, 0xff, 0xff, 0xff, 0xff, 0xff, 0xb7,
     0xac, 0x87, 0xff, 0xff, 0xff, 0xff, 0xff, 0x80, 0x01, 0xff, 0xff, 0xff,
     0xff, 0xff, 0xff, 0xbf, 0xee, 0x3f, 0xff, 0xff, 0xff, 0xff, 0xff, 0x80,
     0x01, 0xff, 0xff, 0xff, 0xff, 0xff, 0xff, 0x77, 0xfc, 0xff, 0xff, 0xff,
     0xff, 0xff, 0xff, 0x80, 0x01, 0xff, 0xff, 0xff, 0xff, 0xff, 0xff, 0xbf,
     0xef, 0x7f, 0xff, 0xff, 0xff, 0xff, 0xff, 0x80, 0x01, 0xff, 0xff, 0xff,
     0xff, 0xff, 0xff, 0xff, 0xf0, 0x7f, 0xff, 0xff, 0xff, 0xff, 0xff, 0x80,
     0x01, 0xff, 0xff, 0xff, 0xff, 0xff, 0xff, 0xff, 0xff, 0xff, 0xff, 0xff,
     0xff, 0xff, 0xff, 0x80, 0x01, 0xff, 0xff, 0xff, 0xff, 0xff, 0xff, 0xff,
     0xff, 0xff, 0xff, 0xff, 0xff, 0xff, 0xff, 0x80, 0x01, 0xff, 0xff, 0xff,
     0xff, 0xff, 0xff, 0xff, 0xff, 0xff, 0xff, 0xff, 0xff, 0xff, 0xff, 0x80,
     0x00, 0x00, 0x00, 0x00, 0x00, 0x00, 0x00, 0x00, 0x00, 0x00, 0x00, 0x00,
     0x00, 0x00, 0x00, 0x00, 0x00, 0x00, 0x00, 0x00, 0x00, 0x00, 0x00, 0x00,
     0x00, 0x00, 0x00, 0x00, 0x00, 0x00, 0x00, 0x00, 0x00, 0x00, 0x00, 0x00,
     0x00, 0x00, 0x00, 0x00, 0x00, 0x00, 0x00, 0x00, 0x00, 0x00, 0x00, 0x00,
     0x00, 0x00, 0x00, 0x00, 0x00, 0x00, 0x00, 0x00, 0x00, 0x00, 0x00, 0x00,
     0x00, 0x00, 0x00, 0x00},
    {0x00, 0x00, 0x00, 0x00, 0x00, 0x00, 0x00, 0x00, 0x00, 0x00, 0x00, 0x00,
     0x00, 0x00, 0x00, 0x00, 0x00, 0x00, 0x00, 0x00, 0x00, 0x00, 0x00, 0x00,
     0x00, 0x00, 0x00, 0x00, 0x00, 0x00, 0x00, 0x00, 0x00, 0x00, 0x00, 0x00,
     0x00, 0x00, 0x00, 0x00, 0x00, 0x00, 0x00, 0x00, 0x00, 0x00, 0x00, 0x00,
     0x00, 0x00, 0x00, 0x00, 0x00, 0x00, 0x00, 0x00, 0x00, 0x00, 0x00, 0x00,
     0x00, 0x00, 0x00, 0x00, 0x01, 0xff, 0xff, 0xff, 0xff, 0xff, 0xff, 0xff,
     0xff, 0xff, 0xff, 0xff, 0xff, 0xff, 0xff, 0x80, 0x01, 0xff, 0xff, 0xff,
     0xff, 0xff, 0xff, 0xff, 0xff, 0xff, 0xff, 0xff, 0xff, 0xff, 0xff, 0x80,
     0x01, 0xff, 0xff, 0xff, 0xff, 0xff, 0xff, 0xff, 0xff, 0xff, 0xff, 0xff,
     0xff, 0xff, 0xff, 0x80, 0x01, 0xff, 0xff, 0xff, 0xff, 0xff, 0xff, 0xff,
     0xff, 0xff, 0xff, 0xff, 0xff, 0xff, 0xff, 0x80, 0x01, 0xff, 0xff, 0xff,
     0xff, 0xff, 0xff, 0xf8, 0x03, 0xff, 0xff, 0xff, 0xff, 0xff, 0xff, 0x80,
     0x01, 0xff, 0xff, 0xff, 0xff, 0xff, 0xff, 0x83, 0xc0, 0x3f, 0xff, 0xff,
     0xff, 0xff, 0xff, 0x80, 0x01, 0xff, 0xff, 0xff, 0xff, 0xff, 0xfe, 0x61,
     0x8e, 0x03, 0xff, 0xff, 0xff, 0xff, 0xff, 0x80, 0x01, 0xff, 0xff, 0xff,
     0xff, 0xff, 0xe0, 0x71, 0x9d, 0xf9, 0xff, 0xff, 0xff, 0xff, 0xff, 0x80,
     0x01, 0xff, 0xff, 0xff, 0xff, 0xff, 0xcf, 0xbf, 0xff, 0xfc, 0xff, 0xff,
     0xff, 0xff, 0xff, 0x80, 0x01, 0xff, 0xff, 0xff, 0xff, 0xff, 0xbf, 0xff,
     0xcf, 0xfe, 0xff, 0xff, 0xff, 0xff, 0xff, 0x80, 0x01, 0xff, 0xff, 0xff,
     0xff, 0xff, 0x7f, 0xf3, 0xcf, 0xff, 0x7f, 0xff, 0xff, 0xff, 0xff, 0x80,
     0x01, 0xff, 0xff, 0xff, 0xff, 0xff, 0x7f, 0xf9, 0xdf, 0xff, 0x3f, 0xff,
     0xff, 0xff, 0xff, 0x80, 0x01, 0xff, 0xff, 0xff, 0xff, 0xfe, 0x7f, 0xff,
     0xff, 0xff, 0x9f, 0xff, 0xff, 0xff, 0xff, 0x80, 0x01, 0xff, 0xff, 0xff,
     0xff, 0xfe, 0xff, 0xff, 0x7f, 0xff, 0xdf, 0xff, 0xff, 0xff, 0xff, 0x80,
     0x01, 0xff, 0xff, 0xff, 0xff, 0xfc, 0xff, 0xff, 0xff, 0xff, 0xef, 0xff,
     0xff, 0xff, 0xff, 0x80, 0x01, 0xff, 0xff, 0xff, 0xff, 0xfd, 0xff, 0xff,
     0xff, 0xc7, 0xef, 0xff, 0xff, 0xff, 0xff, 0x80, 0x01, 0xff, 0xff, 0xff,
     0xff, 0xf9, 0xff, 0xff, 0xff, 0x06, 0xf7, 0xff, 0xff, 0xff, 0xff, 0x80,
     0x01, 0xff, 0xff, 0xff, 0xff, 0xfb, 0xfc, 0x7f, 0xff, 0x01, 0xe7, 0xff,
     0xff, 0xff, 0xff, 0x80, 0x01, 0xff, 0xff, 0xff, 0xff, 0xfb, 0x80, 0x3f,
     0xfe, 0x7c, 0xc7, 0xff, 0xff, 0xff, 0xff, 0x80, 0x01, 0xff, 0xff, 0xff,
     0xff, 0xf3, 0x8f, 0x3f, 0xff, 0xff, 0xe3, 0xff, 0xff, 0xff, 0xff, 0x80,
     0x01, 0xff, 0xff, 0xff, 0xff, 0xf1, 0xdf, 0xff, 0xff, 0xff, 0xf3, 0xff,
     0xff, 0xff, 0xff, 0x80, 0x01, 0xff, 0xff, 0xff, 0xff, 0xf1, 0xff, 0xff,
     0xff, 0xfe, 0x13, 0xff, 0xff, 0xff, 0xff, 0x80, 0x01, 0xff, 0xff, 0xff,
     0xff, 0xf7, 0xff, 0xf9, 0xef, 0xfe, 0x17, 0xff, 0xff, 0xff, 0xff, 0x80,
     0x01, 0xff, 0xff, 0xff, 0xff, 0xf6, 0x1f, 0xff, 0xff, 0xff, 0xf7, 0xff,
     0xff, 0xff, 0xff, 0x80, 0x01, 0xff, 0xff, 0xff, 0xff, 0xf2, 0x1f, 0xf6,
     0x03, 0xff, 0xf7, 0xff, 0xff, 0xff, 0xff, 0x80, 0x01, 0xff, 0xff, 0xff,
     0xff, 0xfb, 0xff, 0xf8, 0x07, 0xff, 0xef, 0xff, 0xff, 0xff, 0xff, 0x80,
     0x01, 0xff, 0xff, 0xff, 0xff, 0xfb, 0xff, 0xf8, 0x07, 0xff, 0xcf, 0xff,
     0xff, 0xff, 0xff, 0x80, 0x01, 0xff, 0xff, 0xff, 0xff, 0xfd, 0xff, 0xf9,
     0xe7, 0xff, 0x9f, 0xff, 0xff, 0xff, 0xff, 0x80, 0x01, 0xff, 0xff, 0xff,
     0xff, 0xfe, 0xff, 0xfd, 0xef, 0xff, 0x3f, 0xff, 0xff, 0xff, 0xff, 0x80,
     0x01, 0xff, 0xff, 0xff, 0xff, 0xff, 0x7f, 0xfe, 0xdf, 0xfc, 0x7f, 0xff,
     0xff, 0xff, 0xff, 0x80, 0x01, 0xff, 0xff, 0xff, 0xff, 0xff, 0x9f, 0xff,
     0xff, 0xf1, 0xff, 0xff, 0xff, 0xff, 0xff, 0x80, 0x01, 0xff, 0xff, 0xff,
     0xff, 0xff, 0xc7, 0xff, 0xff, 0xc7, 0xff, 0xff, 0xff, 0xff, 0xff, 0x80,
     0x01, 0xff, 0xff, 0xff, 0xff, 0xff, 0xf8, 0x7f, 0xfc, 0x3f, 0xff, 0xff,
     0xff, 0xff, 0xff, 0x80, 0x01, 0xff, 0xff, 0xff, 0xff, 0xff, 0xff, 0x81,
     0xf2, 0xff, 0xff, 0xff, 0xff, 0xff, 0xff, 0x80, 0x01, 0xff, 0xff, 0xff,
     0xff, 0xff, 0xff, 0xf7, 0xfd, 0xff, 0xff, 0xff, 0xff, 0xff, 0xff, 0x80,
     0x01, 0xff, 0xff, 0xff, 0xff, 0xff, 0xfb, 0xe7, 0xfc, 0x75, 0xf3, 0xff,
     0xff, 0xff, 0xff, 0x80, 0x01, 0xff, 0xff, 0xff, 0xff, 0xff, 0xf5, 0x9f,
     0xff, 0x0b, 0xeb, 0xff, 0xff, 0xff, 0xff, 0x80, 0x01, 0xff, 0xff, 0xff,
     0xff, 0xff, 0xff, 0x7f, 0xff, 0xfe, 0xdf, 0xff, 0xff, 0xff, 0xff, 0x80,
     0x01, 0xff, 0xff, 0xff, 0xff, 0xff, 0xf7, 0xef, 0xfe, 0xfc, 0xb7, 0xff,
     0xff, 0xff, 0xff, 0x80, 0x01, 0xff, 0xff, 0xff, 0xff, 0xff, 0xf3, 0xcb,
     0xfe, 0x81, 0x7f, 0xff, 0xff, 0xff, 0xff, 0x80, 0x01, 0xff, 0xff, 0xff,
     0xff, 0xff, 0xfc, 0x67, 0xfc, 0xff, 0xef, 0xff, 0xff, 0xff, 0xff, 0x80,
     0x01, 0xff, 0xff, 0xff, 0xff, 0xff, 0xff, 0xff, 0xfa, 0xfe, 0x6f, 0xff,
     0xff, 0xff, 0xff, 0x80, 0x01, 0xff, 0xff, 0xff, 0xff, 0xff, 0xff, 0xcf,
     0xfa, 0xfd, 0xef, 0xff, 0xff, 0xff, 0xff, 0x80, 0x01, 0xff, 0xff, 0xff,
     0xff, 0xff, 0xff, 0xef, 0xf8, 0x63, 0xdf, 0xff, 0xff, 0xff, 0xff, 0x80,
     0x01, 0xff, 0xff, 0xff, 0xff, 0xff, 0xff, 0xcb, 0xfe, 0xb3, 0xdf, 0xff,
     0xff, 0xff, 0xff, 0x80, 0x01, 0xff, 0xff, 0xff, 0xff, 0xff, 0xff, 0x8b,
     0xfc, 0xbb, 0xbf, 0xff, 0xff, 0xff, 0xff, 0x80, 0x01, 0xff, 0xff, 0xff,
     0xff, 0xff, 0xff, 0x97, 0xfe, 0xef, 0xbf, 0xff, 0xff, 0xff, 0xff, 0x80,
     0x01, 0xff, 0xff, 0xff, 0xff, 0xff, 0xff, 0xb9, 0xe5, 0x7f, 0x7f, 0xff,
     0xff, 0xff, 0xff, 0x80, 0x01, 0xff, 0xff, 0xff, 0xff, 0xff, 0xff, 0xbb,
     0x17, 0x75, 0xff, 0xff, 0xff, 0xff, 0xff, 0x80, 0x01, 0xff, 0xff, 0xff,
     0xff, 0xff, 0xff, 0xbf, 0xc6, 0xa3, 0xff, 0xff, 0xff, 0xff, 0xff, 0x80,
     0x01, 0xff, 0xff, 0xff, 0xff, 0xff, 0xff, 0x7f, 0xfe, 0x7f, 0xff, 0xff,
     0xff, 0xff, 0xff, 0x80, 0x01, 0xff, 0xff, 0xff, 0xff, 0xff, 0xff, 0x07,
     0xef, 0x7f, 0xff, 0xff, 0xff, 0xff, 0xff, 0x80, 0x01, 0xff, 0xff, 0xff,
     0xff, 0xff, 0xff, 0xff, 0xf0, 0x7f, 0xff, 0xff, 0xff, 0xff, 0xff, 0x80,
     0x01, 0xff, 0xff, 0xff, 0xff, 0xff, 0xff, 0xff, 0xff, 0xff, 0xff, 0xff,
     0xff, 0xff, 0xff, 0x80, 0x01, 0xff, 0xff, 0xff, 0xff, 0xff, 0xff, 0xff,
     0xff, 0xff, 0xff, 0xff, 0xff, 0xff, 0xff, 0x80, 0x01, 0xff, 0xff, 0xff,
     0xff, 0xff, 0xff, 0xff, 0xff, 0xff, 0xff, 0xff, 0xff, 0xff, 0xff, 0x80,
     0x00, 0x00, 0x00, 0x00, 0x00, 0x00, 0x00, 0x00, 0x00, 0x00, 0x00, 0x00,
     0x00, 0x00, 0x00, 0x00, 0x00, 0x00, 0x00, 0x00, 0x00, 0x00, 0x00, 0x00,
     0x00, 0x00, 0x00, 0x00, 0x00, 0x00, 0x00, 0x00, 0x00, 0x00, 0x00, 0x00,
     0x00, 0x00, 0x00, 0x00, 0x00, 0x00, 0x00, 0x00, 0x00, 0x00, 0x00, 0x00,
     0x00, 0x00, 0x00, 0x00, 0x00, 0x00, 0x00, 0x00, 0x00, 0x00, 0x00, 0x00,
     0x00, 0x00, 0x00, 0x00},
    {0x00, 0x00, 0x00, 0x00, 0x00, 0x00, 0x00, 0x00, 0x00, 0x00, 0x00, 0x00,
     0x00, 0x00, 0x00, 0x00, 0x00, 0x00, 0x00, 0x00, 0x00, 0x00, 0x00, 0x00,
     0x00, 0x00, 0x00, 0x00, 0x00, 0x00, 0x00, 0x00, 0x00, 0x00, 0x00, 0x00,
     0x00, 0x00, 0x00, 0x00, 0x00, 0x00, 0x00, 0x00, 0x00, 0x00, 0x00, 0x00,
     0x00, 0x00, 0x00, 0x00, 0x00, 0x00, 0x00, 0x00, 0x00, 0x00, 0x00, 0x00,
     0x00, 0x00, 0x00, 0x00, 0x01, 0xff, 0xff, 0xff, 0xff, 0xff, 0xff, 0xff,
     0xff, 0xff, 0xff, 0xff, 0xff, 0xff, 0xff, 0x80, 0x01, 0xff, 0xff, 0xff,
     0xff, 0xff, 0xff, 0xff, 0xff, 0xff, 0xff, 0xff, 0xff, 0xff, 0xff, 0x80,
     0x01, 0xff, 0xff, 0xff, 0xff, 0xff, 0xff, 0xff, 0xff, 0xff, 0xff, 0xff,
     0xff, 0xff, 0xff, 0x80, 0x01, 0xff, 0xff, 0xff, 0xff, 0xff, 0xff, 0xff,
     0xff, 0xff, 0xff, 0xff, 0xff, 0xff, 0xff, 0x80, 0x01, 0xff, 0xff, 0xff,
     0xff, 0xff, 0xff, 0xf8, 0x03, 0xff, 0xff, 0xff, 0xff, 0xff, 0xff, 0x80,
     0x01, 0xff, 0xff, 0xff, 0xff, 0xff, 0xff, 0x81, 0xc0, 0x7f, 0xff, 0xff,
     0xff, 0xff, 0xff, 0x80, 0x01, 0xff, 0xff, 0xff, 0xff, 0xff, 0xfe, 0x71,
     0xc7, 0x03, 0xff, 0xff, 0xff, 0xff, 0xff, 0x80, 0x01, 0xff, 0xff, 0xff,
     0xff, 0xff, 0xe0, 0x39, 0xcc, 0xf9, 0xff, 0xff, 0xff, 0xff, 0xff, 0x80,
     0x01, 0xff, 0xff, 0xff, 0xff, 0xff, 0xcf, 0xdf, 0xff, 0xfe, 0xff, 0xff,
     0xff, 0xff, 0xff, 0x80, 0x01, 0xff, 0xff, 0xff, 0xff, 0xff, 0xbf, 0xfb,
     0xef, 0xfe, 0x7f, 0xff, 0xff, 0xff, 0xff, 0x80, 0x01, 0xff, 0xff, 0xff,
     0xff, 0xff, 0x3f, 0xf9, 0xcf, 0xff, 0x7f, 0xff, 0xff, 0xff, 0xff, 0x80,
     0x01, 0xff, 0xff, 0xff, 0xff, 0xff, 0x7f, 0xfd, 0xdf, 0xff, 0x3f, 0xff,
     0xff, 0xff, 0xff, 0x80, 0x01, 0xff, 0xff, 0xff, 0xff, 0xff, 0x7f, 0xff,
     0xff, 0xff, 0x9f, 0xff, 0xff, 0xff, 0xff, 0x80, 0x01, 0xff, 0xff, 0xff,
     0xff, 0xfe, 0xff, 0xff, 0x7f, 0xff, 0xdf, 0xff, 0xff, 0xff, 0xff, 0x80,
     0x01, 0xff, 0xff, 0xff, 0xff, 0xfc, 0xff, 0xff, 0xff, 0xff, 0xef, 0xff,
     0xff, 0xff, 0xff, 0x80, 0x01, 0xff, 0xff, 0xff, 0xff, 0xfd, 0xff, 0xff,
     0xff, 0xff, 0xef, 0xff, 0xff, 0xff, 0xff, 0x80, 0x01, 0xff, 0xff, 0xff,
     0xff, 0xf9, 0xf1, 0xff, 0xff, 0x9e, 0xf7, 0xff, 0xff, 0xff, 0xff, 0x80,
     0x01, 0xff, 0xff, 0xff, 0xff, 0xfb, 0xf8, 0x7f, 0xff, 0x01, 0xf7, 0xff,
     0xff, 0xff, 0xff, 0x80, 0x01, 0xff, 0xff, 0xff, 0xff, 0xfb, 0xc0, 0x3f,
     0xfe, 0x38, 0xe7, 0xff, 0xff, 0xff, 0xff, 0x80, 0x01, 0xff, 0xff, 0xff,
     0xff, 0xf1, 0x8f, 0xbf, 0xff, 0xff, 0xe3, 0xff, 0xff, 0xff, 0xff, 0x80,
     0x01, 0xff, 0xff, 0xff, 0xff, 0xf1, 0xff, 0xff, 0xff, 0xff, 0xfb, 0xff,
     0xff, 0xff, 0xff, 0x80, 0x01, 0xff, 0xff, 0xff, 0xff, 0xf3, 0xff, 0xff,
     0xff, 0xff, 0x3b, 0xff, 0xff, 0xff, 0xff, 0x80, 0x01, 0xff, 0xff, 0xff,
     0xff, 0xf7, 0xbf, 0xf9, 0xef, 0xfe, 0x13, 0xff, 0xff, 0xff, 0xff, 0x80,
     0x01, 0xff, 0xff, 0xff, 0xff, 0xf2, 0x1f, 0xff, 0xff, 0xfe, 0x37, 0xff,
     0xff, 0xff, 0xff, 0x80, 0x01, 0xff, 0xff, 0xff, 0xff, 0xfa, 0x1f, 0xf4,
     0x03, 0xff, 0xf7, 0xff, 0xff, 0xff, 0xff, 0x80, 0x01, 0xff, 0xff, 0xff,
     0xff, 0xfb, 0xff, 0xf8, 0x07, 0xff, 0xe7, 0xff, 0xff, 0xff, 0xff, 0x80,
     0x01, 0xff, 0xff, 0xff, 0xff, 0xf9, 0xff, 0xf8, 0x07, 0xff, 0xef, 0xff,
     0xff, 0xff, 0xff, 0x80, 0x01, 0xff, 0xff, 0xff, 0xff, 0xfd, 0xff, 0xf9,
     0xe7, 0xff, 0xdf, 0xff, 0xff, 0xff, 0xff, 0x80, 0x01, 0xff, 0xff, 0xff,
     0xff, 0xfe, 0xff, 0xfd, 0xef, 0xff, 0x3f, 0xff, 0xff, 0xff, 0xff, 0x80,
     0x01, 0xff, 0xff, 0xff, 0xff, 0xff, 0x3f, 0xfe, 0x9f, 0xfe, 0x7f, 0xff,
     0xff, 0xff, 0xff, 0x80, 0x01, 0xff, 0xff, 0xff, 0xff, 0xff, 0x9f, 0xff,
     0xff, 0xf9, 0xff, 0xff, 0xff, 0xff, 0xff, 0x80, 0x01, 0xff, 0xff, 0xff,
     0xff, 0xff, 0xe3, 0xff, 0xff, 0xc7, 0xff, 0xff, 0xff, 0xff, 0xff, 0x80,
     0x01, 0xff, 0xff, 0xff, 0xff, 0xff, 0xf8, 0x3f, 0xfc, 0x1f, 0xff, 0xff,
     0xff, 0xff, 0xff, 0x80, 0x01, 0xff, 0xff, 0xff, 0xff, 0xff, 0xff, 0x81,
     0xf0, 0xff, 0xff, 0xff, 0xff, 0xff, 0xff, 0x80, 0x01, 0xff, 0xff, 0xff,
     0xff, 0xff, 0xff, 0xf7, 0xfd, 0xff, 0xff, 0xff, 0xff, 0xff, 0xff, 0x80,
     0x01, 0xff, 0xff, 0xff, 0xff, 0xff, 0xff, 0xc7, 0xf0, 0xff, 0xff, 0xff,
     0xff, 0xff, 0xff, 0x80, 0x01, 0xff, 0xff, 0xff, 0xff, 0xff, 0xf0, 0x9f,
     0xf7, 0x37, 0xff, 0xff, 0xff, 0xff, 0xff, 0x80, 0x01, 0xff, 0xff, 0xff,
     0xff, 0xff, 0xe6, 0x7f, 0xff, 0xc9, 0xff, 0xff, 0xff, 0xff, 0xff, 0x80,
     0x01, 0xff, 0xff, 0xff, 0xff, 0xff, 0xe7, 0xeb, 0xfc, 0xfd, 0xff, 0xff,
     0xff, 0xff, 0xff, 0x80, 0x01, 0xff, 0xff, 0xff, 0xff, 0xff, 0xff, 0x8b,
     0xfe, 0x3c, 0xff, 0xff, 0xff, 0xff, 0xff, 0x80, 0x01, 0xff, 0xff, 0xff,
     0xff, 0xff, 0xfc, 0x6f, 0xfc, 0xc5, 0xff, 0xff, 0xff, 0xff, 0xff, 0x80,
     0x01, 0xff, 0xff, 0xff, 0xff, 0xff, 0xff, 0xdf, 0xfe, 0xff, 0xff, 0xff,
     0xff, 0xff, 0xff, 0x80, 0x01, 0xff, 0xff, 0xff, 0xff, 0xff, 0xff, 0xcf,
     0xfe, 0xff, 0xc0, 0x7f, 0xff, 0xff, 0xff, 0x80, 0x01, 0xff, 0xff, 0xff,
     0xff, 0xff, 0xff, 0xcf, 0xfc, 0x7c, 0x3f, 0xff, 0xff, 0xff, 0xff, 0x80,
     0x01, 0xff, 0xff, 0xff, 0xff, 0xff, 0xff, 0x8f, 0xfe, 0xa3, 0xb8, 0xff,
     0xff, 0xff, 0xff, 0x80, 0x01, 0xff, 0xff, 0xff, 0xff, 0xff, 0xff, 0x6b,
     0xf4, 0xba, 0xe3, 0xff, 0xff, 0xff, 0xff, 0x80, 0x01, 0xff, 0xff, 0xff,
     0xff, 0xff, 0xff, 0x37, 0xfe, 0xef, 0xef, 0xff, 0xff, 0xff, 0xff, 0x80,
     0x01, 0xff, 0xff, 0xff, 0xff, 0xff, 0xfc, 0x71, 0xe5, 0x7f, 0x9f, 0xff,
     0xff, 0xff, 0xff, 0x80, 0x01, 0xff, 0xff, 0xff, 0xff, 0xff, 0xfd, 0xee,
     0x1f, 0x7c, 0x7f, 0xff, 0xff, 0xff, 0xff, 0x80, 0x01, 0xff, 0xff, 0xff,
     0xff, 0xff, 0xfe, 0xdf, 0x96, 0xb1, 0xff, 0xff, 0xff, 0xff, 0xff, 0x80,
     0x01, 0xff, 0xff, 0xff, 0xff, 0xff, 0xff, 0x9f, 0xfe, 0x1f, 0xff, 0xff,
     0xff, 0xff, 0xff, 0x80, 0x01, 0xff, 0xff, 0xff, 0xff, 0xff, 0xff, 0xff,
     0xef, 0x7f, 0xff, 0xff, 0xff, 0xff, 0xff, 0x80, 0x01, 0xff, 0xff, 0xff,
     0xff, 0xff, 0xff, 0xff, 0xf0, 0x7f, 0xff, 0xff, 0xff, 0xff, 0xff, 0x80,
     0x01, 0xff, 0xff, 0xff, 0xff, 0xff, 0xff, 0xff, 0xff, 0xff, 0xff, 0xff,
     0xff, 0xff, 0xff, 0x80, 0x01, 0xff, 0xff, 0xff, 0xff, 0xff, 0xff, 0xff,
     0xff, 0xff, 0xff, 0xff, 0xff, 0xff, 0xff, 0x80, 0x01, 0xff, 0xff, 0xff,
     0xff, 0xff, 0xff, 0xff, 0xff, 0xff, 0xff, 0xff, 0xff, 0xff, 0xff, 0x80,
     0x00, 0x00, 0x00, 0x00, 0x00, 0x00, 0x00, 0x00, 0x00, 0x00, 0x00, 0x00,
     0x00, 0x00, 0x00, 0x00, 0x00, 0x00, 0x00, 0x00, 0x00, 0x00, 0x00, 0x00,
     0x00, 0x00, 0x00, 0x00, 0x00, 0x00, 0x00, 0x00, 0x00, 0x00, 0x00, 0x00,
     0x00, 0x00, 0x00, 0x00, 0x00, 0x00, 0x00, 0x00, 0x00, 0x00, 0x00, 0x00,
     0x00, 0x00, 0x00, 0x00, 0x00, 0x00, 0x00, 0x00, 0x00, 0x00, 0x00, 0x00,
     0x00, 0x00, 0x00, 0x00},
    {0x00, 0x00, 0x00, 0x00, 0x00, 0x00, 0x00, 0x00, 0x00, 0x00, 0x00, 0x00,
     0x00, 0x00, 0x00, 0x00, 0x00, 0x00, 0x00, 0x00, 0x00, 0x00, 0x00, 0x00,
     0x00, 0x00, 0x00, 0x00, 0x00, 0x00, 0x00, 0x00, 0x00, 0x00, 0x00, 0x00,
     0x00, 0x00, 0x00, 0x00, 0x00, 0x00, 0x00, 0x00, 0x00, 0x00, 0x00, 0x00,
     0x00, 0x00, 0x00, 0x00, 0x00, 0x00, 0x00, 0x00, 0x00, 0x00, 0x00, 0x00,
     0x00, 0x00, 0x00, 0x00, 0x01, 0xff, 0xff, 0xff, 0xff, 0xff, 0xff, 0xff,
     0xff, 0xff, 0xff, 0xff, 0xff, 0xff, 0xff, 0x80, 0x01, 0xff, 0xff, 0xff,
     0xff, 0xff, 0xff, 0xff, 0xff, 0xff, 0xff, 0xff, 0xff, 0xff, 0xff, 0x80,
     0x01, 0xff, 0xff, 0xff, 0xff, 0xff, 0xff, 0xff, 0xff, 0xff, 0xff, 0xff,
     0xff, 0xff, 0xff, 0x80, 0x01, 0xff, 0xff, 0xff, 0xff, 0xff, 0xff, 0xff,
     0xff, 0xff, 0xff, 0xff, 0xff, 0xff, 0xff, 0x80, 0x01, 0xff, 0xff, 0xff,
     0xff, 0xff, 0xff, 0xc0, 0x00, 0xff, 0xff, 0xff, 0xff, 0xff, 0xff, 0x80,
     0x01, 0xff, 0xff, 0xff, 0xff, 0xff, 0xfc, 0x10, 0xe0, 0x3f, 0xff, 0xff,
     0xff, 0xff, 0xff, 0x80, 0x01, 0xff, 0xff, 0xff, 0xff, 0xff, 0xe0, 0x38,
     0xc7, 0x83, 0xff, 0xff, 0xff, 0xff, 0xff, 0x80, 0x01, 0xff, 0xff, 0xff,
     0xff, 0xff, 0xcf, 0xdf, 0xfe, 0x7c, 0xff, 0xff, 0xff, 0xff, 0xff, 0x80,
     0x01, 0xff, 0xff, 0xff, 0xff, 0xff, 0x9f, 0xff, 0xff, 0xfe, 0x7f, 0xff,
     0xff, 0xff, 0xff, 0x80, 0x01, 0xff, 0xff, 0xff, 0xff, 0xff, 0xbf, 0xfd,
     0xe7, 0xff, 0x7f, 0xff, 0xff, 0xff, 0xff, 0x80, 0x01, 0xff, 0xff, 0xff,
     0xff, 0xff, 0x3f, 0xfc, 0xef, 0xff, 0x3f, 0xff, 0xff, 0xff, 0xff, 0x80,
     0x01, 0xff, 0xff, 0xff, 0xff, 0xff, 0x7f, 0xff, 0xff, 0xff, 0xbf, 0xff,
     0xff, 0xff, 0xff, 0x80, 0x01, 0xff, 0xff, 0xff, 0xff, 0xfe, 0xff, 0xff,
     0xff, 0xff, 0x9f, 0xff, 0xff, 0xff, 0xff, 0x80, 0x01, 0xff, 0xff, 0xff,
     0xff, 0xfc, 0xff, 0xff, 0x3f, 0xff, 0xdf, 0xff, 0xff, 0xff, 0xff, 0x80,
     0x01, 0xff, 0xff, 0xff, 0xff, 0xfd, 0xff, 0xff, 0xff, 0xff, 0xef, 0xff,
     0xff, 0xff, 0xff, 0x80, 0x01, 0xff, 0xff, 0xff, 0xff, 0xf9, 0xf0, 0xff,
     0xff, 0xff, 0xef, 0xff, 0xff, 0xff, 0xff, 0x80, 0x01, 0xff, 0xff, 0xff,
     0xff, 0xfb, 0xd0, 0x7f, 0xff, 0x8f, 0xf7, 0xff, 0xff, 0xff, 0xff, 0x80,
     0x01, 0xff, 0xff, 0xff, 0xff, 0xfb, 0x80, 0x3f, 0xff, 0x00, 0xf7, 0xff,
     0xff, 0xff, 0xff, 0x80, 0x01, 0xff, 0xff, 0xff, 0xff, 0xf1, 0xdf, 0xbf,
     0xfe, 0x38, 0x67, 0xff, 0xff, 0xff, 0xff, 0x80, 0x01, 0xff, 0xff, 0xff,
     0xff, 0xf1, 0xff, 0xff, 0xff, 0xfe, 0xe3, 0xff, 0xff, 0xff, 0xff, 0x80,
     0x01, 0xff, 0xff, 0xff, 0xff, 0xf7, 0xff, 0xff, 0xff, 0xff, 0xe3, 0xff,
     0xff, 0xff, 0xff, 0x80, 0x01, 0xff, 0xff, 0xff, 0xff, 0xf6, 0x1f, 0xfb,
     0xe7, 0xff, 0xfb, 0xff, 0xff, 0xff, 0xff, 0x80, 0x01, 0xff, 0xff, 0xff,
     0xff, 0xf2, 0x1f, 0xfd, 0xef, 0xfe, 0x13, 0xff, 0xff, 0xff, 0xff, 0x80,
     0x01, 0xff, 0xff, 0xff, 0xff, 0xfb, 0x3f, 0xf7, 0x3f, 0xfe, 0x17, 0xff,
     0xff, 0xff, 0xff, 0x80, 0x01, 0xff, 0xff, 0xff, 0xff, 0xfb, 0xff, 0xf0,
     0x03, 0xff, 0xf7, 0xff, 0xff, 0xff, 0xff, 0x80, 0x01, 0xff, 0xff, 0xff,
     0xff, 0xfd, 0xff, 0xf0, 0x07, 0xff, 0xe7, 0xff, 0xff, 0xff, 0xff, 0x80,
     0x01, 0xff, 0xff, 0xff, 0xff, 0xfc, 0xff, 0xf9, 0xc7, 0xff, 0xef, 0xff,
     0xff, 0xff, 0xff, 0x80, 0x01, 0xff, 0xff, 0xff, 0xff, 0xfe, 0x7f, 0xfb,
     0xef, 0xff, 0xdf, 0xff, 0xff, 0xff, 0xff, 0x80, 0x01, 0xff, 0xff, 0xff,
     0xff, 0xff, 0x3f, 0xfd, 0xdf, 0xff, 0xbf, 0xff, 0xff, 0xff, 0xff, 0x80,
     0x01, 0xff, 0xff, 0xff, 0xff, 0xff, 0x8f, 0xfe, 0x3f, 0xfe, 0x7f, 0xff,
     0xff, 0xff, 0xff, 0x80, 0x01, 0xff, 0xff, 0xff, 0xff, 0xff, 0xe3, 0xff,
     0xff, 0xf8, 0xff, 0xff, 0xff, 0xff, 0xff, 0x80, 0x01, 0xff, 0xff, 0xff,
     0xff, 0xff, 0xf8, 0x7f, 0xff, 0xc7, 0xff, 0xff, 0xff, 0xff, 0xff, 0x80,
     0x01, 0xff, 0xff, 0xff, 0xff, 0xff, 0xff, 0x83, 0xf0, 0x3f, 0xff, 0xff,
     0xff, 0xff, 0xff, 0x80, 0x01, 0xff, 0xff, 0xff, 0xff, 0xff, 0xff, 0xef,
     0xff, 0xff, 0xff, 0xff, 0xff, 0xff, 0xff, 0x80, 0x01, 0xff, 0xff, 0xff,
     0xff, 0xff, 0xe9, 0xc7, 0xf9, 0xff, 0xff, 0xff, 0xff, 0xff, 0xff, 0x80,
     0x01, 0xff, 0xff, 0xff, 0xff, 0xff, 0xdd, 0x3b, 0xfe, 0xcb, 0xff, 0xff,
     0xff, 0xff, 0xff, 0x80, 0x01, 0xff, 0xff, 0xff, 0xff, 0xff, 0xee, 0xff,
     0xfe, 0x3b, 0x7d, 0xff, 0xff, 0xff, 0xff, 0x80, 0x01, 0xff, 0xff, 0xff,
     0xff, 0xff, 0xdf, 0xef, 0xff, 0xf8, 0xfe, 0xff, 0xff, 0xff, 0xff, 0x80,
     0x01, 0xff, 0xff, 0xff, 0xff, 0xff, 0xf2, 0x1f, 0xf5, 0xf9, 0xcf, 0xff,
     0xff, 0xff, 0xff, 0x80, 0x01, 0xff, 0xff, 0xff, 0xff, 0xff, 0xff, 0xdf,
     0xf4, 0x00, 0xdf, 0xff, 0xff, 0xff, 0xff, 0x80, 0x01, 0xff, 0xff, 0xff,
     0xff, 0xff, 0xff, 0xc7, 0xf9, 0xf7, 0xbf, 0xff, 0xff, 0xff, 0xff, 0x80,
     0x01, 0xff, 0xff, 0xff, 0xff, 0xff, 0xff, 0xd7, 0xff, 0xef, 0xbf, 0xff,
     0xff, 0xff, 0xff, 0x80, 0x01, 0xff, 0xff, 0xff, 0xff, 0xff, 0xff, 0xc7,
     0xf8, 0x07, 0xff, 0xff, 0xff, 0xff, 0xff, 0x80, 0x01, 0xff, 0xff, 0xff,
     0xff, 0xff, 0xff, 0xdf, 0xfd, 0x37, 0x7f, 0xff, 0xff, 0xff, 0xff, 0x80,
     0x01, 0xff, 0xff, 0xff, 0xff, 0xff, 0xff, 0xdf, 0xf5, 0xbc, 0xff, 0xff,
     0xff, 0xff, 0xff, 0x80, 0x01, 0xff, 0xff, 0xff, 0xff, 0xff, 0xff, 0xbb,
     0xfe, 0xfc, 0xff, 0xff, 0xff, 0xff, 0xff, 0x80, 0x01, 0xff, 0xff, 0xff,
     0xff, 0xff, 0xff, 0xf7, 0xe4, 0xd5, 0xff, 0xff, 0xff, 0xff, 0xff, 0x80,
     0x01, 0xff, 0xff, 0xff, 0xff, 0xff, 0xff, 0xb8, 0x0e, 0xf3, 0xff, 0xff,
     0xff, 0xff, 0xff, 0x80, 0x01, 0xff, 0xff, 0xff, 0xff, 0xff, 0xff, 0xb7,
     0x2c, 0x8f, 0xff, 0xff, 0xff, 0xff, 0xff, 0x80, 0x01, 0xff, 0xff, 0xff,
     0xff, 0xff, 0xff, 0xbb, 0xee, 0x7f, 0xff, 0xff, 0xff, 0xff, 0xff, 0x80,
     0x01, 0xff, 0xff, 0xff, 0xff, 0xff, 0xff, 0xbb, 0xfc, 0xff, 0xff, 0xff,
     0xff, 0xff, 0xff, 0x80, 0x01, 0xff, 0xff, 0xff, 0xff, 0xff, 0xff, 0x07,
     0xef, 0x7f, 0xff, 0xff, 0xff, 0xff, 0xff, 0x80, 0x01, 0xff, 0xff, 0xff,
     0xff, 0xff, 0xff, 0xff, 0xf0, 0x7f, 0xff, 0xff, 0xff, 0xff, 0xff, 0x80,
     0x01, 0xff, 0xff, 0xff, 0xff, 0xff, 0xff, 0xff, 0xff, 0xff, 0xff, 0xff,
     0xff, 0xff, 0xff, 0x80, 0x01, 0xff, 0xff, 0xff, 0xff, 0xff, 0xff, 0xff,
     0xff, 0xff, 0xff, 0xff, 0xff, 0xff, 0xff, 0x80, 0x01, 0xff, 0xff, 0xff,
     0xff, 0xff, 0xff, 0xff, 0xff, 0xff, 0xff, 0xff, 0xff, 0xff, 0xff, 0x80,
     0x00, 0x00, 0x00, 0x00, 0x00, 0x00, 0x00, 0x00, 0x00, 0x00, 0x00, 0x00,
     0x00, 0x00, 0x00, 0x00, 0x00, 0x00, 0x00, 0x00, 0x00, 0x00, 0x00, 0x00,
     0x00, 0x00, 0x00, 0x00, 0x00, 0x00, 0x00, 0x00, 0x00, 0x00, 0x00, 0x00,
     0x00, 0x00, 0x00, 0x00, 0x00, 0x00, 0x00, 0x00, 0x00, 0x00, 0x00, 0x00,
     0x00, 0x00, 0x00, 0x00, 0x00, 0x00, 0x00, 0x00, 0x00, 0x00, 0x00, 0x00,
     0x00, 0x00, 0x00, 0x00},
    {0x00, 0x00, 0x00, 0x00, 0x00, 0x00, 0x00, 0x00, 0x00, 0x00, 0x00, 0x00,
     0x00, 0x00, 0x00, 0x00, 0x00, 0x00, 0x00, 0x00, 0x00, 0x00, 0x00, 0x00,
     0x00, 0x00, 0x00, 0x00, 0x00, 0x00, 0x00, 0x00, 0x00, 0x00, 0x00, 0x00,
     0x00, 0x00, 0x00, 0x00, 0x00, 0x00, 0x00, 0x00, 0x00, 0x00, 0x00, 0x00,
     0x00, 0x00, 0x00, 0x00, 0x00, 0x00, 0x00, 0x00, 0x00, 0x00, 0x00, 0x00,
     0x00, 0x00, 0x00, 0x00, 0x01, 0xff, 0xff, 0xff, 0xff, 0xff, 0xff, 0xff,
     0xff, 0xff, 0xff, 0xff, 0xff, 0xff, 0xff, 0x80, 0x01, 0xff, 0xff, 0xff,
     0xff, 0xff, 0xff, 0xff, 0xff, 0xff, 0xff, 0xff, 0xff, 0xff, 0xff, 0x80,
     0x01, 0xff, 0xff, 0xff, 0xff, 0xff, 0xff, 0xff, 0xff, 0xff, 0xff, 0xff,
     0xff, 0xff, 0xff, 0x80, 0x01, 0xff, 0xff, 0xff, 0xff, 0xff, 0xff, 0xff,
     0xff, 0xff, 0xff, 0xff, 0xff, 0xff, 0xff, 0x80, 0x01, 0xff, 0xff, 0xff,
     0xff, 0xff, 0xff, 0xfc, 0x3f, 0xff, 0xff, 0xff, 0xff, 0xff, 0xff, 0x80,
     0x01, 0xff, 0xff, 0xff, 0xff, 0xff, 0xff, 0x80, 0x00, 0xff, 0xff, 0xff,
     0xff, 0xff, 0xff, 0x80, 0x01, 0xff, 0xff, 0xff, 0xff, 0xff, 0xf8, 0x38,
     0xe1, 0x1f, 0xff, 0xff, 0xff, 0xff, 0xff, 0x80, 0x01, 0xff, 0xff, 0xff,
     0xff, 0xff, 0xe7, 0x9c, 0xe3, 0x83, 0xff, 0xff, 0xff, 0xff, 0xff, 0x80,
     0x01, 0xff, 0xff, 0xff, 0xff, 0xff, 0xdf, 0xff, 0xfe, 0x7c, 0xff, 0xff,
     0xff, 0xff, 0xff, 0x80, 0x01, 0xff, 0xff, 0xff, 0xff, 0xff, 0x9f, 0xfd,
     0xff, 0xfe, 0x7f, 0xff, 0xff, 0xff, 0xff, 0x80, 0x01, 0xff, 0xff, 0xff,
     0xff, 0xff, 0xbf, 0xfc, 0xe7, 0xff, 0x7f, 0xff, 0xff, 0xff, 0xff, 0x80,
     0x01, 0xff, 0xff, 0xff, 0xff, 0xff, 0x3f, 0xfc, 0xe7, 0xff, 0xbf, 0xff,
     0xff, 0xff, 0xff, 0x80, 0x01, 0xff, 0xff, 0xff, 0xff, 0xfe, 0x7f, 0xff,
     0xff, 0xff, 0xbf, 0xff, 0xff, 0xff, 0xff, 0x80, 0x01, 0xff, 0xff, 0xff,
     0xff, 0xfe, 0xff, 0xff, 0xbf, 0xff, 0x9f, 0xff, 0xff, 0xff, 0xff, 0x80,
     0x01, 0xff, 0xff, 0xff, 0xff, 0xfd, 0xff, 0xff, 0xbf, 0xff, 0xdf, 0xff,
     0xff, 0xff, 0xff, 0x80, 0x01, 0xff, 0xff, 0xff, 0xff, 0xfd, 0xff, 0xff,
     0xff, 0xff, 0xef, 0xff, 0xff, 0xff, 0xff, 0x80, 0x01, 0xff, 0xff, 0xff,
     0xff, 0xfb, 0xfe, 0x7f, 0xff, 0xff, 0xef, 0xff, 0xff, 0xff, 0xff, 0x80,
     0x01, 0xff, 0xff, 0xff, 0xff, 0xfb, 0xc0, 0x3f, 0xff, 0x83, 0xf7, 0xff,
     0xff, 0xff, 0xff, 0x80, 0x01, 0xff, 0xff, 0xff, 0xff, 0xf9, 0x87, 0x3f,
     0xff, 0x00, 0xf7, 0xff, 0xff, 0xff, 0xff, 0x80, 0x01, 0xff, 0xff, 0xff,
     0xff, 0xf1, 0xdf, 0xbf, 0xfe, 0x38, 0x77, 0xff, 0xff, 0xff, 0xff, 0x80,
     0x01, 0xff, 0xff, 0xff, 0xff, 0xf3, 0xff, 0xff, 0xff, 0xfe, 0xe3, 0xff,
     0xff, 0xff, 0xff, 0x80, 0x01, 0xff, 0xff, 0xff, 0xff, 0xf7, 0x3f, 0xff,
     0xff, 0xff, 0xe3, 0xff, 0xff, 0xff, 0xff, 0x80, 0x01, 0xff, 0xff, 0xff,
     0xff, 0xf6, 0x1f, 0xf9, 0xe7, 0xff, 0xfb, 0xff, 0xff, 0xff, 0xff, 0x80,
     0x01, 0xff, 0xff, 0xff, 0xff, 0xfa, 0x1f, 0xff, 0xef, 0xfe, 0x13, 0xff,
     0xff, 0xff, 0xff, 0x80, 0x01, 0xff, 0xff, 0xff, 0xff, 0xfb, 0xff, 0xf6,
     0x3b, 0xfe, 0x17, 0xff, 0xff, 0xff, 0xff, 0x80, 0x01, 0xff, 0xff, 0xff,
     0xff, 0xf9, 0xff, 0xf0, 0x07, 0xff, 0xf7, 0xff, 0xff, 0xff, 0xff, 0x80,
     0x01, 0xff, 0xff, 0xff, 0xff, 0xfd, 0xff, 0xf0, 0x07, 0xff, 0xe7, 0xff,
     0xff, 0xff, 0xff, 0x80, 0x01, 0xff, 0xff, 0xff, 0xff, 0xfe, 0xff, 0xf9,
     0xcf, 0xff, 0xef, 0xff, 0xff, 0xff, 0xff, 0x80, 0x01, 0xff, 0xff, 0xff,
     0xff, 0xfe, 0x7f, 0xfb, 0xef, 0xff, 0xdf, 0xff, 0xff, 0xff, 0xff, 0x80,
     0x01, 0xff, 0xff, 0xff, 0xff, 0xff, 0x9f, 0xfd, 0xdf, 0xff, 0xbf, 0xff,
     0xff, 0xff, 0xff, 0x80, 0x01, 0xff, 0xff, 0xff, 0xff, 0xff, 0xc7, 0xfe,
     0x3f, 0xfe, 0x7f, 0xff, 0xff, 0xff, 0xff, 0x80, 0x01, 0xff, 0xff, 0xff,
     0xff, 0xff, 0xf1, 0xff, 0xff, 0xf8, 0xff, 0xff, 0xff, 0xff, 0xff, 0x80,
     0x01, 0xff, 0xff, 0xff, 0xff, 0xff, 0xfe, 0x1f, 0xff, 0x87, 0xff, 0xff,
     0xff, 0xff, 0xff, 0x80, 0x01, 0xff, 0xff, 0xff, 0xff, 0xff, 0xff, 0xc3,
     0xe0, 0x3f, 0xff, 0xff, 0xff, 0xff, 0xff, 0x80, 0x01, 0xff, 0xff, 0xff,
     0xff, 0xff, 0xff, 0xef, 0xfb, 0xff, 0xff, 0xff, 0xff, 0xff, 0xff, 0x80,
     0x01, 0xff, 0xff, 0xff, 0xff, 0xff, 0xff, 0xcf, 0xf1, 0xff, 0xff, 0xff,
     0xff, 0xff, 0xff, 0x80, 0x01, 0xff, 0xff, 0xff, 0xff, 0xff, 0xf3, 0x3f,
     0xfe, 0xff, 0xff, 0xff, 0xff, 0xff, 0xff, 0x80, 0x01, 0xff, 0xff, 0xff,
     0xff, 0xff, 0xd4, 0xff, 0xff, 0x4f, 0xfe, 0xff, 0xff, 0xff, 0xff, 0x80,
     0x01, 0xff, 0xff, 0xff, 0xff, 0xff, 0xcf, 0xdf, 0xff, 0xab, 0xff, 0xff,
     0xff, 0xff, 0xff, 0x80, 0x01, 0xff, 0xff, 0xff, 0xff, 0xff, 0xcf, 0x1f,
     0xfd, 0xf3, 0xef, 0xff, 0xff, 0xff, 0xff, 0x80, 0x01, 0xff, 0xff, 0xff,
     0xff, 0xff, 0xe0, 0xd7, 0xf0, 0xf3, 0xfb, 0xff, 0xff, 0xff, 0xff, 0x80,
     0x01, 0xff, 0xff, 0xff, 0xff, 0xff, 0xff, 0xd7, 0xf5, 0x87, 0xff, 0xff,
     0xff, 0xff, 0xff, 0x80, 0x01, 0xff, 0xff, 0xff, 0xff, 0xff, 0xff, 0xd7,
     0xf5, 0xfe, 0x77, 0xff, 0xff, 0xff, 0xff, 0x80, 0x01, 0xff, 0xff, 0xff,
     0xff, 0xff, 0xff, 0xc7, 0xf0, 0xf9, 0x6f, 0xff, 0xff, 0xff, 0xff, 0x80,
     0x01, 0xff, 0xff, 0xff, 0xff, 0xff, 0xff, 0xd7, 0xf5, 0x07, 0xef, 0xff,
     0xff, 0xff, 0xff, 0x80, 0x01, 0xff, 0xff, 0xff, 0xff, 0xff, 0xff, 0x9f,
     0xfc, 0xb7, 0xdf, 0xff, 0xff, 0xff, 0xff, 0x80, 0x01, 0xff, 0xff, 0xff,
     0xff, 0xff, 0xff, 0x9b, 0xee, 0xef, 0xbf, 0xff, 0xff, 0xff, 0xff, 0x80,
     0x01, 0xff, 0xff, 0xff, 0xff, 0xff, 0xff, 0xf3, 0xe4, 0xfd, 0x7f, 0xff,
     0xff, 0xff, 0xff, 0x80, 0x01, 0xff, 0xff, 0xff, 0xff, 0xff, 0xff, 0xb4,
     0x0e, 0xbc, 0xff, 0xff, 0xff, 0xff, 0xff, 0x80, 0x01, 0xff, 0xff, 0xff,
     0xff, 0xff, 0xff, 0xbf, 0xb6, 0xb3, 0xff, 0xff, 0xff, 0xff, 0xff, 0x80,
     0x01, 0xff, 0xff, 0xff, 0xff, 0xff, 0xff, 0x9b, 0xec, 0x1f, 0xff, 0xff,
     0xff, 0xff, 0xff, 0x80, 0x01, 0xff, 0xff, 0xff, 0xff, 0xff, 0xff, 0x7b,
     0xef, 0x7f, 0xff, 0xff, 0xff, 0xff, 0xff, 0x80, 0x01, 0xff, 0xff, 0xff,
     0xff, 0xff, 0xff, 0x9f, 0xf0, 0x7f, 0xff, 0xff, 0xff, 0xff, 0xff, 0x80,
     0x01, 0xff, 0xff, 0xff, 0xff, 0xff, 0xff, 0xff, 0xff, 0xff, 0xff, 0xff,
     0xff, 0xff, 0xff, 0x80, 0x01, 0xff, 0xff, 0xff, 0xff, 0xff, 0xff, 0xff,
     0xff, 0xff, 0xff, 0xff, 0xff, 0xff, 0xff, 0x80, 0x01, 0xff, 0xff, 0xff,
     0xff, 0xff, 0xff, 0xff, 0xff, 0xff, 0xff, 0xff, 0xff, 0xff, 0xff, 0x80,
     0x00, 0x00, 0x00, 0x00, 0x00, 0x00, 0x00, 0x00, 0x00, 0x00, 0x00, 0x00,
     0x00, 0x00, 0x00, 0x00, 0x00, 0x00, 0x00, 0x00, 0x00, 0x00, 0x00, 0x00,
     0x00, 0x00, 0x00, 0x00, 0x00, 0x00, 0x00, 0x00, 0x00, 0x00, 0x00, 0x00,
     0x00, 0x00, 0x00, 0x00, 0x00, 0x00, 0x00, 0x00, 0x00, 0x00, 0x00, 0x00,
     0x00, 0x00, 0x00, 0x00, 0x00, 0x00, 0x00, 0x00, 0x00, 0x00, 0x00, 0x00,
     0x00, 0x00, 0x00, 0x00},
    {0x00, 0x00, 0x00, 0x00, 0x00, 0x00, 0x00, 0x00, 0x00, 0x00, 0x00, 0x00,
     0x00, 0x00, 0x00, 0x00, 0x00, 0x00, 0x00, 0x00, 0x00, 0x00, 0x00, 0x00,
     0x00, 0x00, 0x00, 0x00, 0x00, 0x00, 0x00, 0x00, 0x00, 0x00, 0x00, 0x00,
     0x00, 0x00, 0x00, 0x00, 0x00, 0x00, 0x00, 0x00, 0x00, 0x00, 0x00, 0x00,
     0x00, 0x00, 0x00, 0x00, 0x00, 0x00, 0x00, 0x00, 0x00, 0x00, 0x00, 0x00,
     0x00, 0x00, 0x00, 0x00, 0x01, 0xff, 0xff, 0xff, 0xff, 0xff, 0xff, 0xff,
     0xff, 0xff, 0xff, 0xff, 0xff, 0xff, 0xff, 0x80, 0x01, 0xff, 0xff, 0xff,
     0xff, 0xff, 0xff, 0xff, 0xff, 0xff, 0xff, 0xff, 0xff, 0xff, 0xff, 0x80,
     0x01, 0xff, 0xff, 0xff, 0xff, 0xff, 0xff, 0xff, 0xff, 0xff, 0xff, 0xff,
     0xff, 0xff, 0xff, 0x80, 0x01, 0xff, 0xff, 0xff, 0xff, 0xff, 0xff, 0xff,
     0xff, 0xff, 0xff, 0xff, 0xff, 0xff, 0xff, 0x80, 0x01, 0xff, 0xff, 0xff,
     0xff, 0xff, 0xff, 0xc0, 0x00, 0xff, 0xff, 0xff, 0xff, 0xff, 0xff, 0x80,
     0x01, 0xff, 0xff, 0xff, 0xff, 0xff, 0xfe, 0x21, 0xc2, 0x3f, 0xff, 0xff,
     0xff, 0xff, 0xff, 0x80, 0x01, 0xff, 0xff, 0xff, 0xff, 0xff, 0xe0, 0x39,
     0xce, 0x03, 0xff, 0xff, 0xff, 0xff, 0xff, 0x80, 0x01, 0xff, 0xff, 0xff,
     0xff, 0xff, 0xcf, 0xdf, 0xfc, 0xfd, 0xff, 0xff, 0xff, 0xff, 0xff, 0x80,
     0x01, 0xff, 0xff, 0xff, 0xff, 0xff, 0xbf, 0xff, 0xff, 0xfe, 0xff, 0xff,
     0xff, 0xff, 0xff, 0x80, 0x01, 0xff, 0xff, 0xff, 0xff, 0xff, 0x3f, 0xf9,
     0xcf, 0xfe, 0x7f, 0xff, 0xff, 0xff, 0xff, 0x80, 0x01, 0xff, 0xff, 0xff,
     0xff, 0xff, 0x7f, 0xf9, 0xcf, 0xff, 0x7f, 0xff, 0xff, 0xff, 0xff, 0x80,
     0x01, 0xff, 0xff, 0xff, 0xff, 0xfe, 0x7f, 0xff, 0xff, 0xff, 0x3f, 0xff,
     0xff, 0xff, 0xff, 0x80, 0x01, 0xff, 0xff, 0xff, 0xff, 0xfe, 0xff, 0xff,
     0x7f, 0xff, 0xbf, 0xff, 0xff, 0xff, 0xff, 0x80, 0x01, 0xff, 0xff, 0xff,
     0xff, 0xfd, 0xff, 0xff, 0x7f, 0xff, 0xdf, 0xff, 0xff, 0xff, 0xff, 0x80,
     0x01, 0xff, 0xff, 0xff, 0xff, 0xfd, 0xff, 0xff, 0xff, 0xff, 0xcf, 0xff,
     0xff, 0xff, 0xff, 0x80, 0x01, 0xff, 0xff, 0xff, 0xff, 0xfb, 0xf1, 0xff,
     0xff, 0xc7, 0xef, 0xff, 0xff, 0xff, 0xff, 0x80, 0x01, 0xff, 0xff, 0xff,
     0xff, 0xfb, 0xb0, 0x7f, 0xff, 0x0e, 0xe7, 0xff, 0xff, 0xff, 0xff, 0x80,
     0x01, 0xff, 0xff, 0xff, 0xff, 0xf7, 0xc0, 0x3f, 0xfe, 0x01, 0xf7, 0xff,
     0xff, 0xff, 0xff, 0x80, 0x01, 0xff, 0xff, 0xff, 0xff, 0xf1, 0x9f, 0x3f,
     0xfe, 0x78, 0xe7, 0xff, 0xff, 0xff, 0xff, 0x80, 0x01, 0xff, 0xff, 0xff,
     0xff, 0xf1, 0xff, 0xff, 0xff, 0xff, 0xc7, 0xff, 0xff, 0xff, 0xff, 0x80,
     0x01, 0xff, 0xff, 0xff, 0xff, 0xf7, 0xff, 0xff, 0xff, 0xff, 0xf7, 0xff,
     0xff, 0xff, 0xff, 0x80, 0x01, 0xff, 0xff, 0xff, 0xff, 0xf6, 0x3f, 0xfb,
     0xef, 0xfe, 0x37, 0xff, 0xff, 0xff, 0xff, 0x80, 0x01, 0xff, 0xff, 0xff,
     0xff, 0xf4, 0x1f, 0xff, 0xff, 0xfc, 0x17, 0xff, 0xff, 0xff, 0xff, 0x80,
     0x01, 0xff, 0xff, 0xff, 0xff, 0xf6, 0x3f, 0xee, 0x3f, 0xfe, 0x37, 0xff,
     0xff, 0xff, 0xff, 0x80, 0x01, 0xff, 0xff, 0xff, 0xff, 0xfb, 0xff, 0xf0,
     0x07, 0xff, 0xe7, 0xff, 0xff, 0xff, 0xff, 0x80, 0x01, 0xff, 0xff, 0xff,
     0xff, 0xfb, 0xff, 0xf0, 0x07, 0xff, 0xef, 0xff, 0xff, 0xff, 0xff, 0x80,
     0x01, 0xff, 0xff, 0xff, 0xff, 0xfd, 0xff, 0xf1, 0xcf, 0xff, 0xdf, 0xff,
     0xff, 0xff, 0xff, 0x80, 0x01, 0xff, 0xff, 0xff, 0xff, 0xfc, 0xff, 0xfb,
     0xef, 0xff, 0x9f, 0xff, 0xff, 0xff, 0xff, 0x80, 0x01, 0xff, 0xff, 0xff,
     0xff, 0xfe, 0x7f, 0xfd, 0xdf, 0xff, 0x3f, 0xff, 0xff, 0xff, 0xff, 0x80,
     0x01, 0xff, 0xff, 0xff, 0xff, 0xff, 0x9f, 0xfe, 0x3f, 0xfc, 0xff, 0xff,
     0xff, 0xff, 0xff, 0x80, 0x01, 0xff, 0xff, 0xff, 0xff, 0xff, 0xc7, 0xff,
     0xff, 0xf1, 0xff, 0xff, 0xff, 0xff, 0xff, 0x80, 0x01, 0xff, 0xff, 0xff,
     0xff, 0xff, 0xf8, 0x7f, 0xff, 0x8f, 0xff, 0xff, 0xff, 0xff, 0xff, 0x80,
     0x01, 0xff, 0xff, 0xff, 0xff, 0xff, 0xff, 0x03, 0xf0, 0x7f, 0xff, 0xff,
     0xff, 0xff, 0xff, 0x80, 0x01, 0xff, 0xff, 0xff, 0xff, 0xff, 0xff, 0xef,
     0xfb, 0xff, 0xff, 0xff, 0xff, 0xff, 0xff, 0x80, 0x01, 0xff, 0xff, 0xff,
     0xff, 0xff, 0xf7, 0xcf, 0xf9, 0xff, 0xff, 0xff, 0xff, 0xff, 0xff, 0x80,
     0x01, 0xff, 0xff, 0xff, 0xff, 0xff, 0xe9, 0x9f, 0xfe, 0xcb, 0xff, 0xff,
     0xff, 0xff, 0xff, 0x80, 0x01, 0xff, 0xff, 0xff, 0xff, 0xff, 0xdc, 0x3f,
     0xfe, 0x1d, 0xff, 0xff, 0xff, 0xff, 0xff, 0x80, 0x01, 0xff, 0xff, 0xff,
     0xff, 0xff, 0xef, 0xff, 0xff, 0xfb, 0xff, 0xff, 0xff, 0xff, 0xff, 0x80,
     0x01, 0xff, 0xff, 0xff, 0xff, 0xff, 0xe7, 0x9f, 0xf4, 0xf3, 0xf3, 0xff,
     0xff, 0xff, 0xff, 0x80, 0x01, 0xff, 0xff, 0xff, 0xff, 0xff, 0xf8, 0x5f,
     0xf5, 0x8e, 0xff, 0xff, 0xff, 0xff, 0xff, 0x80, 0x01, 0xff, 0xff, 0xff,
     0xff, 0xff, 0xff, 0xc7, 0xf1, 0xfa, 0x63, 0xff, 0xff, 0xff, 0xff, 0x80,
     0x01, 0xff, 0xff, 0xff, 0xff, 0xff, 0xff, 0xd7, 0xff, 0xf7, 0xdf, 0x7f,
     0xff, 0xff, 0xff, 0x80, 0x01, 0xff, 0xff, 0xff, 0xff, 0xff, 0xff, 0xc7,
     0xf8, 0x07, 0xbf, 0xff, 0xff, 0xff, 0xff, 0x80, 0x01, 0xff, 0xff, 0xff,
     0xff, 0xff, 0xff, 0xd7, 0xf5, 0x37, 0xbf, 0xff, 0xff, 0xff, 0xff, 0x80,
     0x01, 0xff, 0xff, 0xff, 0xff, 0xff, 0xff, 0x9f, 0xf5, 0xbf, 0x7f, 0xff,
     0xff, 0xff, 0xff, 0x80, 0x01, 0xff, 0xff, 0xff, 0xff, 0xff, 0xff, 0x9b,
     0xfe, 0xf8, 0xff, 0xff, 0xff, 0xff, 0xff, 0x80, 0x01, 0xff, 0xff, 0xff,
     0xff, 0xff, 0xff, 0x77, 0xf4, 0xed, 0xff, 0xff, 0xff, 0xff, 0xff, 0x80,
     0x01, 0xff, 0xff, 0xff, 0xff, 0xff, 0xff, 0x30, 0x0e, 0xfb, 0xff, 0xff,
     0xff, 0xff, 0xff, 0x80, 0x01, 0xff, 0xff, 0xff, 0xff, 0xff, 0xff, 0xb7,
     0x2c, 0x8f, 0xff, 0xff, 0xff, 0xff, 0xff, 0x80, 0x01, 0xff, 0xff, 0xff,
     0xff, 0xff, 0xff, 0xbb, 0xee, 0x7f, 0xff, 0xff, 0xff, 0xff, 0xff, 0x80,
     0x01, 0xff, 0xff, 0xff, 0xff, 0xff, 0xff, 0xf7, 0xfc, 0xff, 0xff, 0xff,
     0xff, 0xff, 0xff, 0x80, 0x01, 0xff, 0xff, 0xff, 0xff, 0xff, 0xff, 0x1f,
     0xef, 0x7f, 0xff, 0xff, 0xff, 0xff, 0xff, 0x80, 0x01, 0xff, 0xff, 0xff,
     0xff, 0xff, 0xff, 0xff, 0xf0, 0x7f, 0xff, 0xff, 0xff, 0xff, 0xff, 0x80,
     0x01, 0xff, 0xff, 0xff, 0xff, 0xff, 0xff, 0xff, 0xff, 0xff, 0xff, 0xff,
     0xff, 0xff, 0xff, 0x80, 0x01, 0xff, 0xff, 0xff, 0xff, 0xff, 0xff, 0xff,
     0xff, 0xff, 0xff, 0xff, 0xff, 0xff, 0xff, 0x80, 0x01, 0xff, 0xff, 0xff,
     0xff, 0xff, 0xff, 0xff, 0xff, 0xff, 0xff, 0xff, 0xff, 0xff, 0xff, 0x80,
     0x00, 0x00, 0x00, 0x00, 0x00, 0x00, 0x00, 0x00, 0x00, 0x00, 0x00, 0x00,
     0x00, 0x00, 0x00, 0x00, 0x00, 0x00, 0x00, 0x00, 0x00, 0x00, 0x00, 0x00,
     0x00, 0x00, 0x00, 0x00, 0x00, 0x00, 0x00, 0x00, 0x00, 0x00, 0x00, 0x00,
     0x00, 0x00, 0x00, 0x00, 0x00, 0x00, 0x00, 0x00, 0x00, 0x00, 0x00, 0x00,
     0x00, 0x00, 0x00, 0x00, 0x00, 0x00, 0x00, 0x00, 0x00, 0x00, 0x00, 0x00,
     0x00, 0x00, 0x00, 0x00},
    {0x00, 0x00, 0x00, 0x00, 0x00, 0x00, 0x00, 0x00, 0x00, 0x00, 0x00, 0x00,
     0x00, 0x00, 0x00, 0x00, 0x00, 0x00, 0x00, 0x00, 0x00, 0x00, 0x00, 0x00,
     0x00, 0x00, 0x00, 0x00, 0x00, 0x00, 0x00, 0x00, 0x00, 0x00, 0x00, 0x00,
     0x00, 0x00, 0x00, 0x00, 0x00, 0x00, 0x00, 0x00, 0x00, 0x00, 0x00, 0x00,
     0x00, 0x00, 0x00, 0x00, 0x00, 0x00, 0x00, 0x00, 0x00, 0x00, 0x00, 0x00,
     0x00, 0x00, 0x00, 0x00, 0x01, 0xff, 0xff, 0xff, 0xff, 0xff, 0xff, 0xff,
     0xff, 0xff, 0xff, 0xff, 0xff, 0xff, 0xff, 0x80, 0x01, 0xff, 0xff, 0xff,
     0xff, 0xff, 0xff, 0xff, 0xff, 0xff, 0xff, 0xff, 0xff, 0xff, 0xff, 0x80,
     0x01, 0xff, 0xff, 0xff, 0xff, 0xff, 0xff, 0xff, 0xff, 0xff, 0xff, 0xff,
     0xff, 0xff, 0xff, 0x80, 0x01, 0xff, 0xff, 0xff, 0xff, 0xff, 0xff, 0xff,
     0xff, 0xff, 0xff, 0xff, 0xff, 0xff, 0xff, 0x80, 0x01, 0xff, 0xff, 0xff,
     0xff, 0xff, 0xff, 0xf0, 0x07, 0xff, 0xff, 0xff, 0xff, 0xff, 0xff, 0x80,
     0x01, 0xff, 0xff, 0xff, 0xff, 0xff, 0xff, 0x03, 0x80, 0x7f, 0xff, 0xff,
     0xff, 0xff, 0xff, 0x80, 0x01, 0xff, 0xff, 0xff, 0xff, 0xff, 0xfc, 0xe3,
     0x8e, 0x07, 0xff, 0xff, 0xff, 0xff, 0xff, 0x80, 0x01, 0xff, 0xff, 0xff,
     0xff, 0xff, 0xc0, 0x73, 0x99, 0xf3, 0xff, 0xff, 0xff, 0xff, 0xff, 0x80,
     0x01, 0xff, 0xff, 0xff, 0xff, 0xff, 0x9f, 0xbf, 0xff, 0xfd, 0xff, 0xff,
     0xff, 0xff, 0xff, 0x80, 0x01, 0xff, 0xff, 0xff, 0xff, 0xff, 0x7f, 0xf7,
     0xdf, 0xfc, 0xff, 0xff, 0xff, 0xff, 0xff, 0x80, 0x01, 0xff, 0xff, 0xff,
     0xff, 0xfe, 0x7f, 0xf3, 0x9f, 0xfe, 0xff, 0xff, 0xff, 0xff, 0xff, 0x80,
     0x01, 0xff, 0xff, 0xff, 0xff, 0xfe, 0xff, 0xfb, 0xbf, 0xfe, 0x7f, 0xff,
     0xff, 0xff, 0xff, 0x80, 0x01, 0xff, 0xff, 0xff, 0xff, 0xfe, 0xff, 0xff,
     0xff, 0xff, 0x3f, 0xff, 0xff, 0xff, 0xff, 0x80, 0x01, 0xff, 0xff, 0xff,
     0xff, 0xfd, 0xff, 0xfe, 0x7f, 0xff, 0xbf, 0xff, 0xff, 0xff, 0xff, 0x80,
     0x01, 0xff, 0xff, 0xff, 0xff, 0xf9, 0xff, 0xff, 0xff, 0xff, 0xdf, 0xff,
     0xff, 0xff, 0xff, 0x80, 0x01, 0xff, 0xff, 0xff, 0xff, 0xfb, 0xff, 0xff,
     0xff, 0xdf, 0xdf, 0xff, 0xff, 0xff, 0xff, 0x80, 0x01, 0xff, 0xff, 0xff,
     0xff, 0xf3, 0xf3, 0xff, 0xff, 0x3f, 0xef, 0xff, 0xff, 0xff, 0xff, 0x80,
     0x01, 0xff, 0xff, 0xff, 0xff, 0xf7, 0xf0, 0xff, 0xfe, 0x03, 0xef, 0xff,
     0xff, 0xff, 0xff, 0x80, 0x01, 0xff, 0xff, 0xff, 0xff, 0xf7, 0x80, 0x7f,
     0xfc, 0x79, 0xcf, 0xff, 0xff, 0xff, 0xff, 0x80, 0x01, 0xff, 0xff, 0xff,
     0xff, 0xf3, 0x1f, 0x7f, 0xff, 0xff, 0xc7, 0xff, 0xff, 0xff, 0xff, 0x80,
     0x01, 0xff, 0xff, 0xff, 0xff, 0xe3, 0xbf, 0xff, 0xff, 0xff, 0xf7, 0xff,
     0xff, 0xff, 0xff, 0x80, 0x01, 0xff, 0xff, 0xff, 0xff, 0xe7, 0xff, 0xff,
     0xff, 0xfe, 0x37, 0xff, 0xff, 0xff, 0xff, 0x80, 0x01, 0xff, 0xff, 0xff,
     0xff, 0xef, 0x7f, 0xf3, 0xdf, 0xfc, 0x27, 0xff, 0xff, 0xff, 0xff, 0x80,
     0x01, 0xff, 0xff, 0xff, 0xff, 0xe4, 0x3f, 0xff, 0xff, 0xfe, 0x6f, 0xff,
     0xff, 0xff, 0xff, 0x80, 0x01, 0xff, 0xff, 0xff, 0xff, 0xf4, 0x3f, 0xe0,
     0x07, 0xff, 0xef, 0xff, 0xff, 0xff, 0xff, 0x80, 0x01, 0xff, 0xff, 0xff,
     0xff, 0xf7, 0xff, 0xf0, 0x0f, 0xff, 0xcf, 0xff, 0xff, 0xff, 0xff, 0x80,
     0x01, 0xff, 0xff, 0xff, 0xff, 0xfb, 0xff, 0xf0, 0x0f, 0xff, 0xdf, 0xff,
     0xff, 0xff, 0xff, 0x80, 0x01, 0xff, 0xff, 0xff, 0xff, 0xf9, 0xff, 0xf3,
     0xcf, 0xff, 0xbf, 0xff, 0xff, 0xff, 0xff, 0x80, 0x01, 0xff, 0xff, 0xff,
     0xff, 0xfc, 0xff, 0xfb, 0xdf, 0xff, 0x7f, 0xff, 0xff, 0xff, 0xff, 0x80,
     0x01, 0xff, 0xff, 0xff, 0xff, 0xfe, 0x7f, 0xfc, 0xbf, 0xfc, 0xff, 0xff,
     0xff, 0xff, 0xff, 0x80, 0x01, 0xff, 0xff, 0xff, 0xff, 0xff, 0x1f, 0xff,
     0xff, 0xf3, 0xff, 0xff, 0xff, 0xff, 0xff, 0x80, 0x01, 0xff, 0xff, 0xff,
     0xff, 0xff, 0xc7, 0xff, 0xff, 0x8f, 0xff, 0xff, 0xff, 0xff, 0xff, 0x80,
     0x01, 0xff, 0xff, 0xff, 0xff, 0xff, 0xf8, 0x7f, 0xf8, 0x3f, 0xff, 0xff,
     0xff, 0xff, 0xff, 0x80, 0x01, 0xff, 0xff, 0xff, 0xff, 0xff, 0xff, 0x83,
     0xe1, 0xff, 0xff, 0xff, 0xff, 0xff, 0xff, 0x80, 0x01, 0xff, 0xff, 0xff,
     0xff, 0xff, 0xff, 0xef, 0xfb, 0xff, 0xf7, 0xff, 0xff, 0xff, 0xff, 0x80,
     0x01, 0xff, 0xff, 0xff, 0xff, 0xff, 0xff, 0xcf, 0xf8, 0xff, 0xf7, 0xff,
     0xff, 0xff, 0xff, 0x80, 0x01, 0xff, 0xff, 0xff, 0xff, 0xff, 0xe3, 0x3f,
     0xfe, 0x4b, 0xf7, 0xff, 0xff, 0xff, 0xff, 0x80, 0x01, 0xff, 0xff, 0xff,
     0xff, 0xff, 0xfc, 0xff, 0xff, 0xbb, 0xff, 0xff, 0xff, 0xff, 0xff, 0x80,
     0x01, 0xff, 0xff, 0xff, 0xff, 0xff, 0xdf, 0xdf, 0xfd, 0xfb, 0xef, 0xff,
     0xff, 0xff, 0xff, 0x80, 0x01, 0xff, 0xff, 0xff, 0xff, 0xff, 0xef, 0x17,
     0xf4, 0x7b, 0xef, 0xff, 0xff, 0xff, 0xff, 0x80, 0x01, 0xff, 0xff, 0xff,
     0xff, 0xff, 0xe0, 0xc7, 0xf1, 0xde, 0xdf, 0xff, 0xff, 0xff, 0xff, 0x80,
     0x01, 0xff, 0xff, 0xff, 0xff, 0xff, 0xff, 0xd7, 0xf5, 0xfc, 0xdf, 0xff,
     0xff, 0xff, 0xff, 0x80, 0x01, 0xff, 0xff, 0xff, 0xff, 0xff, 0xff, 0xd7,
     0xf5, 0xfb, 0xdf, 0xff, 0xff, 0xff, 0xff, 0x80, 0x01, 0xff, 0xff, 0xff,
     0xff, 0xff, 0xff, 0xc7, 0xf0, 0x07, 0xff, 0xff, 0xff, 0xff, 0xff, 0x80,
     0x01, 0xff, 0xff, 0xff, 0xff, 0xff, 0xff, 0xd7, 0xf5, 0x37, 0xbf, 0xff,
     0xff, 0xff, 0xff, 0x80, 0x01, 0xff, 0xff, 0xff, 0xff, 0xff, 0xff, 0xbf,
     0xfe, 0xbf, 0xbf, 0xff, 0xff, 0xff, 0xff, 0x80, 0x01, 0xff, 0xff, 0xff,
     0xff, 0xff, 0xff, 0x9b, 0xec, 0xfd, 0x7f, 0xff, 0xff, 0xff, 0xff, 0x80,
     0x01, 0xff, 0xff, 0xff, 0xff, 0xff, 0xff, 0xf9, 0xce, 0xfc, 0xff, 0xff,
     0xff, 0xff, 0xff, 0x80, 0x01, 0xff, 0xff, 0xff, 0xff, 0xff, 0xff, 0xbe,
     0x2c, 0xbb, 0xff, 0xff, 0xff, 0xff, 0xff, 0x80, 0x01, 0xff, 0xff, 0xff,
     0xff, 0xff, 0xff, 0xbf, 0x8e, 0x87, 0xff, 0xff, 0xff, 0xff, 0xff, 0x80,
     0x01, 0xff, 0xff, 0xff, 0xff, 0xff, 0xff, 0x9b, 0xfc, 0xff, 0xff, 0xff,
     0xff, 0xff, 0xff, 0x80, 0x01, 0xff, 0xff, 0xff, 0xff, 0xff, 0xff, 0x7b,
     0xef, 0x7f, 0xff, 0xff, 0xff, 0xff, 0xff, 0x80, 0x01, 0xff, 0xff, 0xff,
     0xff, 0xff, 0xff, 0x9f, 0xf0, 0x7f, 0xff, 0xff, 0xff, 0xff, 0xff, 0x80,
     0x01, 0xff, 0xff, 0xff, 0xff, 0xff, 0xff, 0xff, 0xff, 0xff, 0xff, 0xff,
     0xff, 0xff, 0xff, 0x80, 0x01, 0xff, 0xff, 0xff, 0xff, 0xff, 0xff, 0xff,
     0xff, 0xff, 0xff, 0xff, 0xff, 0xff, 0xff, 0x80, 0x01, 0xff, 0xff, 0xff,
     0xff, 0xff, 0xff, 0xff, 0xff, 0xff, 0xff, 0xff, 0xff, 0xff, 0xff, 0x80,
     0x00, 0x00, 0x00, 0x00, 0x00, 0x00, 0x00, 0x00, 0x00, 0x00, 0x00, 0x00,
     0x00, 0x00, 0x00, 0x00, 0x00, 0x00, 0x00, 0x00, 0x00, 0x00, 0x00, 0x00,
     0x00, 0x00, 0x00, 0x00, 0x00, 0x00, 0x00, 0x00, 0x00, 0x00, 0x00, 0x00,
     0x00, 0x00, 0x00, 0x00, 0x00, 0x00, 0x00, 0x00, 0x00, 0x00, 0x00, 0x00,
     0x00, 0x00, 0x00, 0x00, 0x00, 0x00, 0x00, 0x00, 0x00, 0x00, 0x00, 0x00,
     0x00, 0x00, 0x00, 0x00},
    {0x00, 0x00, 0x00, 0x00, 0x00, 0x00, 0x00, 0x00, 0x00, 0x00, 0x00, 0x00,
     0x00, 0x00, 0x00, 0x00, 0x00, 0x00, 0x00, 0x00, 0x00, 0x00, 0x00, 0x00,
     0x00, 0x00, 0x00, 0x00, 0x00, 0x00, 0x00, 0x00, 0x00, 0x00, 0x00, 0x00,
     0x00, 0x00, 0x00, 0x00, 0x00, 0x00, 0x00, 0x00, 0x00, 0x00, 0x00, 0x00,
     0x00, 0x00, 0x00, 0x00, 0x00, 0x00, 0x00, 0x00, 0x00, 0x00, 0x00, 0x00,
     0x00, 0x00, 0x00, 0x00, 0x01, 0xff, 0xff, 0xff, 0xff, 0xff, 0xff, 0xff,
     0xff, 0xff, 0xff, 0xff, 0xff, 0xff, 0xff, 0x80, 0x01, 0xff, 0xff, 0xff,
     0xff, 0xff, 0xff, 0xff, 0xff, 0xff, 0xff, 0xff, 0xff, 0xff, 0xff, 0x80,
     0x01, 0xff, 0xff, 0xff, 0xff, 0xff, 0xff, 0xff, 0xff, 0xff, 0xff, 0xff,
     0xff, 0xff, 0xff, 0x80, 0x01, 0xff, 0xff, 0xff, 0xff, 0xff, 0xff, 0xff,
     0xff, 0xff, 0xff, 0xff, 0xff, 0xff, 0xff, 0x80, 0x01, 0xff, 0xff, 0xff,
     0xff, 0xff, 0xff, 0xf0, 0x07, 0xff, 0xff, 0xff, 0xff, 0xff, 0xff, 0x80,
     0x01, 0xff, 0xff, 0xff, 0xff, 0xff, 0xff, 0x03, 0x80, 0x7f, 0xff, 0xff,
     0xff, 0xff, 0xff, 0x80, 0x01, 0xff, 0xff, 0xff, 0xff, 0xff, 0xf8, 0x61,
     0x8e, 0x07, 0xff, 0xff, 0xff, 0xff, 0xff, 0x80, 0x01, 0xff, 0xff, 0xff,
     0xff, 0xff, 0xc0, 0x71, 0x9c, 0xf9, 0xff, 0xff, 0xff, 0xff, 0xff, 0x80,
     0x01, 0xff, 0xff, 0xff, 0xff, 0xff, 0x9f, 0xbf, 0xff, 0xfd, 0xff, 0xff,
     0xff, 0xff, 0xff, 0x80, 0x01, 0xff, 0xff, 0xff, 0xff, 0xff, 0x3f, 0xfb,
     0xcf, 0xfe, 0xff, 0xff, 0xff, 0xff, 0xff, 0x80, 0x01, 0xff, 0xff, 0xff,
     0xff, 0xff, 0x7f, 0xf3, 0xdf, 0xfe, 0x7f, 0xff, 0xff, 0xff, 0xff, 0x80,
     0x01, 0xff, 0xff, 0xff, 0xff, 0xfe, 0x7f, 0xfb, 0xff, 0xff, 0x7f, 0xff,
     0xff, 0xff, 0xff, 0x80, 0x01, 0xff, 0xff, 0xff, 0xff, 0xfe, 0xff, 0xff,
     0xff, 0xff, 0xbf, 0xff, 0xff, 0xff, 0xff, 0x80, 0x01, 0xff, 0xff, 0xff,
     0xff, 0xfc, 0xff, 0xfe, 0x7f, 0xff, 0x9f, 0xff, 0xff, 0xff, 0xff, 0x80,
     0x01, 0xff, 0xff, 0xff, 0xff, 0xfd, 0xff, 0xff, 0xff, 0xff, 0xdf, 0xff,
     0xff, 0xff, 0xff, 0x80, 0x01, 0xff, 0xff, 0xff, 0xff, 0xfb, 0xff, 0xff,
     0xff, 0xff, 0xef, 0xff, 0xff, 0xff, 0xff, 0x80, 0x01, 0xff, 0xff, 0xff,
     0xff, 0xfb, 0xf1, 0xff, 0xff, 0x3f, 0xef, 0xff, 0xff, 0xff, 0xff, 0x80,
     0x01, 0xff, 0xff, 0xff, 0xff, 0xf3, 0xf0, 0x7f, 0xfe, 0x01, 0xe7, 0xff,
     0xff, 0xff, 0xff, 0x80, 0x01, 0xff, 0xff, 0xff, 0xff, 0xf7, 0xc0, 0x7f,
     0xfe, 0x78, 0xc7, 0xff, 0xff, 0xff, 0xff, 0x80, 0x01, 0xff, 0xff, 0xff,
     0xff, 0xf3, 0x9f, 0x3f, 0xff, 0xff, 0xc7, 0xff, 0xff, 0xff, 0xff, 0x80,
     0x01, 0xff, 0xff, 0xff, 0xff, 0xf3, 0xff, 0xff, 0xff, 0xff, 0xf7, 0xff,
     0xff, 0xff, 0xff, 0x80, 0x01, 0xff, 0xff, 0xff, 0xff, 0xf7, 0xff, 0xff,
     0xef, 0xfe, 0x37, 0xff, 0xff, 0xff, 0xff, 0x80, 0x01, 0xff, 0xff, 0xff,
     0xff, 0xf6, 0x3f, 0xfb, 0xef, 0xfc, 0x17, 0xff, 0xff, 0xff, 0xff, 0x80,
     0x01, 0xff, 0xff, 0xff, 0xff, 0xf4, 0x1f, 0xff, 0xff, 0xfe, 0x37, 0xff,
     0xff, 0xff, 0xff, 0x80, 0x01, 0xff, 0xff, 0xff, 0xff, 0xf6, 0x3f, 0xe0,
     0x07, 0xff, 0xef, 0xff, 0xff, 0xff, 0xff, 0x80, 0x01, 0xff, 0xff, 0xff,
     0xff, 0xf3, 0xff, 0xf0, 0x07, 0xff, 0xef, 0xff, 0xff, 0xff, 0xff, 0x80,
     0x01, 0xff, 0xff, 0xff, 0xff, 0xfb, 0xff, 0xf0, 0x0f, 0xff, 0xdf, 0xff,
     0xff, 0xff, 0xff, 0x80, 0x01, 0xff, 0xff, 0xff, 0xff, 0xfd, 0xff, 0xfb,
     0xef, 0xff, 0x9f, 0xff, 0xff, 0xff, 0xff, 0x80, 0x01, 0xff, 0xff, 0xff,
     0xff, 0xfc, 0xff, 0xfb, 0xcf, 0xff, 0x3f, 0xff, 0xff, 0xff, 0xff, 0x80,
     0x01, 0xff, 0xff, 0xff, 0xff, 0xfe, 0x7f, 0xfc, 0x9f, 0xfc, 0xff, 0xff,
     0xff, 0xff, 0xff, 0x80, 0x01, 0xff, 0xff, 0xff, 0xff, 0xff, 0x9f, 0xff,
     0xff, 0xf1, 0xff, 0xff, 0xff, 0xff, 0xff, 0x80, 0x01, 0xff, 0xff, 0xff,
     0xff, 0xff, 0xe3, 0xff, 0xff, 0xc7, 0xff, 0xff, 0xff, 0xff, 0xff, 0x80,
     0x01, 0xff, 0xff, 0xff, 0xff, 0xff, 0xf8, 0x3f, 0xfc, 0x3f, 0xff, 0xff,
     0xff, 0xff, 0xff, 0x80, 0x01, 0xff, 0xff, 0xff, 0xff, 0xff, 0xff, 0x83,
     0xe1, 0xff, 0xff, 0xff, 0xff, 0xff, 0xff, 0x80, 0x01, 0xff, 0xff, 0xff,
     0xff, 0xff, 0xff, 0xef, 0xff, 0xff, 0xff, 0xff, 0xff, 0xff, 0xff, 0x80,
     0x01, 0xff, 0xff, 0xff, 0xff, 0xff, 0xff, 0xc3, 0xf8, 0xff, 0xff, 0xff,
     0xff, 0xff, 0xff, 0x80, 0x01, 0xff, 0xff, 0xff, 0xff, 0xff, 0xe1, 0x3b,
     0xfe, 0x6f, 0xff, 0xff, 0xff, 0xff, 0xff, 0x80, 0x01, 0xff, 0xff, 0xff,
     0xff, 0xff, 0xec, 0xff, 0xff, 0x93, 0xff, 0xff, 0xff, 0xff, 0xff, 0x80,
     0x01, 0xff, 0xff, 0xff, 0xff, 0xff, 0xdf, 0xdf, 0xf5, 0xfb, 0xff, 0xff,
     0xff, 0xff, 0xff, 0x80, 0x01, 0xff, 0xff, 0xff, 0xff, 0xff, 0xef, 0x1f,
     0xf4, 0xfd, 0xff, 0xff, 0xff, 0xff, 0xff, 0x80, 0x01, 0xff, 0xff, 0xff,
     0xff, 0xff, 0xe0, 0xcf, 0xf1, 0x3b, 0xfe, 0x7f, 0xff, 0xff, 0xff, 0x80,
     0x01, 0xff, 0xff, 0xff, 0xff, 0xff, 0xff, 0xd7, 0xfd, 0xf7, 0xe3, 0xff,
     0xff, 0xff, 0xff, 0x80, 0x01, 0xff, 0xff, 0xff, 0xff, 0xff, 0xff, 0xd7,
     0xff, 0xff, 0x1e, 0xff, 0xff, 0xff, 0xff, 0x80, 0x01, 0xff, 0xff, 0xff,
     0xff, 0xff, 0xff, 0xc7, 0xfc, 0x21, 0x39, 0xff, 0xff, 0xff, 0xff, 0x80,
     0x01, 0xff, 0xff, 0xff, 0xff, 0xff, 0xff, 0xdf, 0xf5, 0xb7, 0xf3, 0xff,
     0xff, 0xff, 0xff, 0x80, 0x01, 0xff, 0xff, 0xff, 0xff, 0xff, 0xff, 0xaf,
     0xfc, 0xb3, 0xcf, 0xff, 0xff, 0xff, 0xff, 0x80, 0x01, 0xff, 0xff, 0xff,
     0xff, 0xff, 0xff, 0xfb, 0xee, 0xff, 0x5f, 0xff, 0xff, 0xff, 0xff, 0x80,
     0x01, 0xff, 0xff, 0xff, 0xff, 0xff, 0xff, 0x79, 0xce, 0xfb, 0x3f, 0xff,
     0xff, 0xff, 0xff, 0x80, 0x01, 0xff, 0xff, 0xff, 0xff, 0xff, 0xff, 0xb6,
     0x2e, 0xbc, 0xff, 0xff, 0xff, 0xff, 0xff, 0x80, 0x01, 0xff, 0xff, 0xff,
     0xff, 0xff, 0xff, 0xbb, 0x8e, 0xc3, 0xff, 0xff, 0xff, 0xff, 0xff, 0x80,
     0x01, 0xff, 0xff, 0xff, 0xff, 0xff, 0xff, 0xbb, 0xfc, 0x7f, 0xff, 0xff,
     0xff, 0xff, 0xff, 0x80, 0x01, 0xff, 0xff, 0xff, 0xff, 0xff, 0xff, 0x6f,
     0xef, 0x7f, 0xff, 0xff, 0xff, 0xff, 0xff, 0x80, 0x01, 0xff, 0xff, 0xff,
     0xff, 0xff, 0xff, 0xff, 0xf0, 0x7f, 0xff, 0xff, 0xff, 0xff, 0xff, 0x80,
     0x01, 0xff, 0xff, 0xff, 0xff, 0xff, 0xff, 0xff, 0xff, 0xff, 0xff, 0xff,
     0xff, 0xff, 0xff, 0x80, 0x01, 0xff, 0xff, 0xff, 0xff, 0xff, 0xff, 0xff,
     0xff, 0xff, 0xff, 0xff, 0xff, 0xff, 0xff, 0x80, 0x01, 0xff, 0xff, 0xff,
     0xff, 0xff, 0xff, 0xff, 0xff, 0xff, 0xff, 0xff, 0xff, 0xff, 0xff, 0x80,
     0x00, 0x00, 0x00, 0x00, 0x00, 0x00, 0x00, 0x00, 0x00, 0x00, 0x00, 0x00,
     0x00, 0x00, 0x00, 0x00, 0x00, 0x00, 0x00, 0x00, 0x00, 0x00, 0x00, 0x00,
     0x00, 0x00, 0x00, 0x00, 0x00, 0x00, 0x00, 0x00, 0x00, 0x00, 0x00, 0x00,
     0x00, 0x00, 0x00, 0x00, 0x00, 0x00, 0x00, 0x00, 0x00, 0x00, 0x00, 0x00,
     0x00, 0x00, 0x00, 0x00, 0x00, 0x00, 0x00, 0x00, 0x00, 0x00, 0x00, 0x00,
     0x00, 0x00, 0x00, 0x00},
    {0x00, 0x00, 0x00, 0x00, 0x00, 0x00, 0x00, 0x00, 0x00, 0x00, 0x00, 0x00,
     0x00, 0x00, 0x00, 0x00, 0x00, 0x00, 0x00, 0x00, 0x00, 0x00, 0x00, 0x00,
     0x00, 0x00, 0x00, 0x00, 0x00, 0x00, 0x00, 0x00, 0x00, 0x00, 0x00, 0x00,
     0x00, 0x00, 0x00, 0x00, 0x00, 0x00, 0x00, 0x00, 0x00, 0x00, 0x00, 0x00,
     0x00, 0x00, 0x00, 0x00, 0x00, 0x00, 0x00, 0x00, 0x00, 0x00, 0x00, 0x00,
     0x00, 0x00, 0x00, 0x00, 0x01, 0xff, 0xff, 0xff, 0xff, 0xff, 0xff, 0xff,
     0xff, 0xff, 0xff, 0xff, 0xff, 0xff, 0xff, 0x80, 0x01, 0xff, 0xff, 0xff,
     0xff, 0xff, 0xff, 0xff, 0xff, 0xff, 0xff, 0xff, 0xff, 0xff, 0xff, 0x80,
     0x01, 0xff, 0xff, 0xff, 0xff, 0xff, 0xff, 0xff, 0xff, 0xff, 0xff, 0xff,
     0xff, 0xff, 0xff, 0x80, 0x01, 0xff, 0xff, 0xff, 0xff, 0xff, 0xff, 0xff,
     0xff, 0xff, 0xff, 0xff, 0xff, 0xff, 0xff, 0x80, 0x01, 0xff, 0xff, 0xff,
     0xff, 0xff, 0xff, 0xe0, 0x00, 0xff, 0xff, 0xff, 0xff, 0xff, 0xff, 0x80,
     0x01, 0xff, 0xff, 0xff, 0xff, 0xff, 0xff, 0x10, 0xc2, 0x1f, 0xff, 0xff,
     0xff, 0xff, 0xff, 0x80, 0x01, 0xff, 0xff, 0xff, 0xff, 0xff, 0xf0, 0x38,
     0xc7, 0x01, 0xff, 0xff, 0xff, 0xff, 0xff, 0x80, 0x01, 0xff, 0xff, 0xff,
     0xff, 0xff, 0xcf, 0xdf, 0xfe, 0xfc, 0xff, 0xff, 0xff, 0xff, 0xff, 0x80,
     0x01, 0xff, 0xff, 0xff, 0xff, 0xff, 0xdf, 0xff, 0xff, 0xfe, 0x7f, 0xff,
     0xff, 0xff, 0xff, 0x80, 0x01, 0xff, 0xff, 0xff, 0xff, 0xff, 0xbf, 0xf9,
     0xe7, 0xff, 0x7f, 0xff, 0xff, 0xff, 0xff, 0x80, 0x01, 0xff, 0xff, 0xff,
     0xff, 0xff, 0xbf, 0xfc, 0xef, 0xff, 0xbf, 0xff, 0xff, 0xff, 0xff, 0x80,
     0x01, 0xff, 0xff, 0xff, 0xff, 0xff, 0x7f, 0xff, 0xff, 0xff, 0xbf, 0xff,
     0xff, 0xff, 0xff, 0x80, 0x01, 0xff, 0xff, 0xff, 0xff, 0xfe, 0x7f, 0xff,
     0xff, 0xff, 0xdf, 0xff, 0xff, 0xff, 0xff, 0x80, 0x01, 0xff, 0xff, 0xff,
     0xff, 0xfe, 0xff, 0xff, 0x3f, 0xff, 0xef, 0xff, 0xff, 0xff, 0xff, 0x80,
     0x01, 0xff, 0xff, 0xff, 0xff, 0xfd, 0xff, 0xff, 0xff, 0xff, 0xef, 0xff,
     0xff, 0xff, 0xff, 0x80, 0x01, 0xff, 0xff, 0xff, 0xff, 0xfd, 0xf9, 0xff,
     0xff, 0xe7, 0xf7, 0xff, 0xff, 0xff, 0xff, 0x80, 0x01, 0xff, 0xff, 0xff,
     0xff, 0xf9, 0xfc, 0x7f, 0xff, 0x87, 0xf7, 0xff, 0xff, 0xff, 0xff, 0x80,
     0x01, 0xff, 0xff, 0xff, 0xff, 0xfb, 0xc0, 0x3f, 0xff, 0x00, 0xf3, 0xff,
     0xff, 0xff, 0xff, 0x80, 0x01, 0xff, 0xff, 0xff, 0xff, 0xf9, 0x87, 0x1f,
     0xff, 0x7c, 0x63, 0xff, 0xff, 0xff, 0xff, 0x80, 0x01, 0xff, 0xff, 0xff,
     0xff, 0xf9, 0xdf, 0xff, 0xff, 0xff, 0xe3, 0xff, 0xff, 0xff, 0xff, 0x80,
     0x01, 0xff, 0xff, 0xff, 0xff, 0xf9, 0xff, 0xff, 0xff, 0xff, 0xfb, 0xff,
     0xff, 0xff, 0xff, 0x80, 0x01, 0xff, 0xff, 0xff, 0xff, 0xfb, 0xff, 0xfd,
     0xf7, 0xff, 0x1b, 0xff, 0xff, 0xff, 0xff, 0x80, 0x01, 0xff, 0xff, 0xff,
     0xff, 0xfa, 0x1f, 0xfd, 0xff, 0xfe, 0x1b, 0xff, 0xff, 0xff, 0xff, 0x80,
     0x01, 0xff, 0xff, 0xff, 0xff, 0xfa, 0x1f, 0xf7, 0x3b, 0xff, 0x13, 0xff,
     0xff, 0xff, 0xff, 0x80, 0x01, 0xff, 0xff, 0xff, 0xff, 0xfb, 0xff, 0xf0,
     0x03, 0xff, 0xf7, 0xff, 0xff, 0xff, 0xff, 0x80, 0x01, 0xff, 0xff, 0xff,
     0xff, 0xfd, 0xff, 0xf8, 0x07, 0xff, 0xe7, 0xff, 0xff, 0xff, 0xff, 0x80,
     0x01, 0xff, 0xff, 0xff, 0xff, 0xfc, 0xff, 0xf8, 0xe7, 0xff, 0xef, 0xff,
     0xff, 0xff, 0xff, 0x80, 0x01, 0xff, 0xff, 0xff, 0xff, 0xfe, 0x7f, 0xfd,
     0xf7, 0xff, 0xdf, 0xff, 0xff, 0xff, 0xff, 0x80, 0x01, 0xff, 0xff, 0xff,
     0xff, 0xff, 0x3f, 0xfc, 0xef, 0xff, 0xbf, 0xff, 0xff, 0xff, 0xff, 0x80,
     0x01, 0xff, 0xff, 0xff, 0xff, 0xff, 0x9f, 0xfe, 0x1f, 0xfe, 0x7f, 0xff,
     0xff, 0xff, 0xff, 0x80, 0x01, 0xff, 0xff, 0xff, 0xff, 0xff, 0xe3, 0xff,
     0xff, 0xf9, 0xff, 0xff, 0xff, 0xff, 0xff, 0x80, 0x01, 0xff, 0xff, 0xff,
     0xff, 0xff, 0xf8, 0x7f, 0xff, 0x87, 0xff, 0xff, 0xff, 0xff, 0xff, 0x80,
     0x01, 0xff, 0xff, 0xff, 0xff, 0xff, 0xff, 0x03, 0xf8, 0x3f, 0xff, 0xff,
     0xff, 0xff, 0xff, 0x80, 0x01, 0xff, 0xff, 0xff, 0xff, 0xff, 0xfb, 0xf7,
     0xfd, 0xff, 0xff, 0xff, 0xff, 0xff, 0xff, 0x80, 0x01, 0xff, 0xff, 0xff,
     0xff, 0xff, 0xf4, 0xe7, 0xfd, 0xff, 0xff, 0xff, 0xff, 0xff, 0xff, 0x80,
     0x01, 0xff, 0xff, 0xff, 0xff, 0xff, 0xef, 0xdf, 0xf6, 0x61, 0xc3, 0xff,
     0xff, 0xff, 0xff, 0x80, 0x01, 0xff, 0xff, 0xff, 0xff, 0xff, 0xe6, 0x1f,
     0xff, 0x0d, 0x6e, 0xff, 0xff, 0xff, 0xff, 0x80, 0x01, 0xff, 0xff, 0xff,
     0xff, 0xff, 0xf7, 0xef, 0xfd, 0xfe, 0xf3, 0xff, 0xff, 0xff, 0xff, 0x80,
     0x01, 0xff, 0xff, 0xff, 0xff, 0xff, 0xfb, 0x8b, 0xfe, 0x7c, 0xef, 0xff,
     0xff, 0xff, 0xff, 0x80, 0x01, 0xff, 0xff, 0xff, 0xff, 0xff, 0xfe, 0x6f,
     0xfe, 0x80, 0xdf, 0xff, 0xff, 0xff, 0xff, 0x80, 0x01, 0xff, 0xff, 0xff,
     0xff, 0xff, 0xff, 0xef, 0xfc, 0xfb, 0xff, 0xff, 0xff, 0xff, 0xff, 0x80,
     0x01, 0xff, 0xff, 0xff, 0xff, 0xff, 0xff, 0xdf, 0xfe, 0xf5, 0x3f, 0xff,
     0xff, 0xff, 0xff, 0x80, 0x01, 0xff, 0xff, 0xff, 0xff, 0xff, 0xff, 0xcf,
     0xfc, 0x07, 0xbf, 0xff, 0xff, 0xff, 0xff, 0x80, 0x01, 0xff, 0xff, 0xff,
     0xff, 0xff, 0xff, 0xdf, 0xfe, 0xb6, 0x7f, 0xff, 0xff, 0xff, 0xff, 0x80,
     0x01, 0xff, 0xff, 0xff, 0xff, 0xff, 0xff, 0xcb, 0xfe, 0xad, 0x7f, 0xff,
     0xff, 0xff, 0xff, 0x80, 0x01, 0xff, 0xff, 0xff, 0xff, 0xff, 0xff, 0xdf,
     0xf4, 0xfa, 0xff, 0xff, 0xff, 0xff, 0xff, 0x80, 0x01, 0xff, 0xff, 0xff,
     0xff, 0xff, 0xff, 0x99, 0xfe, 0xe5, 0xff, 0xff, 0xff, 0xff, 0xff, 0x80,
     0x01, 0xff, 0xff, 0xff, 0xff, 0xff, 0xff, 0xb8, 0x0f, 0xf3, 0xff, 0xff,
     0xff, 0xff, 0xff, 0x80, 0x01, 0xff, 0xff, 0xff, 0xff, 0xff, 0xff, 0x9b,
     0xbc, 0xcf, 0xff, 0xff, 0xff, 0xff, 0xff, 0x80, 0x01, 0xff, 0xff, 0xff,
     0xff, 0xff, 0xff, 0xdf, 0xe6, 0x7f, 0xff, 0xff, 0xff, 0xff, 0xff, 0x80,
     0x01, 0xff, 0xff, 0xff, 0xff, 0xff, 0xff, 0xdf, 0xfc, 0xff, 0xff, 0xff,
     0xff, 0xff, 0xff, 0x80, 0x01, 0xff, 0xff, 0xff, 0xff, 0xff, 0xff, 0xb7,
     0xef, 0x7f, 0xff, 0xff, 0xff, 0xff, 0xff, 0x80, 0x01, 0xff, 0xff, 0xff,
     0xff, 0xff, 0xff, 0xdf, 0xf0, 0x7f, 0xff, 0xff, 0xff, 0xff, 0xff, 0x80,
     0x01, 0xff, 0xff, 0xff, 0xff, 0xff, 0xff, 0xff, 0xff, 0xff, 0xff, 0xff,
     0xff, 0xff, 0xff, 0x80, 0x01, 0xff, 0xff, 0xff, 0xff, 0xff, 0xff, 0xff,
     0xff, 0xff, 0xff, 0xff, 0xff, 0xff, 0xff, 0x80, 0x01, 0xff, 0xff, 0xff,
     0xff, 0xff, 0xff, 0xff, 0xff, 0xff, 0xff, 0xff, 0xff, 0xff, 0xff, 0x80,
     0x00, 0x00, 0x00, 0x00, 0x00, 0x00, 0x00, 0x00, 0x00, 0x00, 0x00, 0x00,
     0x00, 0x00, 0x00, 0x00, 0x00, 0x00, 0x00, 0x00, 0x00, 0x00, 0x00, 0x00,
     0x00, 0x00, 0x00, 0x00, 0x00, 0x00, 0x00, 0x00, 0x00, 0x00, 0x00, 0x00,
     0x00, 0x00, 0x00, 0x00, 0x00, 0x00, 0x00, 0x00, 0x00, 0x00, 0x00, 0x00,
     0x00, 0x00, 0x00, 0x00, 0x00, 0x00, 0x00, 0x00, 0x00, 0x00, 0x00, 0x00,
     0x00, 0x00, 0x00, 0x00},
    {0x00, 0x00, 0x00, 0x00, 0x00, 0x00, 0x00, 0x00, 0x00, 0x00, 0x00, 0x00,
     0x00, 0x00, 0x00, 0x00, 0x00, 0x00, 0x00, 0x00, 0x00, 0x00, 0x00, 0x00,
     0x00, 0x00, 0x00, 0x00, 0x00, 0x00, 0x00, 0x00, 0x00, 0x00, 0x00, 0x00,
     0x00, 0x00, 0x00, 0x00, 0x00, 0x00, 0x00, 0x00, 0x00, 0x00, 0x00, 0x00,
     0x00, 0x00, 0x00, 0x00, 0x00, 0x00, 0x00, 0x00, 0x00, 0x00, 0x00, 0x00,
     0x00, 0x00, 0x00, 0x00, 0x01, 0xff, 0xff, 0xff, 0xff, 0xff, 0xff, 0xff,
     0xff, 0xff, 0xff, 0xff, 0xff, 0xff, 0xff, 0x80, 0x01, 0xff, 0xff, 0xff,
     0xff, 0xff, 0xff, 0xff, 0xff, 0xff, 0xff, 0xff, 0xff, 0xff, 0xff, 0x80,
     0x01, 0xff, 0xff, 0xff, 0xff, 0xff, 0xff, 0xff, 0xff, 0xff, 0xff, 0xff,
     0xff, 0xff, 0xff, 0x80, 0x01, 0xff, 0xff, 0xff, 0xff, 0xff, 0xff, 0xff,
     0xff, 0xff, 0xff, 0xff, 0xff, 0xff, 0xff, 0x80, 0x01, 0xff, 0xff, 0xff,
     0xff, 0xff, 0xff, 0xfe, 0x0f, 0xff, 0xff, 0xff, 0xff, 0xff, 0xff, 0x80,
     0x01, 0xff, 0xff, 0xff, 0xff, 0xff, 0xff, 0xc0, 0x00, 0x7f, 0xff, 0xff,
     0xff, 0xff, 0xff, 0x80, 0x01, 0xff, 0xff, 0xff, 0xff, 0xff, 0xfc, 0x38,
     0xe1, 0x8f, 0xff, 0xff, 0xff, 0xff, 0xff, 0x80, 0x01, 0xff, 0xff, 0xff,
     0xff, 0xff, 0xf3, 0x9c, 0x67, 0x01, 0xff, 0xff, 0xff, 0xff, 0xff, 0x80,
     0x01, 0xff, 0xff, 0xff, 0xff, 0xff, 0xcf, 0xef, 0xfe, 0xfe, 0xff, 0xff,
     0xff, 0xff, 0xff, 0x80, 0x01, 0xff, 0xff, 0xff, 0xff, 0xff, 0xdf, 0xff,
     0xff, 0xff, 0x7f, 0xff, 0xff, 0xff, 0xff, 0x80, 0x01, 0xff, 0xff, 0xff,
     0xff, 0xff, 0xbf, 0xfc, 0xe7, 0xff, 0xbf, 0xff, 0xff, 0xff, 0xff, 0x80,
     0x01, 0xff, 0xff, 0xff, 0xff, 0xff, 0xbf, 0xfe, 0xe7, 0xff, 0xbf, 0xff,
     0xff, 0xff, 0xff, 0x80, 0x01, 0xff, 0xff, 0xff, 0xff, 0xff, 0x3f, 0xff,
     0xff, 0xff, 0x9f, 0xff, 0xff, 0xff, 0xff, 0x80, 0x01, 0xff, 0xff, 0xff,
     0xff, 0xfe, 0x7f, 0xff, 0xbf, 0xff, 0xcf, 0xff, 0xff, 0xff, 0xff, 0x80,
     0x01, 0xff, 0xff, 0xff, 0xff, 0xfe, 0xff, 0xff, 0xbf, 0xff, 0xef, 0xff,
     0xff, 0xff, 0xff, 0x80, 0x01, 0xff, 0xff, 0xff, 0xff, 0xfc, 0xff, 0xff,
     0xff, 0xff, 0xe7, 0xff, 0xff, 0xff, 0xff, 0x80, 0x01, 0xff, 0xff, 0xff,
     0xff, 0xfd, 0xf8, 0x7f, 0xff, 0xe3, 0xf7, 0xff, 0xff, 0xff, 0xff, 0x80,
     0x01, 0xff, 0xff, 0xff, 0xff, 0xf9, 0xd0, 0x3f, 0xff, 0x87, 0x73, 0xff,
     0xff, 0xff, 0xff, 0x80, 0x01, 0xff, 0xff, 0xff, 0xff, 0xf9, 0xa0, 0x1f,
     0xff, 0x00, 0xfb, 0xff, 0xff, 0xff, 0xff, 0x80, 0x01, 0xff, 0xff, 0xff,
     0xff, 0xf8, 0xcf, 0xdf, 0xff, 0x3c, 0x63, 0xff, 0xff, 0xff, 0xff, 0x80,
     0x01, 0xff, 0xff, 0xff, 0xff, 0xf9, 0xff, 0xff, 0xff, 0xff, 0xe3, 0xff,
     0xff, 0xff, 0xff, 0x80, 0x01, 0xff, 0xff, 0xff, 0xff, 0xfb, 0xff, 0xff,
     0xff, 0xff, 0xfb, 0xff, 0xff, 0xff, 0xff, 0x80, 0x01, 0xff, 0xff, 0xff,
     0xff, 0xfb, 0x1f, 0xfd, 0xf7, 0xff, 0x1b, 0xff, 0xff, 0xff, 0xff, 0x80,
     0x01, 0xff, 0xff, 0xff, 0xff, 0xfa, 0x0f, 0xff, 0xff, 0xfe, 0x0b, 0xff,
     0xff, 0xff, 0xff, 0x80, 0x01, 0xff, 0xff, 0xff, 0xff, 0xfb, 0xff, 0xf7,
     0x3f, 0xff, 0x1b, 0xff, 0xff, 0xff, 0xff, 0x80, 0x01, 0xff, 0xff, 0xff,
     0xff, 0xfd, 0xff, 0xf8, 0x03, 0xff, 0xf3, 0xff, 0xff, 0xff, 0xff, 0x80,
     0x01, 0xff, 0xff, 0xff, 0xff, 0xfc, 0xff, 0xf8, 0x07, 0xff, 0xf7, 0xff,
     0xff, 0xff, 0xff, 0x80, 0x01, 0xff, 0xff, 0xff, 0xff, 0xfe, 0xff, 0xfd,
     0xe7, 0xff, 0xef, 0xff, 0xff, 0xff, 0xff, 0x80, 0x01, 0xff, 0xff, 0xff,
     0xff, 0xff, 0x7f, 0xfd, 0xe7, 0xff, 0xcf, 0xff, 0xff, 0xff, 0xff, 0x80,
     0x01, 0xff, 0xff, 0xff, 0xff, 0xff, 0x9f, 0xfe, 0x4f, 0xff, 0x9f, 0xff,
     0xff, 0xff, 0xff, 0x80, 0x01, 0xff, 0xff, 0xff, 0xff, 0xff, 0xc7, 0xff,
     0xff, 0xfe, 0x7f, 0xff, 0xff, 0xff, 0xff, 0x80, 0x01, 0xff, 0xff, 0xff,
     0xff, 0xff, 0xf1, 0xff, 0xff, 0xf9, 0xff, 0xff, 0xff, 0xff, 0xff, 0x80,
     0x01, 0xff, 0xff, 0xff, 0xff, 0xff, 0xfe, 0x1f, 0xff, 0x87, 0xff, 0xff,
     0xff, 0xff, 0xff, 0x80, 0x01, 0xff, 0xff, 0xff, 0xff, 0xff, 0xff, 0xc1,
     0xf0, 0x3f, 0xff, 0xff, 0xff, 0xff, 0xff, 0x80, 0x01, 0xff, 0xff, 0xff,
     0xff, 0xff, 0xff, 0xf7, 0xfd, 0xff, 0xff, 0xff, 0xff, 0xff, 0xff, 0x80,
     0x01, 0xff, 0xff, 0xff, 0xff, 0xff, 0xff, 0xe7, 0xf8, 0xff, 0xff, 0xff,
     0xff, 0xff, 0xff, 0x80, 0x01, 0xff, 0xff, 0xff, 0xff, 0xff, 0xf0, 0xdf,
     0xff, 0x7f, 0xff, 0xff, 0xff, 0xff, 0xff, 0x80, 0x01, 0xff, 0xff, 0xff,
     0xff, 0xff, 0xf6, 0x5f, 0xff, 0x8d, 0xff, 0xff, 0xff, 0xff, 0xff, 0x80,
     0x01, 0xff, 0xff, 0xff, 0xff, 0xff, 0xef, 0xeb, 0xfd, 0xed, 0xff, 0xff,
     0xff, 0xff, 0xff, 0x80, 0x01, 0xff, 0xff, 0xff, 0xff, 0xff, 0xf7, 0xcb,
     0xfe, 0x7d, 0xff, 0x7f, 0xff, 0xff, 0xff, 0x80, 0x01, 0xff, 0xff, 0xff,
     0xff, 0xff, 0xf0, 0x2f, 0xfe, 0xbd, 0xff, 0xff, 0xff, 0xff, 0xff, 0x80,
     0x01, 0xff, 0xff, 0xff, 0xff, 0xff, 0xff, 0xff, 0xfc, 0xe3, 0xee, 0xff,
     0xff, 0xff, 0xff, 0x80, 0x01, 0xff, 0xff, 0xff, 0xff, 0xff, 0xff, 0xdf,
     0xfa, 0xff, 0xbd, 0xff, 0xff, 0xff, 0xff, 0x80, 0x01, 0xff, 0xff, 0xff,
     0xff, 0xff, 0xff, 0xcf, 0xfc, 0xfe, 0x3b, 0xff, 0xff, 0xff, 0xff, 0x80,
     0x01, 0xff, 0xff, 0xff, 0xff, 0xff, 0xff, 0xdf, 0xfe, 0x03, 0xf7, 0xff,
     0xff, 0xff, 0xff, 0x80, 0x01, 0xff, 0xff, 0xff, 0xff, 0xff, 0xff, 0x8b,
     0xfc, 0xb2, 0xef, 0xff, 0xff, 0xff, 0xff, 0x80, 0x01, 0xff, 0xff, 0xff,
     0xff, 0xff, 0xff, 0x77, 0xf6, 0xab, 0x9f, 0xff, 0xff, 0xff, 0xff, 0x80,
     0x01, 0xff, 0xff, 0xff, 0xff, 0xff, 0xff, 0x79, 0xe4, 0x7e, 0x9f, 0xff,
     0xff, 0xff, 0xff, 0x80, 0x01, 0xff, 0xff, 0xff, 0xff, 0xff, 0xfe, 0x76,
     0x07, 0x07, 0x7f, 0xff, 0xff, 0xff, 0xff, 0x80, 0x01, 0xff, 0xff, 0xff,
     0xff, 0xff, 0xfd, 0xef, 0x96, 0xfc, 0xff, 0xff, 0xff, 0xff, 0xff, 0x80,
     0x01, 0xff, 0xff, 0xff, 0xff, 0xff, 0xfe, 0x6f, 0xee, 0x07, 0xff, 0xff,
     0xff, 0xff, 0xff, 0x80, 0x01, 0xff, 0xff, 0xff, 0xff, 0xff, 0xff, 0xdf,
     0xef, 0x7f, 0xff, 0xff, 0xff, 0xff, 0xff, 0x80, 0x01, 0xff, 0xff, 0xff,
     0xff, 0xff, 0xff, 0xff, 0xf0, 0x7f, 0xff, 0xff, 0xff, 0xff, 0xff, 0x80,
     0x01, 0xff, 0xff, 0xff, 0xff, 0xff, 0xff, 0xff, 0xff, 0xff, 0xff, 0xff,
     0xff, 0xff, 0xff, 0x80, 0x01, 0xff, 0xff, 0xff, 0xff, 0xff, 0xff, 0xff,
     0xff, 0xff, 0xff, 0xff, 0xff, 0xff, 0xff, 0x80, 0x01, 0xff, 0xff, 0xff,
     0xff, 0xff, 0xff, 0xff, 0xff, 0xff, 0xff, 0xff, 0xff, 0xff, 0xff, 0x80,
     0x00, 0x00, 0x00, 0x00, 0x00, 0x00, 0x00, 0x00, 0x00, 0x00, 0x00, 0x00,
     0x00, 0x00, 0x00, 0x00, 0x00, 0x00, 0x00, 0x00, 0x00, 0x00, 0x00, 0x00,
     0x00, 0x00, 0x00, 0x00, 0x00, 0x00, 0x00, 0x00, 0x00, 0x00, 0x00, 0x00,
     0x00, 0x00, 0x00, 0x00, 0x00, 0x00, 0x00, 0x00, 0x00, 0x00, 0x00, 0x00,
     0x00, 0x00, 0x00, 0x00, 0x00, 0x00, 0x00, 0x00, 0x00, 0x00, 0x00, 0x00,
     0x00, 0x00, 0x00, 0x00},
    {0x00, 0x00, 0x00, 0x00, 0x00, 0x00, 0x00, 0x00, 0x00, 0x00, 0x00, 0x00,
     0x00, 0x00, 0x00, 0x00, 0x00, 0x00, 0x00, 0x00, 0x00, 0x00, 0x00, 0x00,
     0x00, 0x00, 0x00, 0x00, 0x00, 0x00, 0x00, 0x00, 0x00, 0x00, 0x00, 0x00,
     0x00, 0x00, 0x00, 0x00, 0x00, 0x00, 0x00, 0x00, 0x00, 0x00, 0x00, 0x00,
     0x00, 0x00, 0x00, 0x00, 0x00, 0x00, 0x00, 0x00, 0x00, 0x00, 0x00, 0x00,
     0x00, 0x00, 0x00, 0x00, 0x01, 0xff, 0xff, 0xff, 0xff, 0xff, 0xff, 0xff,
     0xff, 0xff, 0xff, 0xff, 0xff, 0xff, 0xff, 0x80, 0x01, 0xff, 0xff, 0xff,
     0xff, 0xff, 0xff, 0xff, 0xff, 0xff, 0xff, 0xff, 0xff, 0xff, 0xff, 0x80,
     0x01, 0xff, 0xff, 0xff, 0xff, 0xff, 0xff, 0xff, 0xff, 0xff, 0xff, 0xff,
     0xff, 0xff, 0xff, 0x80, 0x01, 0xff, 0xff, 0xff, 0xff, 0xff, 0xff, 0xff,
     0xff, 0xff, 0xff, 0xff, 0xff, 0xff, 0xff, 0x80, 0x01, 0xff, 0xff, 0xff,
     0xff, 0xff, 0xff, 0xc0, 0x00, 0xff, 0xff, 0xff, 0xff, 0xff, 0xff, 0x80,
     0x01, 0xff, 0xff, 0xff, 0xff, 0xff, 0xf8, 0x30, 0xc2, 0x1f, 0xff, 0xff,
     0xff, 0xff, 0xff, 0x80, 0x01, 0xff, 0xff, 0xff, 0xff, 0xff, 0xc7, 0x38,
     0xc7, 0x01, 0xff, 0xff, 0xff, 0xff, 0xff, 0x80, 0x01, 0xff, 0xff, 0xff,
     0xff, 0xff, 0x9f, 0xdf, 0xfe, 0xfe, 0xff, 0xff, 0xff, 0xff, 0xff, 0x80,
     0x01, 0xff, 0xff, 0xff, 0xff, 0xff, 0xbf, 0xff, 0xff, 0xff, 0x7f, 0xff,
     0xff, 0xff, 0xff, 0x80, 0x01, 0xff, 0xff, 0xff, 0xff, 0xff, 0x7f, 0xf9,
     0xe7, 0xff, 0x3f, 0xff, 0xff, 0xff, 0xff, 0x80, 0x01, 0xff, 0xff, 0xff,
     0xff, 0xff, 0x70, 0xfd, 0xcf, 0xe5, 0xbf, 0xff, 0xff, 0xff, 0xff, 0x80,
     0x01, 0xff, 0xff, 0xff, 0xff, 0xff, 0x20, 0x7f, 0xff, 0x81, 0x3f, 0xff,
     0xff, 0xff, 0xff, 0x80, 0x01, 0xff, 0xff, 0xff, 0xff, 0xfe, 0x58, 0x7f,
     0xff, 0x70, 0x9f, 0xff, 0xff, 0xff, 0xff, 0x80, 0x01, 0xff, 0xff, 0xff,
     0xff, 0xfc, 0x5c, 0x3f, 0x3f, 0x70, 0x9f, 0xff, 0xff, 0xff, 0xff, 0x80,
     0x01, 0xff, 0xff, 0xff, 0xff, 0xfc, 0xd8, 0x3f, 0xfe, 0x70, 0xaf, 0xff,
     0xff, 0xff, 0xff, 0x80, 0x01, 0xff, 0xff, 0xff, 0xff, 0xfa, 0xc0, 0x1f,
     0xfe, 0x00, 0xaf, 0xff, 0xff, 0xff, 0xff, 0x80, 0x01, 0xff, 0xff, 0xff,
     0xff, 0xfb, 0x40, 0x1f, 0xfe, 0x00, 0xb7, 0xff, 0xff, 0xff, 0xff, 0x80,
     0x01, 0xff, 0xff, 0xff, 0xff, 0xfb, 0x41, 0x3f, 0xfe, 0x04, 0xb7, 0xff,
     0xff, 0xff, 0xff, 0x80, 0x01, 0xff, 0xff, 0xff, 0xff, 0xf1, 0xa1, 0x3f,
     0xff, 0x05, 0x67, 0xff, 0xff, 0xff, 0xff, 0x80, 0x01, 0xff, 0xff, 0xff,
     0xff, 0xf1, 0x90, 0x7f, 0xff, 0x02, 0x63, 0xff, 0xff, 0xff, 0xff, 0x80,
     0x01, 0xff, 0xff, 0xff, 0xff, 0xf7, 0xe1, 0xff, 0xff, 0xc1, 0xf3, 0xff,
     0xff, 0xff, 0xff, 0x80, 0x01, 0xff, 0xff, 0xff, 0xff, 0xf6, 0x3f, 0xfb,
     0xe7, 0xff, 0xf3, 0xff, 0xff, 0xff, 0xff, 0x80, 0x01, 0xff, 0xff, 0xff,
     0xff, 0xf6, 0x1f, 0xff, 0xef, 0xfe, 0x17, 0xff, 0xff, 0xff, 0xff, 0x80,
     0x01, 0xff, 0xff, 0xff, 0xff, 0xfb, 0x3f, 0xff, 0xff, 0xfe, 0x17, 0xff,
     0xff, 0xff, 0xff, 0x80, 0x01, 0xff, 0xff, 0xff, 0xff, 0xfb, 0xff, 0xff,
     0xff, 0xff, 0xf7, 0xff, 0xff, 0xff, 0xff, 0x80, 0x01, 0xff, 0xff, 0xff,
     0xff, 0xf9, 0xff, 0xf9, 0xe7, 0xff, 0xef, 0xff, 0xff, 0xff, 0xff, 0x80,
     0x01, 0xff, 0xff, 0xff, 0xff, 0xfd, 0xff, 0xfc, 0x9f, 0xff, 0xcf, 0xff,
     0xff, 0xff, 0xff, 0x80, 0x01, 0xff, 0xff, 0xff, 0xff, 0xfe, 0xff, 0xff,
     0xff, 0xff, 0xdf, 0xff, 0xff, 0xff, 0xff, 0x80, 0x01, 0xff, 0xff, 0xff,
     0xff, 0xff, 0x3f, 0xff, 0xff, 0xff, 0x3f, 0xff, 0xff, 0xff, 0xff, 0x80,
     0x01, 0xff, 0xff, 0xff, 0xff, 0xff, 0x9f, 0xff, 0xff, 0xfe, 0x7f, 0xff,
     0xff, 0xff, 0xff, 0x80, 0x01, 0xff, 0xff, 0xff, 0xff, 0xff, 0xe3, 0xff,
     0xff, 0xf1, 0xff, 0xff, 0xff, 0xff, 0xff, 0x80, 0x01, 0xff, 0xff, 0xff,
     0xff, 0xff, 0xf8, 0x7f, 0xff, 0x87, 0xff, 0xff, 0xff, 0xff, 0xff, 0x80,
     0x01, 0xff, 0xff, 0xff, 0xff, 0xff, 0xff, 0x83, 0xf0, 0x3f, 0xff, 0xff,
     0xff, 0xff, 0xff, 0x80, 0x01, 0xff, 0xff, 0xff, 0xff, 0xff, 0xff, 0xef,
     0xff, 0xff, 0xff, 0xff, 0xff, 0xff, 0xff, 0x80, 0x01, 0xff, 0xff, 0xff,
     0xff, 0xff, 0xf5, 0xe3, 0xf9, 0xff, 0xff, 0xff, 0xff, 0xff, 0xff, 0x80,
     0x01, 0xff, 0xff, 0xff, 0xff, 0xff, 0xeb, 0x9b, 0xfe, 0xcb, 0xff, 0xff,
     0xff, 0xff, 0xff, 0x80, 0x01, 0xff, 0xff, 0xff, 0xff, 0xff, 0xdc, 0x7f,
     0xfe, 0x1d, 0xff, 0xff, 0xff, 0xff, 0xff, 0x80, 0x01, 0xff, 0xff, 0xff,
     0xff, 0xff, 0xef, 0xef, 0xfd, 0xfb, 0xff, 0xff, 0xff, 0xff, 0xff, 0x80,
     0x01, 0xff, 0xff, 0xff, 0xff, 0xff, 0xe7, 0x9f, 0xf4, 0xfb, 0xf7, 0xff,
     0xff, 0xff, 0xff, 0x80, 0x01, 0xff, 0xff, 0xff, 0xff, 0xff, 0xf8, 0xdf,
     0xf5, 0x0e, 0xf7, 0xff, 0xff, 0xff, 0xff, 0x80, 0x01, 0xff, 0xff, 0xff,
     0xff, 0xff, 0xff, 0xcf, 0xfd, 0xfc, 0x7f, 0x7f, 0xff, 0xff, 0xff, 0x80,
     0x01, 0xff, 0xff, 0xff, 0xff, 0xff, 0xff, 0xd7, 0xfe, 0xfb, 0xee, 0x7f,
     0xff, 0xff, 0xff, 0x80, 0x01, 0xff, 0xff, 0xff, 0xff, 0xff, 0xff, 0xc7,
     0xf8, 0xc5, 0xdf, 0xff, 0xff, 0xff, 0xff, 0x80, 0x01, 0xff, 0xff, 0xff,
     0xff, 0xff, 0xff, 0xdf, 0xfd, 0x37, 0xbf, 0xff, 0xff, 0xff, 0xff, 0x80,
     0x01, 0xff, 0xff, 0xff, 0xff, 0xff, 0xff, 0xbf, 0xf5, 0xbf, 0x7f, 0xff,
     0xff, 0xff, 0xff, 0x80, 0x01, 0xff, 0xff, 0xff, 0xff, 0xff, 0xff, 0x4b,
     0xfe, 0xfd, 0x7f, 0xff, 0xff, 0xff, 0xff, 0x80, 0x01, 0xff, 0xff, 0xff,
     0xff, 0xff, 0xff, 0x77, 0xe4, 0xf4, 0xff, 0xff, 0xff, 0xff, 0xff, 0x80,
     0x01, 0xff, 0xff, 0xff, 0xff, 0xff, 0xff, 0x74, 0x0e, 0xf9, 0xff, 0xff,
     0xff, 0xff, 0xff, 0x80, 0x01, 0xff, 0xff, 0xff, 0xff, 0xff, 0xff, 0xff,
     0x2c, 0xa7, 0xff, 0xff, 0xff, 0xff, 0xff, 0x80, 0x01, 0xff, 0xff, 0xff,
     0xff, 0xff, 0xfe, 0xf7, 0xee, 0x3f, 0xff, 0xff, 0xff, 0xff, 0xff, 0x80,
     0x01, 0xff, 0xff, 0xff, 0xff, 0xff, 0xfe, 0x0f, 0xfc, 0xff, 0xff, 0xff,
     0xff, 0xff, 0xff, 0x80, 0x01, 0xff, 0xff, 0xff, 0xff, 0xff, 0xff, 0xff,
     0xef, 0x7f, 0xff, 0xff, 0xff, 0xff, 0xff, 0x80, 0x01, 0xff, 0xff, 0xff,
     0xff, 0xff, 0xff, 0xff, 0xf0, 0x7f, 0xff, 0xff, 0xff, 0xff, 0xff, 0x80,
     0x01, 0xff, 0xff, 0xff, 0xff, 0xff, 0xff, 0xff, 0xff, 0xff, 0xff, 0xff,
     0xff, 0xff, 0xff, 0x80, 0x01, 0xff, 0xff, 0xff, 0xff, 0xff, 0xff, 0xff,
     0xff, 0xff, 0xff, 0xff, 0xff, 0xff, 0xff, 0x80, 0x01, 0xff, 0xff, 0xff,
     0xff, 0xff, 0xff, 0xff, 0xff, 0xff, 0xff, 0xff, 0xff, 0xff, 0xff, 0x80,
     0x00, 0x00, 0x00, 0x00, 0x00, 0x00, 0x00, 0x00, 0x00, 0x00, 0x00, 0x00,
     0x00, 0x00, 0x00, 0x00, 0x00, 0x00, 0x00, 0x00, 0x00, 0x00, 0x00, 0x00,
     0x00, 0x00, 0x00, 0x00, 0x00, 0x00, 0x00, 0x00, 0x00, 0x00, 0x00, 0x00,
     0x00, 0x00, 0x00, 0x00, 0x00, 0x00, 0x00, 0x00, 0x00, 0x00, 0x00, 0x00,
     0x00, 0x00, 0x00, 0x00, 0x00, 0x00, 0x00, 0x00, 0x00, 0x00, 0x00, 0x00,
     0x00, 0x00, 0x00, 0x00},
    {0x00, 0x00, 0x00, 0x00, 0x00, 0x00, 0x00, 0x00, 0x00, 0x00, 0x00, 0x00,
     0x00, 0x00, 0x00, 0x00, 0x00, 0x00, 0x00, 0x00, 0x00, 0x00, 0x00, 0x00,
     0x00, 0x00, 0x00, 0x00, 0x00, 0x00, 0x00, 0x00, 0x00, 0x00, 0x00, 0x00,
     0x00, 0x00, 0x00, 0x00, 0x00, 0x00, 0x00, 0x00, 0x00, 0x00, 0x00, 0x00,
     0x00, 0x00, 0x00, 0x00, 0x00, 0x00, 0x00, 0x00, 0x00, 0x00, 0x00, 0x00,
     0x00, 0x00, 0x00, 0x00, 0x01, 0xff, 0xff, 0xff, 0xff, 0xff, 0xff, 0xff,
     0xff, 0xff, 0xff, 0xff, 0xff, 0xff, 0xff, 0x80, 0x01, 0xff, 0xff, 0xff,
     0xff, 0xff, 0xff, 0xff, 0xff, 0xff, 0xff, 0xff, 0xff, 0xff, 0xff, 0x80,
     0x01, 0xff, 0xff, 0xff, 0xff, 0xff, 0xff, 0xff, 0xff, 0xff, 0xff, 0xff,
     0xff, 0xff, 0xff, 0x80, 0x01, 0xff, 0xff, 0xff, 0xff, 0xff, 0xff, 0xff,
     0xff, 0xff, 0xff, 0xff, 0xff, 0xff, 0xff, 0x80, 0x01, 0xff, 0xff, 0xff,
     0xff, 0xff, 0xff, 0xf0, 0x0f, 0xff, 0xff, 0xff, 0xff, 0xff, 0xff, 0x80,
     0x01, 0xff, 0xff, 0xff, 0xff, 0xff, 0xff, 0x01, 0xc0, 0xff, 0xff, 0xff,
     0xff, 0xff, 0xff, 0x80, 0x01, 0xff, 0xff, 0xff, 0xff, 0xff, 0xe0, 0x71,
     0xc7, 0x07, 0xff, 0xff, 0xff, 0xff, 0xff, 0x80, 0x01, 0xff, 0xff, 0xff,
     0xff, 0xff, 0x9f, 0x39, 0x8e, 0x79, 0xff, 0xff, 0xff, 0xff, 0xff, 0x80,
     0x01, 0xff, 0xff, 0xff, 0xff, 0xff, 0x3f, 0xdf, 0xfd, 0xfe, 0xff, 0xff,
     0xff, 0xff, 0xff, 0x80, 0x01, 0xff, 0xff, 0xff, 0xff, 0xfe, 0x7f, 0xfb,
     0xff, 0xfe, 0x7f, 0xff, 0xff, 0xff, 0xff, 0x80, 0x01, 0xff, 0xff, 0xff,
     0xff, 0xfe, 0x81, 0xf9, 0xcf, 0xc1, 0x7f, 0xff, 0xff, 0xff, 0xff, 0x80,
     0x01, 0xff, 0xff, 0xff, 0xff, 0xfe, 0x60, 0xf9, 0xdf, 0x84, 0x7f, 0xff,
     0xff, 0xff, 0xff, 0x80, 0x01, 0xff, 0xff, 0xff, 0xff, 0xfc, 0x50, 0x7f,
     0xff, 0x03, 0x3f, 0xff, 0xff, 0xff, 0xff, 0x80, 0x01, 0xff, 0xff, 0xff,
     0xff, 0xfc, 0xb8, 0x7e, 0x7e, 0xe1, 0x3f, 0xff, 0xff, 0xff, 0xff, 0x80,
     0x01, 0xff, 0xff, 0xff, 0xff, 0xf8, 0xb8, 0x3f, 0x7e, 0xe1, 0x9f, 0xff,
     0xff, 0xff, 0xff, 0x80, 0x01, 0xff, 0xff, 0xff, 0xff, 0xfa, 0x80, 0x3f,
     0xfc, 0x40, 0x9f, 0xff, 0xff, 0xff, 0xff, 0x80, 0x01, 0xff, 0xff, 0xff,
     0xff, 0xf2, 0x80, 0x3f, 0xfc, 0x00, 0xaf, 0xff, 0xff, 0xff, 0xff, 0x80,
     0x01, 0xff, 0xff, 0xff, 0xff, 0xf6, 0x80, 0x3f, 0xfc, 0x01, 0x6f, 0xff,
     0xff, 0xff, 0xff, 0x80, 0x01, 0xff, 0xff, 0xff, 0xff, 0xf2, 0x83, 0x3f,
     0xfe, 0x0d, 0x6f, 0xff, 0xff, 0xff, 0xff, 0x80, 0x01, 0xff, 0xff, 0xff,
     0xff, 0xf3, 0x40, 0x7f, 0xfe, 0x02, 0x47, 0xff, 0xff, 0xff, 0xff, 0x80,
     0x01, 0xff, 0xff, 0xff, 0xff, 0xe3, 0x80, 0xff, 0xff, 0x04, 0xc7, 0xff,
     0xff, 0xff, 0xff, 0x80, 0x01, 0xff, 0xff, 0xff, 0xff, 0xef, 0xf7, 0xff,
     0xff, 0xc3, 0xf7, 0xff, 0xff, 0xff, 0xff, 0x80, 0x01, 0xff, 0xff, 0xff,
     0xff, 0xe4, 0x3f, 0xf3, 0xcf, 0xfe, 0x37, 0xff, 0xff, 0xff, 0xff, 0x80,
     0x01, 0xff, 0xff, 0xff, 0xff, 0xf4, 0x3f, 0xff, 0xff, 0xfc, 0x37, 0xff,
     0xff, 0xff, 0xff, 0x80, 0x01, 0xff, 0xff, 0xff, 0xff, 0xf7, 0xff, 0xff,
     0xff, 0xfe, 0x6f, 0xff, 0xff, 0xff, 0xff, 0x80, 0x01, 0xff, 0xff, 0xff,
     0xff, 0xf3, 0xff, 0xf7, 0xef, 0xff, 0xef, 0xff, 0xff, 0xff, 0xff, 0x80,
     0x01, 0xff, 0xff, 0xff, 0xff, 0xfb, 0xff, 0xf9, 0x9f, 0xff, 0xcf, 0xff,
     0xff, 0xff, 0xff, 0x80, 0x01, 0xff, 0xff, 0xff, 0xff, 0xfd, 0xff, 0xfc,
     0x3f, 0xff, 0x9f, 0xff, 0xff, 0xff, 0xff, 0x80, 0x01, 0xff, 0xff, 0xff,
     0xff, 0xfc, 0xff, 0xff, 0xff, 0xff, 0x3f, 0xff, 0xff, 0xff, 0xff, 0x80,
     0x01, 0xff, 0xff, 0xff, 0xff, 0xff, 0x7f, 0xff, 0xff, 0xfe, 0x7f, 0xff,
     0xff, 0xff, 0xff, 0x80, 0x01, 0xff, 0xff, 0xff, 0xff, 0xff, 0x9f, 0xff,
     0xff, 0xf8, 0xff, 0xff, 0xff, 0xff, 0xff, 0x80, 0x01, 0xff, 0xff, 0xff,
     0xff, 0xff, 0xe3, 0xff, 0xff, 0xe3, 0xff, 0xff, 0xff, 0xff, 0xff, 0x80,
     0x01, 0xff, 0xff, 0xff, 0xff, 0xff, 0xf8, 0x3f, 0xfe, 0x1f, 0xff, 0xff,
     0xff, 0xff, 0xff, 0x80, 0x01, 0xff, 0xff, 0xff, 0xff, 0xff, 0xff, 0x83,
     0xc1, 0xff, 0xff, 0xff, 0xff, 0xff, 0xff, 0x80, 0x01, 0xff, 0xff, 0xff,
     0xff, 0xff, 0xff, 0xd7, 0xeb, 0xff, 0xff, 0xff, 0xff, 0xff, 0xff, 0x80,
     0x01, 0xff, 0xff, 0xff, 0xff, 0xff, 0xff, 0x87, 0xf1, 0xff, 0xfb, 0xff,
     0xff, 0xff, 0xff, 0x80, 0x01, 0xff, 0xff, 0xff, 0xff, 0xff, 0xf3, 0x77,
     0xec, 0xc7, 0xeb, 0xff, 0xff, 0xff, 0xff, 0x80, 0x01, 0xff, 0xff, 0xff,
     0xff, 0xff, 0xd8, 0xf7, 0xeb, 0x37, 0xdf, 0xff, 0xff, 0xff, 0xff, 0x80,
     0x01, 0xff, 0xff, 0xff, 0xff, 0xff, 0x9f, 0xd7, 0xfb, 0xfb, 0xf7, 0xff,
     0xff, 0xff, 0xff, 0x80, 0x01, 0xff, 0xff, 0xff, 0xff, 0xff, 0xdf, 0x1f,
     0xfc, 0xf7, 0xef, 0xff, 0xff, 0xff, 0xff, 0x80, 0x01, 0xff, 0xff, 0xff,
     0xff, 0xff, 0xc1, 0xdf, 0xf9, 0x06, 0xef, 0xff, 0xff, 0xff, 0xff, 0x80,
     0x01, 0xff, 0xff, 0xff, 0xff, 0xff, 0xff, 0xff, 0xfd, 0xfc, 0xdf, 0xff,
     0xff, 0xff, 0xff, 0x80, 0x01, 0xff, 0xff, 0xff, 0xff, 0xff, 0xff, 0xbf,
     0xfd, 0xfb, 0xdf, 0xff, 0xff, 0xff, 0xff, 0x80, 0x01, 0xff, 0xff, 0xff,
     0xff, 0xff, 0xff, 0xcf, 0xf8, 0x07, 0xff, 0xff, 0xff, 0xff, 0xff, 0x80,
     0x01, 0xff, 0xff, 0xff, 0xff, 0xff, 0xff, 0xdf, 0xfd, 0x37, 0xbf, 0xff,
     0xff, 0xff, 0xff, 0x80, 0x01, 0xff, 0xff, 0xff, 0xff, 0xff, 0xff, 0x97,
     0xfa, 0x7f, 0xff, 0xff, 0xff, 0xff, 0xff, 0x80, 0x01, 0xff, 0xff, 0xff,
     0xff, 0xff, 0xff, 0xbf, 0xec, 0xff, 0x7f, 0xff, 0xff, 0xff, 0xff, 0x80,
     0x01, 0xff, 0xff, 0xff, 0xff, 0xff, 0xff, 0x93, 0xce, 0xee, 0xff, 0xff,
     0xff, 0xff, 0xff, 0x80, 0x01, 0xff, 0xff, 0xff, 0xff, 0xff, 0xff, 0xb8,
     0x2c, 0xbb, 0xff, 0xff, 0xff, 0xff, 0xff, 0x80, 0x01, 0xff, 0xff, 0xff,
     0xff, 0xff, 0xff, 0xbb, 0x9e, 0x8f, 0xff, 0xff, 0xff, 0xff, 0xff, 0x80,
     0x01, 0xff, 0xff, 0xff, 0xff, 0xff, 0xff, 0x9b, 0xfc, 0xff, 0xff, 0xff,
     0xff, 0xff, 0xff, 0x80, 0x01, 0xff, 0xff, 0xff, 0xff, 0xff, 0xff, 0x7b,
     0xef, 0x7f, 0xff, 0xff, 0xff, 0xff, 0xff, 0x80, 0x01, 0xff, 0xff, 0xff,
     0xff, 0xff, 0xff, 0x87, 0xf0, 0x7f, 0xff, 0xff, 0xff, 0xff, 0xff, 0x80,
     0x01, 0xff, 0xff, 0xff, 0xff, 0xff, 0xff, 0xff, 0xff, 0xff, 0xff, 0xff,
     0xff, 0xff, 0xff, 0x80, 0x01, 0xff, 0xff, 0xff, 0xff, 0xff, 0xff, 0xff,
     0xff, 0xff, 0xff, 0xff, 0xff, 0xff, 0xff, 0x80, 0x01, 0xff, 0xff, 0xff,
     0xff, 0xff, 0xff, 0xff, 0xff, 0xff, 0xff, 0xff, 0xff, 0xff, 0xff, 0x80,
     0x00, 0x00, 0x00, 0x00, 0x00, 0x00, 0x00, 0x00, 0x00, 0x00, 0x00, 0x00,
     0x00, 0x00, 0x00, 0x00, 0x00, 0x00, 0x00, 0x00, 0x00, 0x00, 0x00, 0x00,
     0x00, 0x00, 0x00, 0x00, 0x00, 0x00, 0x00, 0x00, 0x00, 0x00, 0x00, 0x00,
     0x00, 0x00, 0x00, 0x00, 0x00, 0x00, 0x00, 0x00, 0x00, 0x00, 0x00, 0x00,
     0x00, 0x00, 0x00, 0x00, 0x00, 0x00, 0x00, 0x00, 0x00, 0x00, 0x00, 0x00,
     0x00, 0x00, 0x00, 0x00},
    {0x00, 0x00, 0x00, 0x00, 0x00, 0x00, 0x00, 0x00, 0x00, 0x00, 0x00, 0x00,
     0x00, 0x00, 0x00, 0x00, 0x00, 0x00, 0x00, 0x00, 0x00, 0x00, 0x00, 0x00,
     0x00, 0x00, 0x00, 0x00, 0x00, 0x00, 0x00, 0x00, 0x00, 0x00, 0x00, 0x00,
     0x00, 0x00, 0x00, 0x00, 0x00, 0x00, 0x00, 0x00, 0x00, 0x00, 0x00, 0x00,
     0x00, 0x00, 0x00, 0x00, 0x00, 0x00, 0x00, 0x00, 0x00, 0x00, 0x00, 0x00,
     0x00, 0x00, 0x00, 0x00, 0x01, 0xff, 0xff, 0xff, 0xff, 0xff, 0xff, 0xff,
     0xff, 0xff, 0xff, 0xff, 0xff, 0xff, 0xff, 0x80, 0x01, 0xff, 0xff, 0xff,
     0xff, 0xff, 0xff, 0xff, 0xff, 0xff, 0xff, 0xff, 0xff, 0xff, 0xff, 0x80,
     0x01, 0xff, 0xff, 0xff, 0xff, 0xff, 0xff, 0xff, 0xff, 0xff, 0xff, 0xff,
     0xff, 0xff, 0xff, 0x80, 0x01, 0xff, 0xff, 0xff, 0xff, 0xff, 0xff, 0xff,
     0xff, 0xff, 0xff, 0xff, 0xff, 0xff, 0xff, 0x80, 0x01, 0xff, 0xff, 0xff,
     0xff, 0xff, 0xff, 0xf0, 0x07, 0xff, 0xff, 0xff, 0xff, 0xff, 0xff, 0x80,
     0x01, 0xff, 0xff, 0xff, 0xff, 0xff, 0xff, 0x03, 0xc0, 0xff, 0xff, 0xff,
     0xff, 0xff, 0xff, 0x80, 0x01, 0xff, 0xff, 0xff, 0xff, 0xff, 0xe0, 0xf1,
     0x87, 0x03, 0xff, 0xff, 0xff, 0xff, 0xff, 0x80, 0x01, 0xff, 0xff, 0xff,
     0xff, 0xff, 0x9f, 0x39, 0x8c, 0xf9, 0xff, 0xff, 0xff, 0xff, 0xff, 0x80,
     0x01, 0xff, 0xff, 0xff, 0xff, 0xff, 0x3f, 0xdf, 0xfb, 0xfe, 0xff, 0xff,
     0xff, 0xff, 0xff, 0x80, 0x01, 0xff, 0xff, 0xff, 0xff, 0xfe, 0x7f, 0xfb,
     0xcf, 0xff, 0x7f, 0xff, 0xff, 0xff, 0xff, 0x80, 0x01, 0xff, 0xff, 0xff,
     0xff, 0xfe, 0x81, 0xfb, 0xcf, 0x81, 0x7f, 0xff, 0xff, 0xff, 0xff, 0x80,
     0x01, 0xff, 0xff, 0xff, 0xff, 0xfe, 0x20, 0xfb, 0xdf, 0x02, 0x7f, 0xff,
     0xff, 0xff, 0xff, 0x80, 0x01, 0xff, 0xff, 0xff, 0xff, 0xfc, 0x50, 0x7f,
     0xfe, 0x41, 0x3f, 0xff, 0xff, 0xff, 0xff, 0x80, 0x01, 0xff, 0xff, 0xff,
     0xff, 0xfc, 0xb8, 0x7e, 0x7e, 0xe1, 0x3f, 0xff, 0xff, 0xff, 0xff, 0x80,
     0x01, 0xff, 0xff, 0xff, 0xff, 0xf8, 0xb8, 0x3f, 0xfe, 0xe1, 0x9f, 0xff,
     0xff, 0xff, 0xff, 0x80, 0x01, 0xff, 0xff, 0xff, 0xff, 0xfa, 0x80, 0x3f,
     0xfc, 0x01, 0x9f, 0xff, 0xff, 0xff, 0xff, 0x80, 0x01, 0xff, 0xff, 0xff,
     0xff, 0xf2, 0x80, 0x3f, 0xfc, 0x01, 0xaf, 0xff, 0xff, 0xff, 0xff, 0x80,
     0x01, 0xff, 0xff, 0xff, 0xff, 0xf6, 0x80, 0x3f, 0xfc, 0x01, 0x6f, 0xff,
     0xff, 0xff, 0xff, 0x80, 0x01, 0xff, 0xff, 0xff, 0xff, 0xf2, 0x83, 0x3f,
     0xfe, 0x0d, 0x67, 0xff, 0xff, 0xff, 0xff, 0x80, 0x01, 0xff, 0xff, 0xff,
     0xff, 0xf3, 0x40, 0x7f, 0xfe, 0x02, 0xc7, 0xff, 0xff, 0xff, 0xff, 0x80,
     0x01, 0xff, 0xff, 0xff, 0xff, 0xe3, 0x90, 0xff, 0xff, 0x01, 0xc7, 0xff,
     0xff, 0xff, 0xff, 0x80, 0x01, 0xff, 0xff, 0xff, 0xff, 0xe7, 0xe3, 0xff,
     0xff, 0xef, 0xf7, 0xff, 0xff, 0xff, 0xff, 0x80, 0x01, 0xff, 0xff, 0xff,
     0xff, 0xe4, 0x3f, 0xfb, 0xcf, 0xfc, 0x37, 0xff, 0xff, 0xff, 0xff, 0x80,
     0x01, 0xff, 0xff, 0xff, 0xff, 0xf4, 0x3f, 0xff, 0xff, 0xfc, 0x27, 0xff,
     0xff, 0xff, 0xff, 0x80, 0x01, 0xff, 0xff, 0xff, 0xff, 0xf7, 0xff, 0xff,
     0xff, 0xff, 0xef, 0xff, 0xff, 0xff, 0xff, 0x80, 0x01, 0xff, 0xff, 0xff,
     0xff, 0xf3, 0xff, 0xf7, 0xef, 0xff, 0xef, 0xff, 0xff, 0xff, 0xff, 0x80,
     0x01, 0xff, 0xff, 0xff, 0xff, 0xfb, 0xff, 0xf9, 0x9f, 0xff, 0xdf, 0xff,
     0xff, 0xff, 0xff, 0x80, 0x01, 0xff, 0xff, 0xff, 0xff, 0xfd, 0xff, 0xfe,
     0x7f, 0xff, 0x9f, 0xff, 0xff, 0xff, 0xff, 0x80, 0x01, 0xff, 0xff, 0xff,
     0xff, 0xfc, 0xff, 0xff, 0xff, 0xff, 0x3f, 0xff, 0xff, 0xff, 0xff, 0x80,
     0x01, 0xff, 0xff, 0xff, 0xff, 0xff, 0x7f, 0xff, 0xff, 0xfe, 0x7f, 0xff,
     0xff, 0xff, 0xff, 0x80, 0x01, 0xff, 0xff, 0xff, 0xff, 0xff, 0x9f, 0xff,
     0xff, 0xf9, 0xff, 0xff, 0xff, 0xff, 0xff, 0x80, 0x01, 0xff, 0xff, 0xff,
     0xff, 0xff, 0xe3, 0xff, 0xff, 0xc7, 0xff, 0xff, 0xff, 0xff, 0xff, 0x80,
     0x01, 0xff, 0xff, 0xff, 0xff, 0xff, 0xf8, 0x3f, 0xfc, 0x1f, 0xff, 0xff,
     0xff, 0xff, 0xff, 0x80, 0x01, 0xff, 0xff, 0xff, 0xff, 0xff, 0xff, 0x83,
     0xe1, 0xff, 0xff, 0xff, 0xff, 0xff, 0xff, 0x80, 0x01, 0xff, 0xff, 0xff,
     0xff, 0xff, 0xff, 0xdf, 0xeb, 0xff, 0xff, 0xff, 0xff, 0xff, 0xff, 0x80,
     0x01, 0xff, 0xff, 0xff, 0xff, 0xff, 0xff, 0x8f, 0xe1, 0xff, 0xff, 0xff,
     0xff, 0xff, 0xff, 0x80, 0x01, 0xff, 0xff, 0xff, 0xff, 0xff, 0xe3, 0x3f,
     0xee, 0xcf, 0xff, 0xff, 0xff, 0xff, 0xff, 0x80, 0x01, 0xff, 0xff, 0xff,
     0xff, 0xff, 0xdc, 0xff, 0xfb, 0x03, 0xff, 0xff, 0xff, 0xff, 0xff, 0x80,
     0x01, 0xff, 0xff, 0xff, 0xff, 0xff, 0xdf, 0xd7, 0xff, 0xf3, 0xff, 0xff,
     0xff, 0xff, 0xff, 0x80, 0x01, 0xff, 0xff, 0xff, 0xff, 0xff, 0xdf, 0x17,
     0xfc, 0xfb, 0xff, 0xff, 0xff, 0xff, 0xff, 0x80, 0x01, 0xff, 0xff, 0xff,
     0xff, 0xff, 0xe0, 0xdf, 0xf9, 0x0f, 0xff, 0xff, 0xff, 0xff, 0xff, 0x80,
     0x01, 0xff, 0xff, 0xff, 0xff, 0xff, 0xff, 0xff, 0xf5, 0xf7, 0xe0, 0xff,
     0xff, 0xff, 0xff, 0x80, 0x01, 0xff, 0xff, 0xff, 0xff, 0xff, 0xff, 0xff,
     0xf5, 0xff, 0x3b, 0xbf, 0xff, 0xff, 0xff, 0x80, 0x01, 0xff, 0xff, 0xff,
     0xff, 0xff, 0xff, 0xcf, 0xf0, 0x01, 0x3c, 0xff, 0xff, 0xff, 0xff, 0x80,
     0x01, 0xff, 0xff, 0xff, 0xff, 0xff, 0xff, 0xd7, 0xfd, 0x37, 0xf3, 0xff,
     0xff, 0xff, 0xff, 0x80, 0x01, 0xff, 0xff, 0xff, 0xff, 0xff, 0xff, 0x9f,
     0xfa, 0x37, 0xef, 0xff, 0xff, 0xff, 0xff, 0x80, 0x01, 0xff, 0xff, 0xff,
     0xff, 0xff, 0xff, 0xbb, 0xec, 0xff, 0xdf, 0xff, 0xff, 0xff, 0xff, 0x80,
     0x01, 0xff, 0xff, 0xff, 0xff, 0xff, 0xff, 0x91, 0xcf, 0x77, 0x7f, 0xff,
     0xff, 0xff, 0xff, 0x80, 0x01, 0xff, 0xff, 0xff, 0xff, 0xff, 0xff, 0xba,
     0x36, 0xbc, 0xff, 0xff, 0xff, 0xff, 0xff, 0x80, 0x01, 0xff, 0xff, 0xff,
     0xff, 0xff, 0xff, 0xbb, 0x96, 0x87, 0xff, 0xff, 0xff, 0xff, 0xff, 0x80,
     0x01, 0xff, 0xff, 0xff, 0xff, 0xff, 0xff, 0x9b, 0xee, 0x7f, 0xff, 0xff,
     0xff, 0xff, 0xff, 0x80, 0x01, 0xff, 0xff, 0xff, 0xff, 0xff, 0xff, 0x7b,
     0xf3, 0x7f, 0xff, 0xff, 0xff, 0xff, 0xff, 0x80, 0x01, 0xff, 0xff, 0xff,
     0xff, 0xff, 0xff, 0x87, 0xff, 0xff, 0xff, 0xff, 0xff, 0xff, 0xff, 0x80,
     0x01, 0xff, 0xff, 0xff, 0xff, 0xff, 0xff, 0xff, 0xff, 0xff, 0xff, 0xff,
     0xff, 0xff, 0xff, 0x80, 0x01, 0xff, 0xff, 0xff, 0xff, 0xff, 0xff, 0xff,
     0xff, 0xff, 0xff, 0xff, 0xff, 0xff, 0xff, 0x80, 0x01, 0xff, 0xff, 0xff,
     0xff, 0xff, 0xff, 0xff, 0xff, 0xff, 0xff, 0xff, 0xff, 0xff, 0xff, 0x80,
     0x00, 0x00, 0x00, 0x00, 0x00, 0x00, 0x00, 0x00, 0x00, 0x00, 0x00, 0x00,
     0x00, 0x00, 0x00, 0x00, 0x00, 0x00, 0x00, 0x00, 0x00, 0x00, 0x00, 0x00,
     0x00, 0x00, 0x00, 0x00, 0x00, 0x00, 0x00, 0x00, 0x00, 0x00, 0x00, 0x00,
     0x00, 0x00, 0x00, 0x00, 0x00, 0x00, 0x00, 0x00, 0x00, 0x00, 0x00, 0x00,
     0x00, 0x00, 0x00, 0x00, 0x00, 0x00, 0x00, 0x00, 0x00, 0x00, 0x00, 0x00,
     0x00, 0x00, 0x00, 0x00},
    {0x00, 0x00, 0x00, 0x00, 0x00, 0x00, 0x00, 0x00, 0x00, 0x00, 0x00, 0x00,
     0x00, 0x00, 0x00, 0x00, 0x00, 0x00, 0x00, 0x00, 0x00, 0x00, 0x00, 0x00,
     0x00, 0x00, 0x00, 0x00, 0x00, 0x00, 0x00, 0x00, 0x00, 0x00, 0x00, 0x00,
     0x00, 0x00, 0x00, 0x00, 0x00, 0x00, 0x00, 0x00, 0x00, 0x00, 0x00, 0x00,
     0x00, 0x00, 0x00, 0x00, 0x00, 0x00, 0x00, 0x00, 0x00, 0x00, 0x00, 0x00,
     0x00, 0x00, 0x00, 0x00, 0x01, 0xff, 0xff, 0xff, 0xff, 0xff, 0xff, 0xff,
     0xff, 0xff, 0xff, 0xff, 0xff, 0xff, 0xff, 0x80, 0x01, 0xff, 0xff, 0xff,
     0xff, 0xff, 0xff, 0xff, 0xff, 0xff, 0xff, 0xff, 0xff, 0xff, 0xff, 0x80,
     0x01, 0xff, 0xff, 0xff, 0xff, 0xff, 0xff, 0xff, 0xff, 0xff, 0xff, 0xff,
     0xff, 0xff, 0xff, 0x80, 0x01, 0xff, 0xff, 0xff, 0xff, 0xff, 0xff, 0xff,
     0xff, 0xff, 0xff, 0xff, 0xff, 0xff, 0xff, 0x80, 0x01, 0xff, 0xff, 0xff,
     0xff, 0xff, 0xff, 0xe0, 0x01, 0xff, 0xff, 0xff, 0xff, 0xff, 0xff, 0x80,
     0x01, 0xff, 0xff, 0xff, 0xff, 0xff, 0xff, 0x01, 0xc6, 0x03, 0xff, 0xff,
     0xff, 0xff, 0xff, 0x80, 0x01, 0xff, 0xff, 0xff, 0xff, 0xff, 0xe0, 0x71,
     0x8e, 0x79, 0xff, 0xff, 0xff, 0xff, 0xff, 0x80, 0x01, 0xff, 0xff, 0xff,
     0xff, 0xff, 0x9f, 0x39, 0xfd, 0xfe, 0xff, 0xff, 0xff, 0xff, 0xff, 0x80,
     0x01, 0xff, 0xff, 0xff, 0xff, 0xff, 0x3f, 0xdf, 0xff, 0xff, 0x7f, 0xff,
     0xff, 0xff, 0xff, 0x80, 0x01, 0xff, 0xff, 0xff, 0xff, 0xff, 0x7f, 0xfb,
     0xcf, 0xc1, 0x7f, 0xff, 0xff, 0xff, 0xff, 0x80, 0x01, 0xff, 0xff, 0xff,
     0xff, 0xfe, 0xc1, 0xf9, 0xcf, 0x82, 0xbf, 0xff, 0xff, 0xff, 0xff, 0x80,
     0x01, 0xff, 0xff, 0xff, 0xff, 0xfe, 0x20, 0xff, 0xff, 0x01, 0x3f, 0xff,
     0xff, 0xff, 0xff, 0x80, 0x01, 0xff, 0xff, 0xff, 0xff, 0xfe, 0x40, 0x7f,
     0xfe, 0x61, 0x9f, 0xff, 0xff, 0xff, 0xff, 0x80, 0x01, 0xff, 0xff, 0xff,
     0xff, 0xfc, 0xf8, 0x3f, 0x7e, 0x60, 0x9f, 0xff, 0xff, 0xff, 0xff, 0x80,
     0x01, 0xff, 0xff, 0xff, 0xff, 0xfc, 0xb8, 0x3f, 0xfe, 0x60, 0xaf, 0xff,
     0xff, 0xff, 0xff, 0x80, 0x01, 0xff, 0xff, 0xff, 0xff, 0xf8, 0x80, 0x3f,
     0xfe, 0x00, 0xaf, 0xff, 0xff, 0xff, 0xff, 0x80, 0x01, 0xff, 0xff, 0xff,
     0xff, 0xfa, 0x80, 0x3f, 0xfe, 0x00, 0xb7, 0xff, 0xff, 0xff, 0xff, 0x80,
     0x01, 0xff, 0xff, 0xff, 0xff, 0xfa, 0x81, 0x3f, 0xfe, 0x05, 0x67, 0xff,
     0xff, 0xff, 0xff, 0x80, 0x01, 0xff, 0xff, 0xff, 0xff, 0xf3, 0x41, 0x3f,
     0xff, 0x01, 0x47, 0xff, 0xff, 0xff, 0xff, 0x80, 0x01, 0xff, 0xff, 0xff,
     0xff, 0xf1, 0x20, 0x7f, 0xff, 0x04, 0xe7, 0xff, 0xff, 0xff, 0xff, 0x80,
     0x01, 0xff, 0xff, 0xff, 0xff, 0xf1, 0x80, 0xff, 0xff, 0xe3, 0xf7, 0xff,
     0xff, 0xff, 0xff, 0x80, 0x01, 0xff, 0xff, 0xff, 0xff, 0xf7, 0xf3, 0xfb,
     0xef, 0xfe, 0x17, 0xff, 0xff, 0xff, 0xff, 0x80, 0x01, 0xff, 0xff, 0xff,
     0xff, 0xf6, 0x1f, 0xff, 0xef, 0xfe, 0x17, 0xff, 0xff, 0xff, 0xff, 0x80,
     0x01, 0xff, 0xff, 0xff, 0xff, 0xf6, 0x1f, 0xff, 0xff, 0xff, 0xf7, 0xff,
     0xff, 0xff, 0xff, 0x80, 0x01, 0xff, 0xff, 0xff, 0xff, 0xfb, 0x3f, 0xff,
     0xf7, 0xff, 0xe7, 0xff, 0xff, 0xff, 0xff, 0x80, 0x01, 0xff, 0xff, 0xff,
     0xff, 0xfb, 0xff, 0xfb, 0xe7, 0xff, 0xef, 0xff, 0xff, 0xff, 0xff, 0x80,
     0x01, 0xff, 0xff, 0xff, 0xff, 0xf9, 0xff, 0xfc, 0x0f, 0xff, 0xdf, 0xff,
     0xff, 0xff, 0xff, 0x80, 0x01, 0xff, 0xff, 0xff, 0xff, 0xfc, 0xff, 0xff,
     0xff, 0xff, 0x9f, 0xff, 0xff, 0xff, 0xff, 0x80, 0x01, 0xff, 0xff, 0xff,
     0xff, 0xfe, 0x7f, 0xff, 0xff, 0xff, 0x3f, 0xff, 0xff, 0xff, 0xff, 0x80,
     0x01, 0xff, 0xff, 0xff, 0xff, 0xff, 0x3f, 0xff, 0xff, 0xfc, 0xff, 0xff,
     0xff, 0xff, 0xff, 0x80, 0x01, 0xff, 0xff, 0xff, 0xff, 0xff, 0xcf, 0xff,
     0xff, 0xf3, 0xff, 0xff, 0xff, 0xff, 0xff, 0x80, 0x01, 0xff, 0xff, 0xff,
     0xff, 0xff, 0xf1, 0xff, 0xff, 0x8f, 0xff, 0xff, 0xff, 0xff, 0xff, 0x80,
     0x01, 0xff, 0xff, 0xff, 0xff, 0xff, 0xfe, 0x0f, 0xf0, 0x7f, 0xff, 0xff,
     0xff, 0xff, 0xff, 0x80, 0x01, 0xff, 0xff, 0xff, 0xff, 0xff, 0xff, 0xeb,
     0xfd, 0xff, 0xff, 0xff, 0xff, 0xff, 0xff, 0x80, 0x01, 0xff, 0xff, 0xff,
     0xff, 0xff, 0xf3, 0xe7, 0xf5, 0xff, 0xff, 0xff, 0xff, 0xff, 0xff, 0x80,
     0x01, 0xff, 0xff, 0xff, 0xff, 0xff, 0xe4, 0xdf, 0xf6, 0x61, 0x9b, 0xff,
     0xff, 0xff, 0xff, 0x80, 0x01, 0xff, 0xff, 0xff, 0xff, 0xff, 0xee, 0x1f,
     0xf7, 0x15, 0x7e, 0xff, 0xff, 0xff, 0xff, 0x80, 0x01, 0xff, 0xff, 0xff,
     0xff, 0xff, 0xef, 0xeb, 0xf5, 0xfe, 0xef, 0xff, 0xff, 0xff, 0xff, 0x80,
     0x01, 0xff, 0xff, 0xff, 0xff, 0xff, 0xf3, 0xcf, 0xfc, 0xfd, 0xdf, 0xff,
     0xff, 0xff, 0xff, 0x80, 0x01, 0xff, 0xff, 0xff, 0xff, 0xff, 0xfc, 0x2f,
     0xff, 0x00, 0xdf, 0xff, 0xff, 0xff, 0xff, 0x80, 0x01, 0xff, 0xff, 0xff,
     0xff, 0xff, 0xff, 0xcf, 0xfc, 0xf7, 0xbf, 0xff, 0xff, 0xff, 0xff, 0x80,
     0x01, 0xff, 0xff, 0xff, 0xff, 0xff, 0xff, 0xdf, 0xfe, 0xf5, 0xbf, 0xff,
     0xff, 0xff, 0xff, 0x80, 0x01, 0xff, 0xff, 0xff, 0xff, 0xff, 0xff, 0xcf,
     0xfc, 0x07, 0xbf, 0xff, 0xff, 0xff, 0xff, 0x80, 0x01, 0xff, 0xff, 0xff,
     0xff, 0xff, 0xff, 0xdf, 0xfc, 0x37, 0x7f, 0xff, 0xff, 0xff, 0xff, 0x80,
     0x01, 0xff, 0xff, 0xff, 0xff, 0xff, 0xff, 0xcf, 0xfc, 0xbd, 0x7f, 0xff,
     0xff, 0xff, 0xff, 0x80, 0x01, 0xff, 0xff, 0xff, 0xff, 0xff, 0xff, 0xcb,
     0xf4, 0xfe, 0xff, 0xff, 0xff, 0xff, 0xff, 0x80, 0x01, 0xff, 0xff, 0xff,
     0xff, 0xff, 0xff, 0x9f, 0xec, 0xe5, 0xff, 0xff, 0xff, 0xff, 0xff, 0x80,
     0x01, 0xff, 0xff, 0xff, 0xff, 0xff, 0xff, 0xb8, 0x0e, 0xf3, 0xff, 0xff,
     0xff, 0xff, 0xff, 0x80, 0x01, 0xff, 0xff, 0xff, 0xff, 0xff, 0xff, 0x9b,
     0x3c, 0xcf, 0xff, 0xff, 0xff, 0xff, 0xff, 0x80, 0x01, 0xff, 0xff, 0xff,
     0xff, 0xff, 0xff, 0xdb, 0xee, 0x3f, 0xff, 0xff, 0xff, 0xff, 0xff, 0x80,
     0x01, 0xff, 0xff, 0xff, 0xff, 0xff, 0xff, 0x9b, 0xfc, 0xff, 0xff, 0xff,
     0xff, 0xff, 0xff, 0x80, 0x01, 0xff, 0xff, 0xff, 0xff, 0xff, 0xff, 0x7b,
     0xef, 0x7f, 0xff, 0xff, 0xff, 0xff, 0xff, 0x80, 0x01, 0xff, 0xff, 0xff,
     0xff, 0xff, 0xff, 0x87, 0xf0, 0x7f, 0xff, 0xff, 0xff, 0xff, 0xff, 0x80,
     0x01, 0xff, 0xff, 0xff, 0xff, 0xff, 0xff, 0xff, 0xff, 0xff, 0xff, 0xff,
     0xff, 0xff, 0xff, 0x80, 0x01, 0xff, 0xff, 0xff, 0xff, 0xff, 0xff, 0xff,
     0xff, 0xff, 0xff, 0xff, 0xff, 0xff, 0xff, 0x80, 0x01, 0xff, 0xff, 0xff,
     0xff, 0xff, 0xff, 0xff, 0xff, 0xff, 0xff, 0xff, 0xff, 0xff, 0xff, 0x80,
     0x00, 0x00, 0x00, 0x00, 0x00, 0x00, 0x00, 0x00, 0x00, 0x00, 0x00, 0x00,
     0x00, 0x00, 0x00, 0x00, 0x00, 0x00, 0x00, 0x00, 0x00, 0x00, 0x00, 0x00,
     0x00, 0x00, 0x00, 0x00, 0x00, 0x00, 0x00, 0x00, 0x00, 0x00, 0x00, 0x00,
     0x00, 0x00, 0x00, 0x00, 0x00, 0x00, 0x00, 0x00, 0x00, 0x00, 0x00, 0x00,
     0x00, 0x00, 0x00, 0x00, 0x00, 0x00, 0x00, 0x00, 0x00, 0x00, 0x00, 0x00,
     0x00, 0x00, 0x00, 0x00},
    {0x00, 0x00, 0x00, 0x00, 0x00, 0x00, 0x00, 0x00, 0x00, 0x00, 0x00, 0x00,
     0x00, 0x00, 0x00, 0x00, 0x00, 0x00, 0x00, 0x00, 0x00, 0x00, 0x00, 0x00,
     0x00, 0x00, 0x00, 0x00, 0x00, 0x00, 0x00, 0x00, 0x00, 0x00, 0x00, 0x00,
     0x00, 0x00, 0x00, 0x00, 0x00, 0x00, 0x00, 0x00, 0x00, 0x00, 0x00, 0x00,
     0x00, 0x00, 0x00, 0x00, 0x00, 0x00, 0x00, 0x00, 0x00, 0x00, 0x00, 0x00,
     0x00, 0x00, 0x00, 0x00, 0x01, 0xff, 0xff, 0xff, 0xff, 0xff, 0xff, 0xff,
     0xff, 0xff, 0xff, 0xff, 0xff, 0xff, 0xff, 0x80, 0x01, 0xff, 0xff, 0xff,
     0xff, 0xff, 0xff, 0xff, 0xff, 0xff, 0xff, 0xff, 0xff, 0xff, 0xff, 0x80,
     0x01, 0xff, 0xff, 0xff, 0xff, 0xff, 0xff, 0xff, 0xff, 0xff, 0xff, 0xff,
     0xff, 0xff, 0xff, 0x80, 0x01, 0xff, 0xff, 0xff, 0xff, 0xff, 0xff, 0xff,
     0xff, 0xff, 0xff, 0xff, 0xff, 0xff, 0xff, 0x80, 0x01, 0xff, 0xff, 0xff,
     0xff, 0xff, 0xff, 0xfe, 0x0f, 0xff, 0xff, 0xff, 0xff, 0xff, 0xff, 0x80,
     0x01, 0xff, 0xff, 0xff, 0xff, 0xff, 0xff, 0xc0, 0x00, 0x7f, 0xff, 0xff,
     0xff, 0xff, 0xff, 0x80, 0x01, 0xff, 0xff, 0xff, 0xff, 0xff, 0xfc, 0x10,
     0xe3, 0x83, 0xff, 0xff, 0xff, 0xff, 0xff, 0x80, 0x01, 0xff, 0xff, 0xff,
     0xff, 0xff, 0xe0, 0x38, 0xc7, 0x3c, 0xff, 0xff, 0xff, 0xff, 0xff, 0x80,
     0x01, 0xff, 0xff, 0xff, 0xff, 0xff, 0xcf, 0xcf, 0xfe, 0xfe, 0x7f, 0xff,
     0xff, 0xff, 0xff, 0x80, 0x01, 0xff, 0xff, 0xff, 0xff, 0xff, 0xbf, 0xff,
     0xff, 0xff, 0x3f, 0xff, 0xff, 0xff, 0xff, 0x80, 0x01, 0xff, 0xff, 0xff,
     0xff, 0xff, 0xbf, 0xfc, 0xe7, 0xff, 0xbf, 0xff, 0xff, 0xff, 0xff, 0x80,
     0x01, 0xff, 0xff, 0xff, 0xff, 0xff, 0x7f, 0xfc, 0xef, 0xff, 0xbf, 0xff,
     0xff, 0xff, 0xff, 0x80, 0x01, 0xff, 0xff, 0xff, 0xff, 0xff, 0x7f, 0xff,
     0xff, 0xff, 0xdf, 0xff, 0xff, 0xff, 0xff, 0x80, 0x01, 0xff, 0xff, 0xff,
     0xff, 0xfe, 0x7f, 0xff, 0xbf, 0xff, 0xcf, 0xff, 0xff, 0xff, 0xff, 0x80,
     0x01, 0xff, 0xff, 0xff, 0xff, 0xfe, 0xff, 0xff, 0xbf, 0xff, 0xef, 0xff,
     0xff, 0xff, 0xff, 0x80, 0x01, 0xff, 0xff, 0xff, 0xff, 0xfc, 0xfc, 0xff,
     0xff, 0xf0, 0xe7, 0xff, 0xff, 0xff, 0xff, 0x80, 0x01, 0xff, 0xff, 0xff,
     0xff, 0xfd, 0xcc, 0x7f, 0xff, 0xb0, 0x77, 0xff, 0xff, 0xff, 0xff, 0x80,
     0x01, 0xff, 0xff, 0xff, 0xff, 0xfd, 0xc0, 0x3f, 0xff, 0x00, 0x73, 0xff,
     0xff, 0xff, 0xff, 0x80, 0x01, 0xff, 0xff, 0xff, 0xff, 0xfb, 0x40, 0x1f,
     0xff, 0x02, 0xb3, 0xff, 0xff, 0xff, 0xff, 0x80, 0x01, 0xff, 0xff, 0xff,
     0xff, 0xf9, 0xa1, 0x9f, 0xff, 0x02, 0x23, 0xff, 0xff, 0xff, 0xff, 0x80,
     0x01, 0xff, 0xff, 0xff, 0xff, 0xf8, 0xc0, 0x3f, 0xff, 0x80, 0xf3, 0xff,
     0xff, 0xff, 0xff, 0x80, 0x01, 0xff, 0xff, 0xff, 0xff, 0xf9, 0xf0, 0xff,
     0xff, 0xff, 0xfb, 0xff, 0xff, 0xff, 0xff, 0x80, 0x01, 0xff, 0xff, 0xff,
     0xff, 0xfb, 0x9f, 0xfd, 0xf7, 0xff, 0x1b, 0xff, 0xff, 0xff, 0xff, 0x80,
     0x01, 0xff, 0xff, 0xff, 0xff, 0xfa, 0x0f, 0xff, 0xff, 0xfe, 0x0b, 0xff,
     0xff, 0xff, 0xff, 0x80, 0x01, 0xff, 0xff, 0xff, 0xff, 0xfb, 0x1f, 0xff,
     0xff, 0xff, 0xfb, 0xff, 0xff, 0xff, 0xff, 0x80, 0x01, 0xff, 0xff, 0xff,
     0xff, 0xf9, 0xff, 0xfb, 0xfb, 0xff, 0xf7, 0xff, 0xff, 0xff, 0xff, 0x80,
     0x01, 0xff, 0xff, 0xff, 0xff, 0xfd, 0xff, 0xfd, 0xe7, 0xff, 0xe7, 0xff,
     0xff, 0xff, 0xff, 0x80, 0x01, 0xff, 0xff, 0xff, 0xff, 0xfe, 0xff, 0xfe,
     0x0f, 0xff, 0xef, 0xff, 0xff, 0xff, 0xff, 0x80, 0x01, 0xff, 0xff, 0xff,
     0xff, 0xfe, 0x7f, 0xff, 0xff, 0xff, 0xdf, 0xff, 0xff, 0xff, 0xff, 0x80,
     0x01, 0xff, 0xff, 0xff, 0xff, 0xff, 0x3f, 0xff, 0xff, 0xff, 0x3f, 0xff,
     0xff, 0xff, 0xff, 0x80, 0x01, 0xff, 0xff, 0xff, 0xff, 0xff, 0xcf, 0xff,
     0xff, 0xfc, 0x7f, 0xff, 0xff, 0xff, 0xff, 0x80, 0x01, 0xff, 0xff, 0xff,
     0xff, 0xff, 0xe3, 0xff, 0xff, 0xf1, 0xff, 0xff, 0xff, 0xff, 0xff, 0x80,
     0x01, 0xff, 0xff, 0xff, 0xff, 0xff, 0xfc, 0x3f, 0xff, 0x07, 0xff, 0xff,
     0xff, 0xff, 0xff, 0x80, 0x01, 0xff, 0xff, 0xff, 0xff, 0xff, 0xff, 0x81,
     0xf0, 0x7f, 0xff, 0xff, 0xff, 0xff, 0xff, 0x80, 0x01, 0xff, 0xff, 0xff,
     0xff, 0xff, 0xff, 0xf7, 0xfd, 0xff, 0xff, 0xff, 0xff, 0xff, 0xff, 0x80,
     0x01, 0xff, 0xff, 0xff, 0xff, 0xff, 0xff, 0xe3, 0xfc, 0xff, 0xff, 0xff,
     0xff, 0xff, 0xff, 0x80, 0x01, 0xff, 0xff, 0xff, 0xff, 0xff, 0xf0, 0xdf,
     0xff, 0x7f, 0xff, 0xff, 0xff, 0xff, 0xff, 0x80, 0x01, 0xff, 0xff, 0xff,
     0xff, 0xff, 0xf4, 0x3f, 0xff, 0x19, 0xfe, 0xff, 0xff, 0xff, 0xff, 0x80,
     0x01, 0xff, 0xff, 0xff, 0xff, 0xff, 0xef, 0xef, 0xff, 0xff, 0xff, 0xff,
     0xff, 0xff, 0xff, 0x80, 0x01, 0xff, 0xff, 0xff, 0xff, 0xff, 0xf7, 0xcb,
     0xfe, 0x7e, 0xef, 0xff, 0xff, 0xff, 0xff, 0x80, 0x01, 0xff, 0xff, 0xff,
     0xff, 0xff, 0xf0, 0x23, 0xfa, 0x9d, 0xdf, 0xff, 0xff, 0xff, 0xff, 0x80,
     0x01, 0xff, 0xff, 0xff, 0xff, 0xff, 0xff, 0xef, 0xf8, 0xf9, 0xbb, 0xff,
     0xff, 0xff, 0xff, 0x80, 0x01, 0xff, 0xff, 0xff, 0xff, 0xff, 0xff, 0xff,
     0xfa, 0xff, 0x77, 0xff, 0xff, 0xff, 0xff, 0x80, 0x01, 0xff, 0xff, 0xff,
     0xff, 0xff, 0xff, 0xef, 0xf8, 0xfd, 0xb7, 0xff, 0xff, 0xff, 0xff, 0x80,
     0x01, 0xff, 0xff, 0xff, 0xff, 0xff, 0xff, 0xcb, 0xfe, 0x82, 0xcf, 0xff,
     0xff, 0xff, 0xff, 0x80, 0x01, 0xff, 0xff, 0xff, 0xff, 0xff, 0xff, 0xcb,
     0xfe, 0xb3, 0xdf, 0xff, 0xff, 0xff, 0xff, 0x80, 0x01, 0xff, 0xff, 0xff,
     0xff, 0xff, 0xff, 0x9f, 0xf6, 0xaf, 0x5f, 0xff, 0xff, 0xff, 0xff, 0x80,
     0x01, 0xff, 0xff, 0xff, 0xff, 0xff, 0xff, 0xb9, 0xe4, 0x7d, 0xbf, 0xff,
     0xff, 0xff, 0xff, 0x80, 0x01, 0xff, 0xff, 0xff, 0xff, 0xff, 0xff, 0x9a,
     0x07, 0x46, 0x7f, 0xff, 0xff, 0xff, 0xff, 0x80, 0x01, 0xff, 0xff, 0xff,
     0xff, 0xff, 0xff, 0xbb, 0x96, 0xf1, 0xff, 0xff, 0xff, 0xff, 0xff, 0x80,
     0x01, 0xff, 0xff, 0xff, 0xff, 0xff, 0xff, 0x9b, 0xfe, 0x0f, 0xff, 0xff,
     0xff, 0xff, 0xff, 0x80, 0x01, 0xff, 0xff, 0xff, 0xff, 0xff, 0xff, 0x7b,
     0xef, 0x7f, 0xff, 0xff, 0xff, 0xff, 0xff, 0x80, 0x01, 0xff, 0xff, 0xff,
     0xff, 0xff, 0xff, 0x87, 0xf0, 0x7f, 0xff, 0xff, 0xff, 0xff, 0xff, 0x80,
     0x01, 0xff, 0xff, 0xff, 0xff, 0xff, 0xff, 0xff, 0xff, 0xff, 0xff, 0xff,
     0xff, 0xff, 0xff, 0x80, 0x01, 0xff, 0xff, 0xff, 0xff, 0xff, 0xff, 0xff,
     0xff, 0xff, 0xff, 0xff, 0xff, 0xff, 0xff, 0x80, 0x01, 0xff, 0xff, 0xff,
     0xff, 0xff, 0xff, 0xff, 0xff, 0xff, 0xff, 0xff, 0xff, 0xff, 0xff, 0x80,
     0x00, 0x00, 0x00, 0x00, 0x00, 0x00, 0x00, 0x00, 0x00, 0x00, 0x00, 0x00,
     0x00, 0x00, 0x00, 0x00, 0x00, 0x00, 0x00, 0x00, 0x00, 0x00, 0x00, 0x00,
     0x00, 0x00, 0x00, 0x00, 0x00, 0x00, 0x00, 0x00, 0x00, 0x00, 0x00, 0x00,
     0x00, 0x00, 0x00, 0x00, 0x00, 0x00, 0x00, 0x00, 0x00, 0x00, 0x00, 0x00,
     0x00, 0x00, 0x00, 0x00, 0x00, 0x00, 0x00, 0x00, 0x00, 0x00, 0x00, 0x00,
     0x00, 0x00, 0x00, 0x00},
    {0x00, 0x00, 0x00, 0x00, 0x00, 0x00, 0x00, 0x00, 0x00, 0x00, 0x00, 0x00,
     0x00, 0x00, 0x00, 0x00, 0x00, 0x00, 0x00, 0x00, 0x00, 0x00, 0x00, 0x00,
     0x00, 0x00, 0x00, 0x00, 0x00, 0x00, 0x00, 0x00, 0x00, 0x00, 0x00, 0x00,
     0x00, 0x00, 0x00, 0x00, 0x00, 0x00, 0x00, 0x00, 0x00, 0x00, 0x00, 0x00,
     0x00, 0x00, 0x00, 0x00, 0x00, 0x00, 0x00, 0x00, 0x00, 0x00, 0x00, 0x00,
     0x00, 0x00, 0x00, 0x00, 0x01, 0xff, 0xff, 0xff, 0xff, 0xff, 0xff, 0xff,
     0xff, 0xff, 0xff, 0xff, 0xff, 0xff, 0xff, 0x80, 0x01, 0xff, 0xff, 0xff,
     0xff, 0xff, 0xff, 0xff, 0xff, 0xff, 0xff, 0xff, 0xff, 0xff, 0xff, 0x80,
     0x01, 0xff, 0xff, 0xff, 0xff, 0xff, 0xff, 0xff, 0xff, 0xff, 0xff, 0xff,
     0xff, 0xff, 0xff, 0x80, 0x01, 0xff, 0xff, 0xff, 0xff, 0xff, 0xff, 0xff,
     0xff, 0xff, 0xff, 0xff, 0xff, 0xff, 0xff, 0x80, 0x01, 0xff, 0xff, 0xff,
     0xff, 0xff, 0xff, 0xe0, 0x00, 0xff, 0xff, 0xff, 0xff, 0xff, 0xff, 0x80,
     0x01, 0xff, 0xff, 0xff, 0xff, 0xff, 0xff, 0x00, 0xe0, 0x1f, 0xff, 0xff,
     0xff, 0xff, 0xff, 0x80, 0x01, 0xff, 0xff, 0xff, 0xff, 0xff, 0xf0, 0x3c,
     0xe3, 0x81, 0xff, 0xff, 0xff, 0xff, 0xff, 0x80, 0x01, 0xff, 0xff, 0xff,
     0xff, 0xff, 0xcf, 0xce, 0xee, 0x7e, 0x7f, 0xff, 0xff, 0xff, 0xff, 0x80,
     0x01, 0xff, 0xff, 0xff, 0xff, 0xff, 0xdf, 0xff, 0xff, 0xff, 0x7f, 0xff,
     0xff, 0xff, 0xff, 0x80, 0x01, 0xff, 0xff, 0xff, 0xff, 0xff, 0xbf, 0xfc,
     0xf7, 0xff, 0xbf, 0xff, 0xff, 0xff, 0xff, 0x80, 0x01, 0xff, 0xff, 0xff,
     0xff, 0xff, 0xbf, 0xfc, 0xe7, 0xff, 0xbf, 0xff, 0xff, 0xff, 0xff, 0x80,
     0x01, 0xff, 0xff, 0xff, 0xff, 0xff, 0x7f, 0xff, 0xff, 0xff, 0xdf, 0xff,
     0xff, 0xff, 0xff, 0x80, 0x01, 0xff, 0xff, 0xff, 0xff, 0xff, 0x7f, 0xff,
     0xff, 0xff, 0xdf, 0xff, 0xff, 0xff, 0xff, 0x80, 0x01, 0xff, 0xff, 0xff,
     0xff, 0xfe, 0xff, 0xff, 0xbf, 0xff, 0xef, 0xff, 0xff, 0xff, 0xff, 0x80,
     0x01, 0xff, 0xff, 0xff, 0xff, 0xfe, 0xff, 0xff, 0xff, 0xff, 0xe7, 0xff,
     0xff, 0xff, 0xff, 0x80, 0x01, 0xff, 0xff, 0xff, 0xff, 0xfd, 0xfc, 0xff,
     0xff, 0xf8, 0xf7, 0xff, 0xff, 0xff, 0xff, 0x80, 0x01, 0xff, 0xff, 0xff,
     0xff, 0xfd, 0xc0, 0x3f, 0xff, 0xb0, 0x77, 0xff, 0xff, 0xff, 0xff, 0x80,
     0x01, 0xff, 0xff, 0xff, 0xff, 0xfb, 0xc0, 0x1f, 0xff, 0x80, 0x7b, 0xff,
     0xff, 0xff, 0xff, 0x80, 0x01, 0xff, 0xff, 0xff, 0xff, 0xf8, 0x80, 0x9f,
     0xff, 0x00, 0x33, 0xff, 0xff, 0xff, 0xff, 0x80, 0x01, 0xff, 0xff, 0xff,
     0xff, 0xf8, 0xc1, 0x9f, 0xff, 0x06, 0x23, 0xff, 0xff, 0xff, 0xff, 0x80,
     0x01, 0xff, 0xff, 0xff, 0xff, 0xfb, 0xe0, 0x7f, 0xff, 0xc0, 0xf3, 0xff,
     0xff, 0xff, 0xff, 0x80, 0x01, 0xff, 0xff, 0xff, 0xff, 0xfb, 0xbf, 0xfd,
     0xf7, 0xff, 0xfb, 0xff, 0xff, 0xff, 0xff, 0x80, 0x01, 0xff, 0xff, 0xff,
     0xff, 0xfa, 0x0f, 0xfd, 0xf7, 0xfe, 0x0b, 0xff, 0xff, 0xff, 0xff, 0x80,
     0x01, 0xff, 0xff, 0xff, 0xff, 0xfb, 0x1f, 0xff, 0xff, 0xff, 0x1b, 0xff,
     0xff, 0xff, 0xff, 0x80, 0x01, 0xff, 0xff, 0xff, 0xff, 0xf9, 0xff, 0xfb,
     0xfb, 0xff, 0xf3, 0xff, 0xff, 0xff, 0xff, 0x80, 0x01, 0xff, 0xff, 0xff,
     0xff, 0xfd, 0xff, 0xf9, 0xf7, 0xff, 0xf7, 0xff, 0xff, 0xff, 0xff, 0x80,
     0x01, 0xff, 0xff, 0xff, 0xff, 0xfe, 0xff, 0xfe, 0x0f, 0xff, 0xe7, 0xff,
     0xff, 0xff, 0xff, 0x80, 0x01, 0xff, 0xff, 0xff, 0xff, 0xfe, 0x7f, 0xff,
     0xff, 0xff, 0xcf, 0xff, 0xff, 0xff, 0xff, 0x80, 0x01, 0xff, 0xff, 0xff,
     0xff, 0xff, 0x3f, 0xff, 0xff, 0xff, 0x9f, 0xff, 0xff, 0xff, 0xff, 0x80,
     0x01, 0xff, 0xff, 0xff, 0xff, 0xff, 0xcf, 0xff, 0xff, 0xff, 0x3f, 0xff,
     0xff, 0xff, 0xff, 0x80, 0x01, 0xff, 0xff, 0xff, 0xff, 0xff, 0xe3, 0xff,
     0xff, 0xf8, 0xff, 0xff, 0xff, 0xff, 0xff, 0x80, 0x01, 0xff, 0xff, 0xff,
     0xff, 0xff, 0xf8, 0x7f, 0xff, 0xc3, 0xff, 0xff, 0xff, 0xff, 0xff, 0x80,
     0x01, 0xff, 0xff, 0xff, 0xff, 0xff, 0xff, 0x03, 0xfc, 0x1f, 0xff, 0xff,
     0xff, 0xff, 0xff, 0x80, 0x01, 0xff, 0xff, 0xff, 0xff, 0xff, 0xff, 0xf7,
     0xfd, 0xff, 0xff, 0xff, 0xff, 0xff, 0xff, 0x80, 0x01, 0xff, 0xff, 0xff,
     0xff, 0xff, 0xff, 0xe7, 0xfd, 0xff, 0xff, 0xff, 0xff, 0xff, 0xff, 0x80,
     0x01, 0xff, 0xff, 0xff, 0xff, 0xff, 0xff, 0xdf, 0xfc, 0x7f, 0xff, 0xff,
     0xff, 0xff, 0xff, 0x80, 0x01, 0xff, 0xff, 0xff, 0xff, 0xff, 0xf3, 0x1f,
     0xff, 0x39, 0xff, 0xff, 0xff, 0xff, 0xff, 0x80, 0x01, 0xff, 0xff, 0xff,
     0xff, 0xff, 0xfe, 0xff, 0xff, 0xcf, 0xff, 0xff, 0xff, 0xff, 0xff, 0x80,
     0x01, 0xff, 0xff, 0xff, 0xff, 0xff, 0xef, 0xcb, 0xfe, 0xfc, 0xd3, 0xff,
     0xff, 0xff, 0xff, 0x80, 0x01, 0xff, 0xff, 0xff, 0xff, 0xff, 0xf7, 0x2b,
     0xfe, 0x3d, 0x7e, 0xff, 0xff, 0xff, 0xff, 0x80, 0x01, 0xff, 0xff, 0xff,
     0xff, 0xff, 0xf0, 0xe7, 0xfc, 0xe0, 0x7b, 0x7f, 0xff, 0xff, 0xff, 0x80,
     0x01, 0xff, 0xff, 0xff, 0xff, 0xff, 0xff, 0xdf, 0xfa, 0xfd, 0x6f, 0x7f,
     0xff, 0xff, 0xff, 0x80, 0x01, 0xff, 0xff, 0xff, 0xff, 0xff, 0xff, 0xcf,
     0xfc, 0xf7, 0xdf, 0xff, 0xff, 0xff, 0xff, 0x80, 0x01, 0xff, 0xff, 0xff,
     0xff, 0xff, 0xff, 0xff, 0xfc, 0x17, 0xdf, 0xff, 0xff, 0xff, 0xff, 0x80,
     0x01, 0xff, 0xff, 0xff, 0xff, 0xff, 0xff, 0xcb, 0xfe, 0xb3, 0xbf, 0xff,
     0xff, 0xff, 0xff, 0x80, 0x01, 0xff, 0xff, 0xff, 0xff, 0xff, 0xff, 0x9f,
     0xf4, 0xaf, 0x7f, 0xff, 0xff, 0xff, 0xff, 0x80, 0x01, 0xff, 0xff, 0xff,
     0xff, 0xff, 0xff, 0xb9, 0xfe, 0xfa, 0xff, 0xff, 0xff, 0xff, 0xff, 0x80,
     0x01, 0xff, 0xff, 0xff, 0xff, 0xff, 0xff, 0xb8, 0x0f, 0x35, 0xff, 0xff,
     0xff, 0xff, 0xff, 0x80, 0x01, 0xff, 0xff, 0xff, 0xff, 0xff, 0xff, 0xbb,
     0xbe, 0xf3, 0xff, 0xff, 0xff, 0xff, 0xff, 0x80, 0x01, 0xff, 0xff, 0xff,
     0xff, 0xff, 0xff, 0xdb, 0xc6, 0x1f, 0xff, 0xff, 0xff, 0xff, 0xff, 0x80,
     0x01, 0xff, 0xff, 0xff, 0xff, 0xff, 0xff, 0xbb, 0xfc, 0xff, 0xff, 0xff,
     0xff, 0xff, 0xff, 0x80, 0x01, 0xff, 0xff, 0xff, 0xff, 0xff, 0xff, 0x03,
     0xef, 0x7f, 0xff, 0xff, 0xff, 0xff, 0xff, 0x80, 0x01, 0xff, 0xff, 0xff,
     0xff, 0xff, 0xff, 0xff, 0xf0, 0x7f, 0xff, 0xff, 0xff, 0xff, 0xff, 0x80,
     0x01, 0xff, 0xff, 0xff, 0xff, 0xff, 0xff, 0xff, 0xff, 0xff, 0xff, 0xff,
     0xff, 0xff, 0xff, 0x80, 0x01, 0xff, 0xff, 0xff, 0xff, 0xff, 0xff, 0xff,
     0xff, 0xff, 0xff, 0xff, 0xff, 0xff, 0xff, 0x80, 0x01, 0xff, 0xff, 0xff,
     0xff, 0xff, 0xff, 0xff, 0xff, 0xff, 0xff, 0xff, 0xff, 0xff, 0xff, 0x80,
     0x00, 0x00, 0x00, 0x00, 0x00, 0x00, 0x00, 0x00, 0x00, 0x00, 0x00, 0x00,
     0x00, 0x00, 0x00, 0x00, 0x00, 0x00, 0x00, 0x00, 0x00, 0x00, 0x00, 0x00,
     0x00, 0x00, 0x00, 0x00, 0x00, 0x00, 0x00, 0x00, 0x00, 0x00, 0x00, 0x00,
     0x00, 0x00, 0x00, 0x00, 0x00, 0x00, 0x00, 0x00, 0x00, 0x00, 0x00, 0x00,
     0x00, 0x00, 0x00, 0x00, 0x00, 0x00, 0x00, 0x00, 0x00, 0x00, 0x00, 0x00,
     0x00, 0x00, 0x00, 0x00},
    {0x00, 0x00, 0x00, 0x00, 0x00, 0x00, 0x00, 0x00, 0x00, 0x00, 0x00, 0x00,
     0x00, 0x00, 0x00, 0x00, 0x00, 0x00, 0x00, 0x00, 0x00, 0x00, 0x00, 0x00,
     0x00, 0x00, 0x00, 0x00, 0x00, 0x00, 0x00, 0x00, 0x00, 0x00, 0x00, 0x00,
     0x00, 0x00, 0x00, 0x00, 0x00, 0x00, 0x00, 0x00, 0x00, 0x00, 0x00, 0x00,
     0x00, 0x00, 0x00, 0x00, 0x00, 0x00, 0x00, 0x00, 0x00, 0x00, 0x00, 0x00,
     0x00, 0x00, 0x00, 0x00, 0x01, 0xff, 0xff, 0xff, 0xff, 0xff, 0xff, 0xff,
     0xff, 0xff, 0xff, 0xff, 0xff, 0xff, 0xff, 0x80, 0x01, 0xff, 0xff, 0xff,
     0xff, 0xff, 0xff, 0xff, 0xff, 0xff, 0xff, 0xff, 0xff, 0xff, 0xff, 0x80,
     0x01, 0xff, 0xff, 0xff, 0xff, 0xff, 0xff, 0xff, 0xff, 0xff, 0xff, 0xff,
     0xff, 0xff, 0xff, 0x80, 0x01, 0xff, 0xff, 0xff, 0xff, 0xff, 0xff, 0xff,
     0xff, 0xff, 0xff, 0xff, 0xff, 0xff, 0xff, 0x80, 0x01, 0xff, 0xff, 0xff,
     0xff, 0xff, 0xff, 0xfe, 0x3f, 0xff, 0xff, 0xff, 0xff, 0xff, 0xff, 0x80,
     0x01, 0xff, 0xff, 0xff, 0xff, 0xff, 0xff, 0x80, 0x00, 0xff, 0xff, 0xff,
     0xff, 0xff, 0xff, 0x80, 0x01, 0xff, 0xff, 0xff, 0xff, 0xff, 0xf8, 0x31,
     0xc3, 0x0f, 0xff, 0xff, 0xff, 0xff, 0xff, 0x80, 0x01, 0xff, 0xff, 0xff,
     0xff, 0xff, 0xc6, 0x39, 0xcf, 0x01, 0xff, 0xff, 0xff, 0xff, 0xff, 0x80,
     0x01, 0xff, 0xff, 0xff, 0xff, 0xff, 0x9f, 0xdf, 0xfc, 0xfc, 0xff, 0xff,
     0xff, 0xff, 0xff, 0x80, 0x01, 0xff, 0xff, 0xff, 0xff, 0xff, 0x3f, 0xff,
     0xff, 0xfe, 0x7f, 0xff, 0xff, 0xff, 0xff, 0x80, 0x01, 0xff, 0xff, 0xff,
     0xff, 0xff, 0x7f, 0xf9, 0xcf, 0xff, 0x7f, 0xff, 0xff, 0xff, 0xff, 0x80,
     0x01, 0xff, 0xff, 0xff, 0xff, 0xff, 0x08, 0xfd, 0xcf, 0xc0, 0xbf, 0xff,
     0xff, 0xff, 0xff, 0x80, 0x01, 0xff, 0xff, 0xff, 0xff, 0xfe, 0x30, 0x7f,
     0xff, 0x86, 0x3f, 0xff, 0xff, 0xff, 0xff, 0x80, 0x01, 0xff, 0xff, 0xff,
     0xff, 0xfe, 0x40, 0x7f, 0x7f, 0x01, 0x1f, 0xff, 0xff, 0xff, 0xff, 0x80,
     0x01, 0xff, 0xff, 0xff, 0xff, 0xfc, 0xd8, 0x3f, 0x7e, 0x61, 0x9f, 0xff,
     0xff, 0xff, 0xff, 0x80, 0x01, 0xff, 0xff, 0xff, 0xff, 0xf8, 0xb8, 0x3f,
     0xfe, 0x70, 0xaf, 0xff, 0xff, 0xff, 0xff, 0x80, 0x01, 0xff, 0xff, 0xff,
     0xff, 0xfa, 0x98, 0x3f, 0xfe, 0x60, 0xaf, 0xff, 0xff, 0xff, 0xff, 0x80,
     0x01, 0xff, 0xff, 0xff, 0xff, 0xfa, 0x80, 0x3f, 0xfe, 0x00, 0xa7, 0xff,
     0xff, 0xff, 0xff, 0x80, 0x01, 0xff, 0xff, 0xff, 0xff, 0xf3, 0xc0, 0x3f,
     0xfe, 0x00, 0xb7, 0xff, 0xff, 0xff, 0xff, 0x80, 0x01, 0xff, 0xff, 0xff,
     0xff, 0xf1, 0x43, 0x3f, 0xfe, 0x0d, 0x67, 0xff, 0xff, 0xff, 0xff, 0x80,
     0x01, 0xff, 0xff, 0xff, 0xff, 0xf1, 0x80, 0x7f, 0xff, 0x00, 0x67, 0xff,
     0xff, 0xff, 0xff, 0x80, 0x01, 0xff, 0xff, 0xff, 0xff, 0xf7, 0xc0, 0xff,
     0xff, 0x81, 0xf7, 0xff, 0xff, 0xff, 0xff, 0x80, 0x01, 0xff, 0xff, 0xff,
     0xff, 0xf6, 0x3f, 0xfb, 0xef, 0xfe, 0x37, 0xff, 0xff, 0xff, 0xff, 0x80,
     0x01, 0xff, 0xff, 0xff, 0xff, 0xf4, 0x1f, 0xff, 0xef, 0xfc, 0x17, 0xff,
     0xff, 0xff, 0xff, 0x80, 0x01, 0xff, 0xff, 0xff, 0xff, 0xf6, 0x3f, 0xff,
     0xff, 0xfe, 0x37, 0xff, 0xff, 0xff, 0xff, 0x80, 0x01, 0xff, 0xff, 0xff,
     0xff, 0xfb, 0xff, 0xf7, 0xf7, 0xff, 0xe7, 0xff, 0xff, 0xff, 0xff, 0x80,
     0x01, 0xff, 0xff, 0xff, 0xff, 0xfb, 0xff, 0xfb, 0xef, 0xff, 0xef, 0xff,
     0xff, 0xff, 0xff, 0x80, 0x01, 0xff, 0xff, 0xff, 0xff, 0xfd, 0xff, 0xfc,
     0x1f, 0xff, 0xdf, 0xff, 0xff, 0xff, 0xff, 0x80, 0x01, 0xff, 0xff, 0xff,
     0xff, 0xfe, 0xff, 0xff, 0xff, 0xff, 0x9f, 0xff, 0xff, 0xff, 0xff, 0x80,
     0x01, 0xff, 0xff, 0xff, 0xff, 0xff, 0x3f, 0xff, 0xff, 0xff, 0x3f, 0xff,
     0xff, 0xff, 0xff, 0x80, 0x01, 0xff, 0xff, 0xff, 0xff, 0xff, 0x9f, 0xff,
     0xff, 0xfc, 0xff, 0xff, 0xff, 0xff, 0xff, 0x80, 0x01, 0xff, 0xff, 0xff,
     0xff, 0xff, 0xe3, 0xff, 0xff, 0xf3, 0xff, 0xff, 0xff, 0xff, 0xff, 0x80,
     0x01, 0xff, 0xff, 0xff, 0xff, 0xff, 0xf8, 0x7f, 0xff, 0x0f, 0xff, 0xff,
     0xff, 0xff, 0xff, 0x80, 0x01, 0xff, 0xff, 0xff, 0xff, 0xff, 0xff, 0x83,
     0xe0, 0x7f, 0xff, 0xff, 0xff, 0xff, 0xff, 0x80, 0x01, 0xff, 0xff, 0xff,
     0xff, 0xff, 0xff, 0xef, 0xfb, 0xff, 0xff, 0xff, 0xff, 0xff, 0xff, 0x80,
     0x01, 0xff, 0xff, 0xff, 0xff, 0xff, 0xff, 0x8f, 0xf8, 0xff, 0xf9, 0xff,
     0xff, 0xff, 0xff, 0x80, 0x01, 0xff, 0xff, 0xff, 0xff, 0xff, 0xff, 0x3f,
     0xfe, 0x7f, 0xe5, 0xff, 0xff, 0xff, 0xff, 0x80, 0x01, 0xff, 0xff, 0xff,
     0xff, 0xff, 0xfe, 0xff, 0xff, 0xbf, 0xdb, 0xff, 0xff, 0xff, 0xff, 0x80,
     0x01, 0xff, 0xff, 0xff, 0xff, 0xff, 0xfd, 0xdf, 0xfd, 0xdf, 0x97, 0xff,
     0xff, 0xff, 0xff, 0x80, 0x01, 0xff, 0xff, 0xff, 0xff, 0xff, 0xfd, 0x9f,
     0xf4, 0xdf, 0x77, 0xff, 0xff, 0xff, 0xff, 0x80, 0x01, 0xff, 0xff, 0xff,
     0xff, 0xff, 0xff, 0x47, 0xf1, 0x7e, 0xef, 0xff, 0xff, 0xff, 0xff, 0x80,
     0x01, 0xff, 0xff, 0xff, 0xff, 0xff, 0xf7, 0x57, 0xf5, 0xf6, 0xef, 0xff,
     0xff, 0xff, 0xff, 0x80, 0x01, 0xff, 0xff, 0xff, 0xff, 0xff, 0xf4, 0xd7,
     0xfd, 0xf1, 0x5f, 0xff, 0xff, 0xff, 0xff, 0x80, 0x01, 0xff, 0xff, 0xff,
     0xff, 0xff, 0xf8, 0xc7, 0xf0, 0x07, 0xdf, 0xff, 0xff, 0xff, 0xff, 0x80,
     0x01, 0xff, 0xff, 0xff, 0xff, 0xff, 0xff, 0xd7, 0xf5, 0x37, 0xff, 0xff,
     0xff, 0xff, 0xff, 0x80, 0x01, 0xff, 0xff, 0xff, 0xff, 0xff, 0xff, 0xdf,
     0xfc, 0xb7, 0x3f, 0xff, 0xff, 0xff, 0xff, 0x80, 0x01, 0xff, 0xff, 0xff,
     0xff, 0xff, 0xff, 0xbb, 0xee, 0xff, 0x7f, 0xff, 0xff, 0xff, 0xff, 0x80,
     0x01, 0xff, 0xff, 0xff, 0xff, 0xff, 0xff, 0x99, 0xe4, 0xf4, 0xff, 0xff,
     0xff, 0xff, 0xff, 0x80, 0x01, 0xff, 0xff, 0xff, 0xff, 0xff, 0xff, 0xb8,
     0x0e, 0xbd, 0xff, 0xff, 0xff, 0xff, 0xff, 0x80, 0x01, 0xff, 0xff, 0xff,
     0xff, 0xff, 0xff, 0xbb, 0x96, 0xe7, 0xff, 0xff, 0xff, 0xff, 0xff, 0x80,
     0x01, 0xff, 0xff, 0xff, 0xff, 0xff, 0xff, 0x9b, 0xfc, 0x7f, 0xff, 0xff,
     0xff, 0xff, 0xff, 0x80, 0x01, 0xff, 0xff, 0xff, 0xff, 0xff, 0xff, 0x7b,
     0xef, 0x7f, 0xff, 0xff, 0xff, 0xff, 0xff, 0x80, 0x01, 0xff, 0xff, 0xff,
     0xff, 0xff, 0xff, 0x87, 0xf0, 0x7f, 0xff, 0xff, 0xff, 0xff, 0xff, 0x80,
     0x01, 0xff, 0xff, 0xff, 0xff, 0xff, 0xff, 0xff, 0xff, 0xff, 0xff, 0xff,
     0xff, 0xff, 0xff, 0x80, 0x01, 0xff, 0xff, 0xff, 0xff, 0xff, 0xff, 0xff,
     0xff, 0xff, 0xff, 0xff, 0xff, 0xff, 0xff, 0x80, 0x01, 0xff, 0xff, 0xff,
     0xff, 0xff, 0xff, 0xff, 0xff, 0xff, 0xff, 0xff, 0xff, 0xff, 0xff, 0x80,
     0x00, 0x00, 0x00, 0x00, 0x00, 0x00, 0x00, 0x00, 0x00, 0x00, 0x00, 0x00,
     0x00, 0x00, 0x00, 0x00, 0x00, 0x00, 0x00, 0x00, 0x00, 0x00, 0x00, 0x00,
     0x00, 0x00, 0x00, 0x00, 0x00, 0x00, 0x00, 0x00, 0x00, 0x00, 0x00, 0x00,
     0x00, 0x00, 0x00, 0x00, 0x00, 0x00, 0x00, 0x00, 0x00, 0x00, 0x00, 0x00,
     0x00, 0x00, 0x00, 0x00, 0x00, 0x00, 0x00, 0x00, 0x00, 0x00, 0x00, 0x00,
     0x00, 0x00, 0x00, 0x00},
    {0x00, 0x00, 0x00, 0x00, 0x00, 0x00, 0x00, 0x00, 0x00, 0x00, 0x00, 0x00,
     0x00, 0x00, 0x00, 0x00, 0x00, 0x00, 0x00, 0x00, 0x00, 0x00, 0x00, 0x00,
     0x00, 0x00, 0x00, 0x00, 0x00, 0x00, 0x00, 0x00, 0x00, 0x00, 0x00, 0x00,
     0x00, 0x00, 0x00, 0x00, 0x00, 0x00, 0x00, 0x00, 0x00, 0x00, 0x00, 0x00,
     0x00, 0x00, 0x00, 0x00, 0x00, 0x00, 0x00, 0x00, 0x00, 0x00, 0x00, 0x00,
     0x00, 0x00, 0x00, 0x00, 0x01, 0xff, 0xff, 0xff, 0xff, 0xff, 0xff, 0xff,
     0xff, 0xff, 0xff, 0xff, 0xff, 0xff, 0xff, 0x80, 0x01, 0xff, 0xff, 0xff,
     0xff, 0xff, 0xff, 0xff, 0xff, 0xff, 0xff, 0xff, 0xff, 0xff, 0xff, 0x80,
     0x01, 0xff, 0xff, 0xff, 0xff, 0xff, 0xff, 0xff, 0xff, 0xff, 0xff, 0xff,
     0xff, 0xff, 0xff, 0x80, 0x01, 0xff, 0xff, 0xff, 0xff, 0xff, 0xff, 0xff,
     0xff, 0xff, 0xff, 0xff, 0xff, 0xff, 0xff, 0x80, 0x01, 0xff, 0xff, 0xff,
     0xff, 0xff, 0xff, 0xf0, 0x0f, 0xff, 0xff, 0xff, 0xff, 0xff, 0xff, 0x80,
     0x01, 0xff, 0xff, 0xff, 0xff, 0xff, 0xff, 0x03, 0xc0, 0xff, 0xff, 0xff,
     0xff, 0xff, 0xff, 0x80, 0x01, 0xff, 0xff, 0xff, 0xff, 0xff, 0xf0, 0xe1,
     0x86, 0x0f, 0xff, 0xff, 0xff, 0xff, 0xff, 0x80, 0x01, 0xff, 0xff, 0xff,
     0xff, 0xff, 0xcc, 0x71, 0x9e, 0x63, 0xff, 0xff, 0xff, 0xff, 0xff, 0x80,
     0x01, 0xff, 0xff, 0xff, 0xff, 0xff, 0x3f, 0xbf, 0xf9, 0xfd, 0xff, 0xff,
     0xff, 0xff, 0xff, 0x80, 0x01, 0xff, 0xff, 0xff, 0xff, 0xff, 0x7f, 0xff,
     0xdf, 0xfe, 0xff, 0xff, 0xff, 0xff, 0xff, 0x80, 0x01, 0xff, 0xff, 0xff,
     0xff, 0xfe, 0xe7, 0xf3, 0xdf, 0xe7, 0x7f, 0xff, 0xff, 0xff, 0xff, 0x80,
     0x01, 0xff, 0xff, 0xff, 0xff, 0xfe, 0x99, 0xfb, 0xdf, 0x99, 0x7f, 0xff,
     0xff, 0xff, 0xff, 0x80, 0x01, 0xff, 0xff, 0xff, 0xff, 0xfc, 0x60, 0xff,
     0xff, 0x06, 0x7f, 0xff, 0xff, 0xff, 0xff, 0x80, 0x01, 0xff, 0xff, 0xff,
     0xff, 0xfc, 0xc0, 0x7e, 0x7e, 0x43, 0x3f, 0xff, 0xff, 0xff, 0xff, 0x80,
     0x01, 0xff, 0xff, 0xff, 0xff, 0xf8, 0xb8, 0x7e, 0xfe, 0xe1, 0x1f, 0xff,
     0xff, 0xff, 0xff, 0x80, 0x01, 0xff, 0xff, 0xff, 0xff, 0xf9, 0xb8, 0x7f,
     0xfc, 0xe1, 0x5f, 0xff, 0xff, 0xff, 0xff, 0x80, 0x01, 0xff, 0xff, 0xff,
     0xff, 0xf5, 0x90, 0x3f, 0xfc, 0x41, 0x4f, 0xff, 0xff, 0xff, 0xff, 0x80,
     0x01, 0xff, 0xff, 0xff, 0xff, 0xf7, 0x80, 0x3f, 0xfc, 0x01, 0x6f, 0xff,
     0xff, 0xff, 0xff, 0x80, 0x01, 0xff, 0xff, 0xff, 0xff, 0xf6, 0x82, 0x3f,
     0xfc, 0x09, 0x6f, 0xff, 0xff, 0xff, 0xff, 0x80, 0x01, 0xff, 0xff, 0xff,
     0xff, 0xe2, 0x83, 0x7f, 0xfe, 0x0e, 0xcf, 0xff, 0xff, 0xff, 0xff, 0x80,
     0x01, 0xff, 0xff, 0xff, 0xff, 0xe3, 0x40, 0x7f, 0xfe, 0x00, 0xc7, 0xff,
     0xff, 0xff, 0xff, 0x80, 0x01, 0xff, 0xff, 0xff, 0xff, 0xef, 0x81, 0xff,
     0xff, 0x83, 0xf7, 0xff, 0xff, 0xff, 0xff, 0x80, 0x01, 0xff, 0xff, 0xff,
     0xff, 0xec, 0x7f, 0xf7, 0xcf, 0xfc, 0x67, 0xff, 0xff, 0xff, 0xff, 0x80,
     0x01, 0xff, 0xff, 0xff, 0xff, 0xe4, 0x3f, 0xfb, 0xdf, 0xfc, 0x2f, 0xff,
     0xff, 0xff, 0xff, 0x80, 0x01, 0xff, 0xff, 0xff, 0xff, 0xf6, 0x7f, 0xff,
     0xff, 0xfe, 0x6f, 0xff, 0xff, 0xff, 0xff, 0x80, 0x01, 0xff, 0xff, 0xff,
     0xff, 0xf7, 0xff, 0xff, 0xff, 0xff, 0xef, 0xff, 0xff, 0xff, 0xff, 0x80,
     0x01, 0xff, 0xff, 0xff, 0xff, 0xfb, 0xff, 0xf3, 0x9f, 0xff, 0xdf, 0xff,
     0xff, 0xff, 0xff, 0x80, 0x01, 0xff, 0xff, 0xff, 0xff, 0xf9, 0xff, 0xfc,
     0x3f, 0xff, 0x9f, 0xff, 0xff, 0xff, 0xff, 0x80, 0x01, 0xff, 0xff, 0xff,
     0xff, 0xfc, 0xff, 0xff, 0xff, 0xff, 0x3f, 0xff, 0xff, 0xff, 0xff, 0x80,
     0x01, 0xff, 0xff, 0xff, 0xff, 0xfe, 0x7f, 0xff, 0xff, 0xfe, 0x7f, 0xff,
     0xff, 0xff, 0xff, 0x80, 0x01, 0xff, 0xff, 0xff, 0xff, 0xff, 0x9f, 0xff,
     0xff, 0xf9, 0xff, 0xff, 0xff, 0xff, 0xff, 0x80, 0x01, 0xff, 0xff, 0xff,
     0xff, 0xff, 0xc7, 0xff, 0xff, 0xc7, 0xff, 0xff, 0xff, 0xff, 0xff, 0x80,
     0x01, 0xff, 0xff, 0xff, 0xff, 0xff, 0xf8, 0x7f, 0xfc, 0x1f, 0xff, 0xff,
     0xff, 0xff, 0xff, 0x80, 0x01, 0xff, 0xff, 0xff, 0xff, 0xff, 0xff, 0x87,
     0xc1, 0xff, 0xff, 0xff, 0xff, 0xff, 0xff, 0x80, 0x01, 0xff, 0xff, 0xff,
     0xff, 0xff, 0xff, 0xd7, 0xfb, 0xff, 0xff, 0xff, 0xff, 0xff, 0xff, 0x80,
     0x01, 0xff, 0xff, 0xff, 0xff, 0xff, 0xff, 0x87, 0xf5, 0xff, 0xff, 0xff,
     0xff, 0xff, 0xff, 0x80, 0x01, 0xff, 0xff, 0xff, 0xff, 0xff, 0xff, 0x77,
     0xfc, 0xff, 0xff, 0xff, 0xff, 0xff, 0xff, 0x80, 0x01, 0xff, 0xff, 0xff,
     0xff, 0xff, 0xfe, 0xf7, 0xeb, 0x7f, 0xff, 0xff, 0xff, 0xff, 0xff, 0x80,
     0x01, 0xff, 0xff, 0xff, 0xff, 0xff, 0xfd, 0xd7, 0xf9, 0xbf, 0xff, 0xff,
     0xff, 0xff, 0xff, 0x80, 0x01, 0xff, 0xff, 0xff, 0xff, 0xff, 0xfd, 0x9f,
     0xfd, 0xbf, 0xff, 0xff, 0xff, 0xff, 0xff, 0x80, 0x01, 0xff, 0xff, 0xff,
     0xff, 0xff, 0xfb, 0x5f, 0xf8, 0xdf, 0xe7, 0xbf, 0xff, 0xff, 0xff, 0x80,
     0x01, 0xff, 0xff, 0xff, 0xff, 0xff, 0xf7, 0x3f, 0xfc, 0xef, 0xbe, 0xff,
     0xff, 0xff, 0xff, 0x80, 0x01, 0xff, 0xff, 0xff, 0xff, 0xff, 0xf3, 0x3f,
     0xf8, 0xce, 0x7b, 0xff, 0xff, 0xff, 0xff, 0x80, 0x01, 0xff, 0xff, 0xff,
     0xff, 0xff, 0xfe, 0x1f, 0xf8, 0x43, 0x67, 0xff, 0xff, 0xff, 0xff, 0x80,
     0x01, 0xff, 0xff, 0xff, 0xff, 0xff, 0xfd, 0xdf, 0xfd, 0x35, 0xef, 0xff,
     0xff, 0xff, 0xff, 0x80, 0x01, 0xff, 0xff, 0xff, 0xff, 0xff, 0xff, 0x97,
     0xfa, 0x77, 0xdf, 0xff, 0xff, 0xff, 0xff, 0x80, 0x01, 0xff, 0xff, 0xff,
     0xff, 0xff, 0xff, 0xbf, 0xfc, 0xff, 0xbf, 0xff, 0xff, 0xff, 0xff, 0x80,
     0x01, 0xff, 0xff, 0xff, 0xff, 0xff, 0xff, 0x91, 0xce, 0xe6, 0x7f, 0xff,
     0xff, 0xff, 0xff, 0x80, 0x01, 0xff, 0xff, 0xff, 0xff, 0xff, 0xff, 0xba,
     0x6c, 0xe9, 0xff, 0xff, 0xff, 0xff, 0xff, 0x80, 0x01, 0xff, 0xff, 0xff,
     0xff, 0xff, 0xff, 0xbb, 0x86, 0x87, 0xff, 0xff, 0xff, 0xff, 0xff, 0x80,
     0x01, 0xff, 0xff, 0xff, 0xff, 0xff, 0xff, 0x9b, 0xee, 0xff, 0xff, 0xff,
     0xff, 0xff, 0xff, 0x80, 0x01, 0xff, 0xff, 0xff, 0xff, 0xff, 0xff, 0x7b,
     0xf3, 0x7f, 0xff, 0xff, 0xff, 0xff, 0xff, 0x80, 0x01, 0xff, 0xff, 0xff,
     0xff, 0xff, 0xff, 0x87, 0xff, 0xff, 0xff, 0xff, 0xff, 0xff, 0xff, 0x80,
     0x01, 0xff, 0xff, 0xff, 0xff, 0xff, 0xff, 0xff, 0xff, 0xff, 0xff, 0xff,
     0xff, 0xff, 0xff, 0x80, 0x01, 0xff, 0xff, 0xff, 0xff, 0xff, 0xff, 0xff,
     0xff, 0xff, 0xff, 0xff, 0xff, 0xff, 0xff, 0x80, 0x01, 0xff, 0xff, 0xff,
     0xff, 0xff, 0xff, 0xff, 0xff, 0xff, 0xff, 0xff, 0xff, 0xff, 0xff, 0x80,
     0x00, 0x00, 0x00, 0x00, 0x00, 0x00, 0x00, 0x00, 0x00, 0x00, 0x00, 0x00,
     0x00, 0x00, 0x00, 0x00, 0x00, 0x00, 0x00, 0x00, 0x00, 0x00, 0x00, 0x00,
     0x00, 0x00, 0x00, 0x00, 0x00, 0x00, 0x00, 0x00, 0x00, 0x00, 0x00, 0x00,
     0x00, 0x00, 0x00, 0x00, 0x00, 0x00, 0x00, 0x00, 0x00, 0x00, 0x00, 0x00,
     0x00, 0x00, 0x00, 0x00, 0x00, 0x00, 0x00, 0x00, 0x00, 0x00, 0x00, 0x00,
     0x00, 0x00, 0x00, 0x00},
    {0x00, 0x00, 0x00, 0x00, 0x00, 0x00, 0x00, 0x00, 0x00, 0x00, 0x00, 0x00,
     0x00, 0x00, 0x00, 0x00, 0x00, 0x00, 0x00, 0x00, 0x00, 0x00, 0x00, 0x00,
     0x00, 0x00, 0x00, 0x00, 0x00, 0x00, 0x00, 0x00, 0x00, 0x00, 0x00, 0x00,
     0x00, 0x00, 0x00, 0x00, 0x00, 0x00, 0x00, 0x00, 0x00, 0x00, 0x00, 0x00,
     0x00, 0x00, 0x00, 0x00, 0x00, 0x00, 0x00, 0x00, 0x00, 0x00, 0x00, 0x00,
     0x00, 0x00, 0x00, 0x00, 0x01, 0xff, 0xff, 0xff, 0xff, 0xff, 0xff, 0xff,
     0xff, 0xff, 0xff, 0xff, 0xff, 0xff, 0xff, 0x80, 0x01, 0xff, 0xff, 0xff,
     0xff, 0xff, 0xff, 0xff, 0xff, 0xff, 0xff, 0xff, 0xff, 0xff, 0xff, 0x80,
     0x01, 0xff, 0xff, 0xff, 0xff, 0xff, 0xff, 0xff, 0xff, 0xff, 0xff, 0xff,
     0xff, 0xff, 0xff, 0x80, 0x01, 0xff, 0xff, 0xff, 0xff, 0xff, 0xff, 0xff,
     0xff, 0xff, 0xff, 0xff, 0xff, 0xff, 0xff, 0x80, 0x01, 0xff, 0xff, 0xff,
     0xff, 0xff, 0xff, 0xf0, 0x0f, 0xff, 0xff, 0xff, 0xff, 0xff, 0xff, 0x80,
     0x01, 0xff, 0xff, 0xff, 0xff, 0xff, 0xff, 0x03, 0x80, 0xff, 0xff, 0xff,
     0xff, 0xff, 0xff, 0x80, 0x01, 0xff, 0xff, 0xff, 0xff, 0xff, 0xf0, 0xe3,
     0x8e, 0x0f, 0xff, 0xff, 0xff, 0xff, 0xff, 0x80, 0x01, 0xff, 0xff, 0xff,
     0xff, 0xff, 0x8c, 0x73, 0x9c, 0x73, 0xff, 0xff, 0xff, 0xff, 0xff, 0x80,
     0x01, 0xff, 0xff, 0xff, 0xff, 0xff, 0x3f, 0xbf, 0xf9, 0xfd, 0xff, 0xff,
     0xff, 0xff, 0xff, 0x80, 0x01, 0xff, 0xff, 0xff, 0xff, 0xfe, 0x7f, 0xf7,
     0xdf, 0xfe, 0xff, 0xff, 0xff, 0xff, 0xff, 0x80, 0x01, 0xff, 0xff, 0xff,
     0xff, 0xfe, 0xe7, 0xf3, 0x9f, 0xc6, 0x7f, 0xff, 0xff, 0xff, 0xff, 0x80,
     0x01, 0xff, 0xff, 0xff, 0xff, 0xfe, 0x39, 0xfb, 0xbf, 0x19, 0x7f, 0xff,
     0xff, 0xff, 0xff, 0x80, 0x01, 0xff, 0xff, 0xff, 0xff, 0xfc, 0x40, 0xff,
     0xfe, 0x06, 0x7f, 0xff, 0xff, 0xff, 0xff, 0x80, 0x01, 0xff, 0xff, 0xff,
     0xff, 0xfc, 0xb0, 0x7e, 0xfe, 0xc3, 0x3f, 0xff, 0xff, 0xff, 0xff, 0x80,
     0x01, 0xff, 0xff, 0xff, 0xff, 0xf9, 0xb0, 0x7e, 0xfc, 0xe1, 0x3f, 0xff,
     0xff, 0xff, 0xff, 0x80, 0x01, 0xff, 0xff, 0xff, 0xff, 0xf1, 0x30, 0x7f,
     0xfc, 0xe1, 0x5f, 0xff, 0xff, 0xff, 0xff, 0x80, 0x01, 0xff, 0xff, 0xff,
     0xff, 0xf5, 0x00, 0x7f, 0xfc, 0x01, 0x5f, 0xff, 0xff, 0xff, 0xff, 0x80,
     0x01, 0xff, 0xff, 0xff, 0xff, 0xf5, 0x00, 0x7f, 0xfc, 0x01, 0x6f, 0xff,
     0xff, 0xff, 0xff, 0x80, 0x01, 0xff, 0xff, 0xff, 0xff, 0xe6, 0x82, 0x7f,
     0xfc, 0x09, 0x4f, 0xff, 0xff, 0xff, 0xff, 0x80, 0x01, 0xff, 0xff, 0xff,
     0xff, 0xe2, 0x82, 0x7f, 0xfc, 0x0a, 0xcf, 0xff, 0xff, 0xff, 0xff, 0x80,
     0x01, 0xff, 0xff, 0xff, 0xff, 0xe3, 0x40, 0xff, 0xfe, 0x05, 0xcf, 0xff,
     0xff, 0xff, 0xff, 0x80, 0x01, 0xff, 0xff, 0xff, 0xff, 0xef, 0x81, 0xff,
     0xff, 0x83, 0xef, 0xff, 0xff, 0xff, 0xff, 0x80, 0x01, 0xff, 0xff, 0xff,
     0xff, 0xec, 0x7f, 0xf7, 0xdf, 0xfc, 0x6f, 0xff, 0xff, 0xff, 0xff, 0x80,
     0x01, 0xff, 0xff, 0xff, 0xff, 0xec, 0x3f, 0xff, 0xdf, 0xfc, 0x2f, 0xff,
     0xff, 0xff, 0xff, 0x80, 0x01, 0xff, 0xff, 0xff, 0xff, 0xe4, 0x7f, 0xff,
     0xff, 0xfe, 0x6f, 0xff, 0xff, 0xff, 0xff, 0x80, 0x01, 0xff, 0xff, 0xff,
     0xff, 0xf7, 0xff, 0xff, 0xff, 0xff, 0xcf, 0xff, 0xff, 0xff, 0xff, 0x80,
     0x01, 0xff, 0xff, 0xff, 0xff, 0xf3, 0xff, 0xf3, 0x9f, 0xff, 0xdf, 0xff,
     0xff, 0xff, 0xff, 0x80, 0x01, 0xff, 0xff, 0xff, 0xff, 0xfb, 0xff, 0xfc,
     0x7f, 0xff, 0xbf, 0xff, 0xff, 0xff, 0xff, 0x80, 0x01, 0xff, 0xff, 0xff,
     0xff, 0xfc, 0xff, 0xff, 0xff, 0xff, 0x7f, 0xff, 0xff, 0xff, 0xff, 0x80,
     0x01, 0xff, 0xff, 0xff, 0xff, 0xfe, 0x7f, 0xff, 0xff, 0xfc, 0xff, 0xff,
     0xff, 0xff, 0xff, 0x80, 0x01, 0xff, 0xff, 0xff, 0xff, 0xff, 0x1f, 0xff,
     0xff, 0xf1, 0xff, 0xff, 0xff, 0xff, 0xff, 0x80, 0x01, 0xff, 0xff, 0xff,
     0xff, 0xff, 0xc7, 0xff, 0xff, 0xc7, 0xff, 0xff, 0xff, 0xff, 0xff, 0x80,
     0x01, 0xff, 0xff, 0xff, 0xff, 0xff, 0xf8, 0x7f, 0xfc, 0x3f, 0xff, 0xff,
     0xff, 0xff, 0xff, 0x80, 0x01, 0xff, 0xff, 0xff, 0xff, 0xff, 0xff, 0x87,
     0xc3, 0xff, 0xff, 0xff, 0xff, 0xff, 0xff, 0x80, 0x01, 0xff, 0xff, 0xff,
     0xff, 0xff, 0xff, 0xd7, 0xf3, 0xff, 0xff, 0xff, 0xff, 0xff, 0xff, 0x80,
     0x01, 0xff, 0xff, 0xff, 0xff, 0xff, 0xff, 0x87, 0xf5, 0xff, 0xff, 0xff,
     0xff, 0xff, 0xff, 0x80, 0x01, 0xff, 0xff, 0xff, 0xff, 0xff, 0xff, 0x77,
     0xfc, 0xff, 0xcc, 0xff, 0xff, 0xff, 0xff, 0x80, 0x01, 0xff, 0xff, 0xff,
     0xff, 0xff, 0xfe, 0xf7, 0xeb, 0x7f, 0x5e, 0xff, 0xff, 0xff, 0xff, 0x80,
     0x01, 0xff, 0xff, 0xff, 0xff, 0xff, 0xfd, 0x9f, 0xeb, 0xbe, 0xe7, 0xff,
     0xff, 0xff, 0xff, 0x80, 0x01, 0xff, 0xff, 0xff, 0xff, 0xff, 0xfd, 0xbf,
     0xf9, 0xbd, 0xcf, 0xff, 0xff, 0xff, 0xff, 0x80, 0x01, 0xff, 0xff, 0xff,
     0xff, 0xff, 0xfb, 0x1f, 0xf8, 0xdc, 0xdf, 0xff, 0xff, 0xff, 0xff, 0x80,
     0x01, 0xff, 0xff, 0xff, 0xff, 0xff, 0xf7, 0x3f, 0xfc, 0xeb, 0xff, 0xff,
     0xff, 0xff, 0xff, 0x80, 0x01, 0xff, 0xff, 0xff, 0xff, 0xff, 0xf3, 0x3f,
     0xf8, 0xc7, 0x3f, 0xff, 0xff, 0xff, 0xff, 0x80, 0x01, 0xff, 0xff, 0xff,
     0xff, 0xff, 0xfe, 0x1f, 0xf8, 0x47, 0xbf, 0xff, 0xff, 0xff, 0xff, 0x80,
     0x01, 0xff, 0xff, 0xff, 0xff, 0xff, 0xf9, 0xff, 0xfd, 0x37, 0x7f, 0xff,
     0xff, 0xff, 0xff, 0x80, 0x01, 0xff, 0xff, 0xff, 0xff, 0xff, 0xff, 0x97,
     0xea, 0x5f, 0x7f, 0xff, 0xff, 0xff, 0xff, 0x80, 0x01, 0xff, 0xff, 0xff,
     0xff, 0xff, 0xff, 0xbf, 0xfc, 0xf6, 0xff, 0xff, 0xff, 0xff, 0xff, 0x80,
     0x01, 0xff, 0xff, 0xff, 0xff, 0xff, 0xff, 0x91, 0xce, 0xb9, 0xff, 0xff,
     0xff, 0xff, 0xff, 0x80, 0x01, 0xff, 0xff, 0xff, 0xff, 0xff, 0xff, 0xba,
     0x7c, 0xe7, 0xff, 0xff, 0xff, 0xff, 0xff, 0x80, 0x01, 0xff, 0xff, 0xff,
     0xff, 0xff, 0xff, 0xbb, 0x8e, 0x1f, 0xff, 0xff, 0xff, 0xff, 0xff, 0x80,
     0x01, 0xff, 0xff, 0xff, 0xff, 0xff, 0xff, 0x9b, 0xec, 0xff, 0xff, 0xff,
     0xff, 0xff, 0xff, 0x80, 0x01, 0xff, 0xff, 0xff, 0xff, 0xff, 0xff, 0x7b,
     0xf3, 0x7f, 0xff, 0xff, 0xff, 0xff, 0xff, 0x80, 0x01, 0xff, 0xff, 0xff,
     0xff, 0xff, 0xff, 0x87, 0xfe, 0xff, 0xff, 0xff, 0xff, 0xff, 0xff, 0x80,
     0x01, 0xff, 0xff, 0xff, 0xff, 0xff, 0xff, 0xff, 0xff, 0xff, 0xff, 0xff,
     0xff, 0xff, 0xff, 0x80, 0x01, 0xff, 0xff, 0xff, 0xff, 0xff, 0xff, 0xff,
     0xff, 0xff, 0xff, 0xff, 0xff, 0xff, 0xff, 0x80, 0x01, 0xff, 0xff, 0xff,
     0xff, 0xff, 0xff, 0xff, 0xff, 0xff, 0xff, 0xff, 0xff, 0xff, 0xff, 0x80,
     0x00, 0x00, 0x00, 0x00, 0x00, 0x00, 0x00, 0x00, 0x00, 0x00, 0x00, 0x00,
     0x00, 0x00, 0x00, 0x00, 0x00, 0x00, 0x00, 0x00, 0x00, 0x00, 0x00, 0x00,
     0x00, 0x00, 0x00, 0x00, 0x00, 0x00, 0x00, 0x00, 0x00, 0x00, 0x00, 0x00,
     0x00, 0x00, 0x00, 0x00, 0x00, 0x00, 0x00, 0x00, 0x00, 0x00, 0x00, 0x00,
     0x00, 0x00, 0x00, 0x00, 0x00, 0x00, 0x00, 0x00, 0x00, 0x00, 0x00, 0x00,
     0x00, 0x00, 0x00, 0x00},
    {0x00, 0x00, 0x00, 0x00, 0x00, 0x00, 0x00, 0x00, 0x00, 0x00, 0x00, 0x00,
     0x00, 0x00, 0x00, 0x00, 0x00, 0x00, 0x00, 0x00, 0x00, 0x00, 0x00, 0x00,
     0x00, 0x00, 0x00, 0x00, 0x00, 0x00, 0x00, 0x00, 0x00, 0x00, 0x00, 0x00,
     0x00, 0x00, 0x00, 0x00, 0x00, 0x00, 0x00, 0x00, 0x00, 0x00, 0x00, 0x00,
     0x00, 0x00, 0x00, 0x00, 0x00, 0x00, 0x00, 0x00, 0x00, 0x00, 0x00, 0x00,
     0x00, 0x00, 0x00, 0x00, 0x01, 0xff, 0xff, 0xff, 0xff, 0xff, 0xff, 0xff,
     0xff, 0xff, 0xff, 0xff, 0xff, 0xff, 0xff, 0x80, 0x01, 0xff, 0xff, 0xff,
     0xff, 0xff, 0xff, 0xff, 0xff, 0xff, 0xff, 0xff, 0xff, 0xff, 0xff, 0x80,
     0x01, 0xff, 0xff, 0xff, 0xff, 0xff, 0xff, 0xff, 0xff, 0xff, 0xff, 0xff,
     0xff, 0xff, 0xff, 0x80, 0x01, 0xff, 0xff, 0xff, 0xff, 0xff, 0xff, 0xff,
     0xff, 0xff, 0xff, 0xff, 0xff, 0xff, 0xff, 0x80, 0x01, 0xff, 0xff, 0xff,
     0xff, 0xff, 0xff, 0xfe, 0x3f, 0xff, 0xff, 0xff, 0xff, 0xff, 0xff, 0x80,
     0x01, 0xff, 0xff, 0xff, 0xff, 0xff, 0xff, 0x00, 0x01, 0xff, 0xff, 0xff,
     0xff, 0xff, 0xff, 0x80, 0x01, 0xff, 0xff, 0xff, 0xff, 0xff, 0xfc, 0x63,
     0x86, 0x1f, 0xff, 0xff, 0xff, 0xff, 0xff, 0x80, 0x01, 0xff, 0xff, 0xff,
     0xff, 0xff, 0xc0, 0x73, 0x9e, 0x03, 0xff, 0xff, 0xff, 0xff, 0xff, 0x80,
     0x01, 0xff, 0xff, 0xff, 0xff, 0xff, 0x3f, 0x3f, 0xf9, 0xf9, 0xff, 0xff,
     0xff, 0xff, 0xff, 0x80, 0x01, 0xff, 0xff, 0xff, 0xff, 0xff, 0x7f, 0xff,
     0xff, 0xfe, 0xff, 0xff, 0xff, 0xff, 0xff, 0x80, 0x01, 0xff, 0xff, 0xff,
     0xff, 0xfe, 0xff, 0xf3, 0x9f, 0xe6, 0x7f, 0xff, 0xff, 0xff, 0xff, 0x80,
     0x01, 0xff, 0xff, 0xff, 0xff, 0xfe, 0x81, 0xfb, 0x9f, 0x99, 0x7f, 0xff,
     0xff, 0xff, 0xff, 0x80, 0x01, 0xff, 0xff, 0xff, 0xff, 0xfc, 0x60, 0xff,
     0xff, 0x06, 0x7f, 0xff, 0xff, 0xff, 0xff, 0x80, 0x01, 0xff, 0xff, 0xff,
     0xff, 0xfc, 0x80, 0xfe, 0xfe, 0x43, 0x3f, 0xff, 0xff, 0xff, 0xff, 0x80,
     0x01, 0xff, 0xff, 0xff, 0xff, 0xf9, 0xb0, 0x7e, 0xfc, 0xe1, 0x3f, 0xff,
     0xff, 0xff, 0xff, 0x80, 0x01, 0xff, 0xff, 0xff, 0xff, 0xf9, 0xb0, 0x7f,
     0xfc, 0xe1, 0x5f, 0xff, 0xff, 0xff, 0xff, 0x80, 0x01, 0xff, 0xff, 0xff,
     0xff, 0xf5, 0x10, 0x7f, 0xfc, 0x01, 0x5f, 0xff, 0xff, 0xff, 0xff, 0x80,
     0x01, 0xff, 0xff, 0xff, 0xff, 0xf5, 0x00, 0x3f, 0xfc, 0x01, 0x6f, 0xff,
     0xff, 0xff, 0xff, 0x80, 0x01, 0xff, 0xff, 0xff, 0xff, 0xe6, 0x82, 0x7f,
     0xfc, 0x09, 0x6f, 0xff, 0xff, 0xff, 0xff, 0x80, 0x01, 0xff, 0xff, 0xff,
     0xff, 0xe2, 0x82, 0x7f, 0xfc, 0x0a, 0xcf, 0xff, 0xff, 0xff, 0xff, 0x80,
     0x01, 0xff, 0xff, 0xff, 0xff, 0xe3, 0x40, 0x7f, 0xfe, 0x04, 0xcf, 0xff,
     0xff, 0xff, 0xff, 0x80, 0x01, 0xff, 0xff, 0xff, 0xff, 0xef, 0x81, 0xff,
     0xff, 0x03, 0xe7, 0xff, 0xff, 0xff, 0xff, 0x80, 0x01, 0xff, 0xff, 0xff,
     0xff, 0xee, 0x7f, 0xf7, 0xdf, 0xfc, 0x6f, 0xff, 0xff, 0xff, 0xff, 0x80,
     0x01, 0xff, 0xff, 0xff, 0xff, 0xec, 0x3f, 0xfb, 0xdf, 0xfc, 0x2f, 0xff,
     0xff, 0xff, 0xff, 0x80, 0x01, 0xff, 0xff, 0xff, 0xff, 0xe4, 0x3f, 0xff,
     0xff, 0xfc, 0x6f, 0xff, 0xff, 0xff, 0xff, 0x80, 0x01, 0xff, 0xff, 0xff,
     0xff, 0xf7, 0xff, 0xff, 0xff, 0xff, 0xcf, 0xff, 0xff, 0xff, 0xff, 0x80,
     0x01, 0xff, 0xff, 0xff, 0xff, 0xf3, 0xff, 0xf3, 0xdf, 0xff, 0xdf, 0xff,
     0xff, 0xff, 0xff, 0x80, 0x01, 0xff, 0xff, 0xff, 0xff, 0xfb, 0xff, 0xf8,
     0x3f, 0xff, 0xbf, 0xff, 0xff, 0xff, 0xff, 0x80, 0x01, 0xff, 0xff, 0xff,
     0xff, 0xfd, 0xff, 0xff, 0xff, 0xff, 0x3f, 0xff, 0xff, 0xff, 0xff, 0x80,
     0x01, 0xff, 0xff, 0xff, 0xff, 0xfe, 0x7f, 0xff, 0xff, 0xfe, 0x7f, 0xff,
     0xff, 0xff, 0xff, 0x80, 0x01, 0xff, 0xff, 0xff, 0xff, 0xff, 0x3f, 0xff,
     0xff, 0xf9, 0xff, 0xff, 0xff, 0xff, 0xff, 0x80, 0x01, 0xff, 0xff, 0xff,
     0xff, 0xff, 0xc7, 0xff, 0xff, 0xe3, 0xff, 0xff, 0xff, 0xff, 0xff, 0x80,
     0x01, 0xff, 0xff, 0xff, 0xff, 0xff, 0xf0, 0xff, 0xfe, 0x1f, 0xff, 0xff,
     0xff, 0xff, 0xff, 0x80, 0x01, 0xff, 0xff, 0xff, 0xff, 0xff, 0xff, 0x07,
     0xc0, 0xff, 0xff, 0xff, 0xff, 0xff, 0xff, 0x80, 0x01, 0xff, 0xff, 0xff,
     0xff, 0xff, 0xff, 0xd7, 0xfb, 0xff, 0xff, 0xff, 0xff, 0xff, 0xff, 0x80,
     0x01, 0xff, 0xff, 0xff, 0xff, 0xff, 0xff, 0x87, 0xf1, 0xff, 0xff, 0xff,
     0xff, 0xff, 0xff, 0x80, 0x01, 0xff, 0xff, 0xff, 0xff, 0xff, 0xff, 0x77,
     0xfc, 0xff, 0xff, 0xff, 0xff, 0xff, 0xff, 0x80, 0x01, 0xff, 0xff, 0xff,
     0xff, 0xff, 0xfe, 0xf7, 0xef, 0x7f, 0xff, 0xff, 0xff, 0xff, 0xff, 0x80,
     0x01, 0xff, 0xff, 0xff, 0xff, 0xff, 0xfd, 0xd7, 0xeb, 0xbf, 0xf7, 0xff,
     0xff, 0xff, 0xff, 0x80, 0x01, 0xff, 0xff, 0xff, 0xff, 0xff, 0xfd, 0x9f,
     0xf9, 0xbf, 0xcf, 0xff, 0xff, 0xff, 0xff, 0x80, 0x01, 0xff, 0xff, 0xff,
     0xff, 0xff, 0xfb, 0x5f, 0xf9, 0xdf, 0xbb, 0xff, 0xff, 0xff, 0xff, 0x80,
     0x01, 0xff, 0xff, 0xff, 0xff, 0xff, 0xf7, 0x1f, 0xfc, 0xee, 0x57, 0xff,
     0xff, 0xff, 0xff, 0x80, 0x01, 0xff, 0xff, 0xff, 0xff, 0xff, 0xf3, 0x3f,
     0xfc, 0xcc, 0x6f, 0xff, 0xff, 0xff, 0xff, 0x80, 0x01, 0xff, 0xff, 0xff,
     0xff, 0xff, 0xfe, 0x1f, 0xf8, 0x63, 0xef, 0xff, 0xff, 0xff, 0xff, 0x80,
     0x01, 0xff, 0xff, 0xff, 0xff, 0xff, 0xf9, 0xff, 0xfd, 0x05, 0x9f, 0xff,
     0xff, 0xff, 0xff, 0x80, 0x01, 0xff, 0xff, 0xff, 0xff, 0xff, 0xff, 0x97,
     0xf9, 0x77, 0x3f, 0xff, 0xff, 0xff, 0xff, 0x80, 0x01, 0xff, 0xff, 0xff,
     0xff, 0xff, 0xff, 0xbf, 0xfc, 0xdf, 0x3f, 0xff, 0xff, 0xff, 0xff, 0x80,
     0x01, 0xff, 0xff, 0xff, 0xff, 0xff, 0xff, 0x97, 0xce, 0xf6, 0x7f, 0xff,
     0xff, 0xff, 0xff, 0x80, 0x01, 0xff, 0xff, 0xff, 0xff, 0xff, 0xff, 0xb8,
     0x2c, 0xf9, 0xff, 0xff, 0xff, 0xff, 0xff, 0x80, 0x01, 0xff, 0xff, 0xff,
     0xff, 0xff, 0xff, 0xbb, 0x0e, 0xc7, 0xff, 0xff, 0xff, 0xff, 0xff, 0x80,
     0x01, 0xff, 0xff, 0xff, 0xff, 0xff, 0xff, 0x9b, 0xec, 0xff, 0xff, 0xff,
     0xff, 0xff, 0xff, 0x80, 0x01, 0xff, 0xff, 0xff, 0xff, 0xff, 0xff, 0x7b,
     0xef, 0x7f, 0xff, 0xff, 0xff, 0xff, 0xff, 0x80, 0x01, 0xff, 0xff, 0xff,
     0xff, 0xff, 0xff, 0x87, 0xf0, 0xff, 0xff, 0xff, 0xff, 0xff, 0xff, 0x80,
     0x01, 0xff, 0xff, 0xff, 0xff, 0xff, 0xff, 0xff, 0xff, 0xff, 0xff, 0xff,
     0xff, 0xff, 0xff, 0x80, 0x01, 0xff, 0xff, 0xff, 0xff, 0xff, 0xff, 0xff,
     0xff, 0xff, 0xff, 0xff, 0xff, 0xff, 0xff, 0x80, 0x01, 0xff, 0xff, 0xff,
     0xff, 0xff, 0xff, 0xff, 0xff, 0xff, 0xff, 0xff, 0xff, 0xff, 0xff, 0x80,
     0x00, 0x00, 0x00, 0x00, 0x00, 0x00, 0x00, 0x00, 0x00, 0x00, 0x00, 0x00,
     0x00, 0x00, 0x00, 0x00, 0x00, 0x00, 0x00, 0x00, 0x00, 0x00, 0x00, 0x00,
     0x00, 0x00, 0x00, 0x00, 0x00, 0x00, 0x00, 0x00, 0x00, 0x00, 0x00, 0x00,
     0x00, 0x00, 0x00, 0x00, 0x00, 0x00, 0x00, 0x00, 0x00, 0x00, 0x00, 0x00,
     0x00, 0x00, 0x00, 0x00, 0x00, 0x00, 0x00, 0x00, 0x00, 0x00, 0x00, 0x00,
     0x00, 0x00, 0x00, 0x00},
    {0x00, 0x00, 0x00, 0x00, 0x00, 0x00, 0x00, 0x00, 0x00, 0x00, 0x00, 0x00,
     0x00, 0x00, 0x00, 0x00, 0x00, 0x00, 0x00, 0x00, 0x00, 0x00, 0x00, 0x00,
     0x00, 0x00, 0x00, 0x00, 0x00, 0x00, 0x00, 0x00, 0x00, 0x00, 0x00, 0x00,
     0x00, 0x00, 0x00, 0x00, 0x00, 0x00, 0x00, 0x00, 0x00, 0x00, 0x00, 0x00,
     0x00, 0x00, 0x00, 0x00, 0x00, 0x00, 0x00, 0x00, 0x00, 0x00, 0x00, 0x00,
     0x00, 0x00, 0x00, 0x00, 0x01, 0xff, 0xff, 0xff, 0xff, 0xff, 0xff, 0xff,
     0xff, 0xff, 0xff, 0xff, 0xff, 0xff, 0xff, 0x80, 0x01, 0xff, 0xff, 0xff,
     0xff, 0xff, 0xff, 0xff, 0xff, 0xff, 0xff, 0xff, 0xff, 0xff, 0xff, 0x80,
     0x01, 0xff, 0xff, 0xff, 0xff, 0xff, 0xff, 0xff, 0xff, 0xff, 0xff, 0xff,
     0xff, 0xff, 0xff, 0x80, 0x01, 0xff, 0xff, 0xff, 0xff, 0xff, 0xff, 0xff,
     0xff, 0xff, 0xff, 0xff, 0xff, 0xff, 0xff, 0x80, 0x01, 0xff, 0xff, 0xff,
     0xff, 0xff, 0xff, 0xe0, 0x07, 0xff, 0xff, 0xff, 0xff, 0xff, 0xff, 0x80,
     0x01, 0xff, 0xff, 0xff, 0xff, 0xff, 0xfe, 0x03, 0x80, 0x7f, 0xff, 0xff,
     0xff, 0xff, 0xff, 0x80, 0x01, 0xff, 0xff, 0xff, 0xff, 0xff, 0xe0, 0xe3,
     0x8e, 0x07, 0xff, 0xff, 0xff, 0xff, 0xff, 0x80, 0x01, 0xff, 0xff, 0xff,
     0xff, 0xff, 0x9e, 0x73, 0x9c, 0xf9, 0xff, 0xff, 0xff, 0xff, 0xff, 0x80,
     0x01, 0xff, 0xff, 0xff, 0xff, 0xff, 0x7f, 0xbf, 0xfb, 0xfc, 0xff, 0xff,
     0xff, 0xff, 0xff, 0x80, 0x01, 0xff, 0xff, 0xff, 0xff, 0xfe, 0xff, 0xf7,
     0xdf, 0xfe, 0xff, 0xff, 0xff, 0xff, 0xff, 0x80, 0x01, 0xff, 0xff, 0xff,
     0xff, 0xfe, 0xc3, 0xf3, 0x9f, 0x81, 0x7f, 0xff, 0xff, 0xff, 0xff, 0x80,
     0x01, 0xff, 0xff, 0xff, 0xff, 0xfc, 0x21, 0xfb, 0xff, 0x04, 0x7f, 0xff,
     0xff, 0xff, 0xff, 0x80, 0x01, 0xff, 0xff, 0xff, 0xff, 0xfc, 0xc0, 0xff,
     0xfe, 0x02, 0x3f, 0xff, 0xff, 0xff, 0xff, 0x80, 0x01, 0xff, 0xff, 0xff,
     0xff, 0xfc, 0xb0, 0x7e, 0x7e, 0xe1, 0x3f, 0xff, 0xff, 0xff, 0xff, 0x80,
     0x01, 0xff, 0xff, 0xff, 0xff, 0xf9, 0xb8, 0x7f, 0xfc, 0xe1, 0x5f, 0xff,
     0xff, 0xff, 0xff, 0x80, 0x01, 0xff, 0xff, 0xff, 0xff, 0xf9, 0x30, 0x7f,
     0xfc, 0x41, 0x5f, 0xff, 0xff, 0xff, 0xff, 0x80, 0x01, 0xff, 0xff, 0xff,
     0xff, 0xf5, 0x00, 0x3f, 0xfc, 0x01, 0x4f, 0xff, 0xff, 0xff, 0xff, 0x80,
     0x01, 0xff, 0xff, 0xff, 0xff, 0xf5, 0x80, 0x3f, 0xfc, 0x01, 0x6f, 0xff,
     0xff, 0xff, 0xff, 0x80, 0x01, 0xff, 0xff, 0xff, 0xff, 0xe6, 0x82, 0x7f,
     0xfc, 0x0a, 0x4f, 0xff, 0xff, 0xff, 0xff, 0x80, 0x01, 0xff, 0xff, 0xff,
     0xff, 0xe2, 0x02, 0x7f, 0xfe, 0x02, 0xcf, 0xff, 0xff, 0xff, 0xff, 0x80,
     0x01, 0xff, 0xff, 0xff, 0xff, 0xe3, 0x00, 0xff, 0xff, 0x01, 0xe7, 0xff,
     0xff, 0xff, 0xff, 0x80, 0x01, 0xff, 0xff, 0xff, 0xff, 0xef, 0xc1, 0xff,
     0xff, 0xc7, 0xe7, 0xff, 0xff, 0xff, 0xff, 0x80, 0x01, 0xff, 0xff, 0xff,
     0xff, 0xec, 0x3f, 0xf7, 0xdf, 0xfc, 0x2f, 0xff, 0xff, 0xff, 0xff, 0x80,
     0x01, 0xff, 0xff, 0xff, 0xff, 0xec, 0x3f, 0xff, 0xff, 0xfc, 0x2f, 0xff,
     0xff, 0xff, 0xff, 0x80, 0x01, 0xff, 0xff, 0xff, 0xff, 0xf6, 0x7f, 0xff,
     0xff, 0xff, 0xef, 0xff, 0xff, 0xff, 0xff, 0x80, 0x01, 0xff, 0xff, 0xff,
     0xff, 0xf7, 0xff, 0xff, 0xff, 0xff, 0xdf, 0xff, 0xff, 0xff, 0xff, 0x80,
     0x01, 0xff, 0xff, 0xff, 0xff, 0xfb, 0xff, 0xf8, 0x1f, 0xff, 0xdf, 0xff,
     0xff, 0xff, 0xff, 0x80, 0x01, 0xff, 0xff, 0xff, 0xff, 0xf9, 0xff, 0xfe,
     0xff, 0xff, 0xbf, 0xff, 0xff, 0xff, 0xff, 0x80, 0x01, 0xff, 0xff, 0xff,
     0xff, 0xfc, 0xff, 0xff, 0xff, 0xfe, 0x7f, 0xff, 0xff, 0xff, 0xff, 0x80,
     0x01, 0xff, 0xff, 0xff, 0xff, 0xfe, 0x7f, 0xff, 0xff, 0xfc, 0xff, 0xff,
     0xff, 0xff, 0xff, 0x80, 0x01, 0xff, 0xff, 0xff, 0xff, 0xff, 0x9f, 0xff,
     0xff, 0xf3, 0xff, 0xff, 0xff, 0xff, 0xff, 0x80, 0x01, 0xff, 0xff, 0xff,
     0xff, 0xff, 0xe3, 0xff, 0xff, 0x8f, 0xff, 0xff, 0xff, 0xff, 0xff, 0x80,
     0x01, 0xff, 0xff, 0xff, 0xff, 0xff, 0xf8, 0x3f, 0xf8, 0x3f, 0xff, 0xff,
     0xff, 0xff, 0xff, 0x80, 0x01, 0xff, 0xff, 0xff, 0xff, 0xff, 0xff, 0xc3,
     0xe3, 0xff, 0xff, 0xff, 0xff, 0xff, 0xff, 0x80, 0x01, 0xff, 0xff, 0xff,
     0xff, 0xff, 0xff, 0xd7, 0xeb, 0xff, 0xff, 0xff, 0xff, 0xff, 0xff, 0x80,
     0x01, 0xff, 0xff, 0xff, 0xff, 0xff, 0xff, 0xaf, 0xe4, 0xff, 0xff, 0xff,
     0xff, 0xff, 0xff, 0x80, 0x01, 0xff, 0xff, 0xff, 0xff, 0xff, 0xff, 0x3f,
     0xec, 0x7f, 0xff, 0xff, 0xff, 0xff, 0xff, 0x80, 0x01, 0xff, 0xff, 0xff,
     0xff, 0xff, 0xfe, 0xf7, 0xeb, 0x7f, 0xff, 0xff, 0xff, 0xff, 0xff, 0x80,
     0x01, 0xff, 0xff, 0xff, 0xff, 0xff, 0xfd, 0x97, 0xf9, 0xbf, 0xff, 0xff,
     0xff, 0xff, 0xff, 0x80, 0x01, 0xff, 0xff, 0xff, 0xff, 0xff, 0xfd, 0x9f,
     0xfd, 0xbf, 0xc1, 0xff, 0xff, 0xff, 0xff, 0x80, 0x01, 0xff, 0xff, 0xff,
     0xff, 0xff, 0xf3, 0x5f, 0xf8, 0xcf, 0x37, 0x7f, 0xff, 0xff, 0xff, 0x80,
     0x01, 0xff, 0xff, 0xff, 0xff, 0xff, 0xf7, 0x3f, 0xfc, 0xee, 0x78, 0x3f,
     0xff, 0xff, 0xff, 0x80, 0x01, 0xff, 0xff, 0xff, 0xff, 0xff, 0xfa, 0x1f,
     0xf8, 0x79, 0x67, 0xff, 0xff, 0xff, 0xff, 0x80, 0x01, 0xff, 0xff, 0xff,
     0xff, 0xff, 0xfa, 0x5f, 0xfc, 0x45, 0xef, 0xff, 0xff, 0xff, 0xff, 0x80,
     0x01, 0xff, 0xff, 0xff, 0xff, 0xff, 0xff, 0xd7, 0xfd, 0x37, 0xdf, 0xff,
     0xff, 0xff, 0xff, 0x80, 0x01, 0xff, 0xff, 0xff, 0xff, 0xff, 0xff, 0x9f,
     0xe8, 0x5e, 0xbf, 0xff, 0xff, 0xff, 0xff, 0x80, 0x01, 0xff, 0xff, 0xff,
     0xff, 0xff, 0xff, 0xbb, 0xf7, 0xff, 0x7f, 0xff, 0xff, 0xff, 0xff, 0x80,
     0x01, 0xff, 0xff, 0xff, 0xff, 0xff, 0xff, 0xb9, 0x8e, 0x0c, 0xff, 0xff,
     0xff, 0xff, 0xff, 0x80, 0x01, 0xff, 0xff, 0xff, 0xff, 0xff, 0xff, 0xbb,
     0x76, 0xe3, 0xff, 0xff, 0xff, 0xff, 0xff, 0x80, 0x01, 0xff, 0xff, 0xff,
     0xff, 0xff, 0xff, 0xbb, 0x86, 0x0f, 0xff, 0xff, 0xff, 0xff, 0xff, 0x80,
     0x01, 0xff, 0xff, 0xff, 0xff, 0xff, 0xff, 0x9b, 0xff, 0x7f, 0xff, 0xff,
     0xff, 0xff, 0xff, 0x80, 0x01, 0xff, 0xff, 0xff, 0xff, 0xff, 0xff, 0x7b,
     0xf8, 0x7f, 0xff, 0xff, 0xff, 0xff, 0xff, 0x80, 0x01, 0xff, 0xff, 0xff,
     0xff, 0xff, 0xff, 0x87, 0xff, 0xff, 0xff, 0xff, 0xff, 0xff, 0xff, 0x80,
     0x01, 0xff, 0xff, 0xff, 0xff, 0xff, 0xff, 0xff, 0xff, 0xff, 0xff, 0xff,
     0xff, 0xff, 0xff, 0x80, 0x01, 0xff, 0xff, 0xff, 0xff, 0xff, 0xff, 0xff,
     0xff, 0xff, 0xff, 0xff, 0xff, 0xff, 0xff, 0x80, 0x01, 0xff, 0xff, 0xff,
     0xff, 0xff, 0xff, 0xff, 0xff, 0xff, 0xff, 0xff, 0xff, 0xff, 0xff, 0x80,
     0x00, 0x00, 0x00, 0x00, 0x00, 0x00, 0x00, 0x00, 0x00, 0x00, 0x00, 0x00,
     0x00, 0x00, 0x00, 0x00, 0x00, 0x00, 0x00, 0x00, 0x00, 0x00, 0x00, 0x00,
     0x00, 0x00, 0x00, 0x00, 0x00, 0x00, 0x00, 0x00, 0x00, 0x00, 0x00, 0x00,
     0x00, 0x00, 0x00, 0x00, 0x00, 0x00, 0x00, 0x00, 0x00, 0x00, 0x00, 0x00,
     0x00, 0x00, 0x00, 0x00, 0x00, 0x00, 0x00, 0x00, 0x00, 0x00, 0x00, 0x00,
     0x00, 0x00, 0x00, 0x00}};